,EAD
27394,0.0
15341,1477.956
26617,13.764
21600,12.09
11563,1503.252
26679,186.031
25827,0.0
13498,4862.443
6576,621.612
18941,501.518
21282,584.8149999999999
6455,0.0
19701,177.196
19409,334.118
2559,624.278
4927,260.524
4666,2333.184
25319,1243.534
22976,136.989
20121,1585.092
27971,848.501
5369,224.099
8278,308.543
15058,166.625
9977,3158.435
28537,295.74
16073,501.022
14557,5458.387
8079,2796.851
17643,629.703
6783,1245.177
20568,5038.74
19262,3140.796
21287,542.345
498,2.046
3046,228.594
5511,156.86
27082,3856.121
14195,3883.463
16086,745.116
21228,772.737
23163,1294.343
6933,3473.55
4566,3918.245
28372,30.628
11636,132.339
9034,645.978
22498,926.776
5636,1336.069
1047,1329.807
7986,10.23
19563,894.443
2737,20.646
3881,167.152
1605,298.034
8519,3904.078
24658,219.077
3204,-53.63
17073,811.735
21376,1713.122
24277,4497.79
21436,465.248
18903,534.75
6661,1255.376
8883,65.193
29653,1788.979
18879,5315.508
18381,8136.756
17713,7.068
29720,132.649
1312,665.26
24581,0.0
1812,3778.745
4127,374.821
11551,449.159
1906,689.347
22106,529.387
6285,138.942
20551,540.299
25539,4534.587
6663,1238.946
2743,7106.874
15450,2658.839
6578,5342.075
25649,4239.808
22460,614.11
16402,1232.095
22668,1260.739
21835,4039.858
16541,636.368
26499,355.477
11178,4587.287
20601,2144.642
14152,30.38
5456,668.484
16717,1047.056
2591,-6.82
24712,3273.91
4937,2854.573
5766,24.862
27392,627.688
14996,2005.204
19196,434.465
4811,761.515
21595,545.569
17790,179.707
8640,155.744
12850,30.69
20021,15318.34
7743,4083.32
27712,2074.179
6558,4655.735
13291,846.486
7597,88.505
21791,3446.27
14092,971.323
10171,1118.542
16282,2709.958
20350,344.503
13586,1415.925
26708,711.016
2467,5057.588
10616,348.161
5244,96.162
9537,7135.704
2167,994.542
5535,1445.375
16658,502.293
21294,23.529
4406,1577.962
13307,0.0
4923,753.827
22025,389.67
18534,134.571
1838,3611.066
8054,1042.468
8544,1073.995
5188,0.0
9715,2103.784
8130,883.376
23614,866.016
11677,24.304
22657,124.589
2715,1305.255
19943,137.206
19976,34.224
18708,384.183
5910,5304.441
12391,2417.07
2531,1133.577
20226,4331.723
117,434.899
25225,1855.846
26527,2507.683
2781,975.942
21259,171.089
24938,0.0
8599,6315.599
285,3420.726
10269,1868.618
24827,255.502
22800,3522.158
3682,1560.602
5540,3427.05
22084,5810.361
14585,57.443
12756,7769.747
3000,4741.946
24811,2050.092
23607,8387.143
25232,3670.648
10648,231.446
29297,451.887
15704,487.785
4852,369.272
9473,0.0
8061,3782.744
11003,43.834
1057,492.59
10510,142.321
8486,768.676
9471,105.245
21182,90.83
27967,140.182
4424,121.117
15406,12.896
10856,48.453
17996,9416.157
24826,1013.948
23934,1514.226
7730,1132.771
23134,0.0
6695,0.0
28339,1322.336
16168,2249.081
325,0.0
4587,2866.88
22573,101.866
22840,22.909
11389,1529.54
25015,333.405
29448,77.903
13295,2766.44
16883,1532.516
9943,507.408
29335,224.068
15853,31.806
27124,1029.727
16571,3118.321
17267,592.503
24835,0.0
1069,1013.421
27804,501.022
24300,9169.366
27692,2769.726
26131,3664.138
26957,4931.914
23435,38.502
19257,2766.316
20272,108.19
6131,929.659
20366,493.892
24003,4423.607
11208,198.152
25530,0.0
24684,1194.616
27405,9332.178
12799,2888.394
1652,6.82
29800,755.78
10972,1538.065
4597,681.411
15043,10367.237
24078,2313.84
10578,603.787
11396,634.26
15377,174.716
14867,1398.627
13617,228.253
26616,185.876
23396,6670.921
5878,771.063
21307,-206.956
25010,626.355
23331,186.558
24466,68.696
8003,82.15
5813,287.68
6925,565.533
23845,2562.801
14005,858.917
24000,1764.458
8248,7373.908
2949,2498.166
20894,0.0
29639,10.106
6024,3239.438
21056,10.075
19189,26.598
8865,0.0
28365,2219.724
5508,46.128
17975,1328.35
20249,256.897
26561,5790.118
29512,1153.448
7691,218.798
17146,5290.026
24639,1517.977
991,37.665
25318,152.892
10271,918.096
14344,785.974
16352,96.968
28974,0.0
12071,624.433
8658,168.888
12912,2907.707
24971,9096.299
24963,986.544
4146,314.185
11149,90.83
15473,89.9
2823,40.889
468,1840.532
15874,26.877
17185,37.014
585,452.693
1045,832.257
17394,237.894
26801,138.663
12095,928.636
28625,1506.352
4116,62.217
3125,2317.653
8521,3390.966
12977,10949.2
4502,42.563
10278,971.788
18083,5.363
2284,3779.365
21344,619.287
26367,3243.344
2669,1080.939
24735,2074.985
3385,159.433
22593,14.818
26532,176.142
8284,0.0
19564,27.869
16678,2748.305
4624,166.563
11654,498.759
3983,332.196
20406,5467.78
25811,1346.609
26483,18.073
10524,2562.15
19370,3782.527
21196,2508.52
22967,75.361
18828,0.0
15963,332.382
14147,24.18
10198,2248.368
11494,1305.72
13358,0.0
15617,72.23
2383,121.923
22558,5823.784
15213,1682.649
6401,1231.413
13942,213.962
1507,812.913
27885,4271.459
1926,2039.583
5811,42.315
8244,4386.81
20441,25.575
13054,552.451
24194,10.819
826,839.697
6301,3.1
11126,550.219
14847,41.478
23961,2258.35
4651,152.52
10646,832.257
1201,933.131
7242,0.0
23088,1433.223
24153,77.314
10128,181.536
3376,1518.752
9414,60.233
26336,78.523
18952,12.152
20266,1031.99
2363,2278.097
23105,73.129
20323,5995.152
23376,154.256
15621,0.0
3358,4084.963
14177,0.0
3943,24.18
9438,3929.25
6969,1670.59
15825,486.7
2656,1259.623
25156,226.362
19847,76.632
24451,36.89
23746,12.803
6056,10912.992
18060,2676.695
4601,507.532
13592,861.242
14822,469.65
13363,37.2
29677,164.982
16372,9.796
2953,1069.5
29582,1861.147
7070,25.916
29917,130.386
27437,0.0
20656,212.505
24158,2128.801
27176,39.928
13425,294.531
17606,3678.336
24385,37.138
2929,1558.339
4437,846.796
12903,2497.081
19644,561.906
22406,15.004
26479,2246.322
17380,1353.987
24845,696.632
13376,928.419
8953,0.0
7727,1010.259
13107,2782.405
6922,1868.37
5658,-0.6819999999999999
12283,548.638
24673,8261.841
19773,1899.897
11645,0.0
25861,510.167
11316,231.787
26854,4135.431
310,114.607
15316,167.121
3713,925.846
26964,2153.384
27768,605.802
20193,1866.169
11378,12.09
4187,8265.499
23302,1407.772
2444,0.0
15529,28.396
16363,57.226
8238,21.576
8409,101.246
27749,939.455
1535,84.382
13540,471.138
26706,1235.908
17970,87.637
29359,499.937
19743,4435.232
1923,4332.622
4958,6207.409
21583,225.835
11545,-1.116
1206,651.744
4813,1389.668
6055,4993.573
24974,2115.75
8645,297.538
12703,1328.536
26819,10.106
2304,0.0
22896,165.695
10126,653.232
2209,0.0
26267,2897.446
9396,10.199
28052,269.018
29450,1611.845
1787,2565.002
13548,0.0
25565,5771.053
23184,107.694
15070,7.595
6644,100.564
28400,7515.082
23489,2381.327
6101,45.663
341,183.396
4538,145.049
9439,527.217
12984,922.932
4003,400.117
22567,1125.92
13551,776.333
24075,23.839
26333,13104.103
16884,0.0
28027,365.056
25994,286.502
10661,45.384
17903,2677.501
19477,1984.031
23487,430.28
23340,11.594
2142,580.878
2228,16.151
10551,6122.314
14272,3430.894
27705,599.385
28743,36.952
18616,520.335
26255,0.0
2872,1343.943
5662,-0.031
21585,-0.6819999999999999
15731,0.0
7376,1543.025
22133,586.675
16674,618.481
23866,1822.087
24229,2827.51
28444,781.5409999999999
124,592.5649999999999
22018,2399.121
20119,3091.568
14589,1599.879
6782,2606.914
29593,1524.115
13545,29.419
9930,323.02
19724,3152.886
3211,1032.982
10197,2033.569
17567,3145.973
8781,1188.292
20100,1538.344
10958,1834.859
24932,44.33
3870,1515.435
10028,7438.853
7106,2136.768
25616,810.619
6971,2872.925
3336,1492.216
3209,6630.714
12295,252.464
27492,16827.637
26094,3101.147
23733,0.0
15208,590.984
18933,174.437
17841,1320.135
22009,5473.515
22597,4.619
5810,3338.359
1775,472.254
3872,995.689
11861,223.324
17858,817.067
16448,2921.657
10909,234.732
23276,58.156
8678,45.384
1552,291.927
16054,1634.134
14673,1384.553
2024,385.206
14797,15790.315
6360,352.749
18052,107.167
12159,1652.331
11036,3660.976
5239,1280.734
5901,825.0649999999999
8753,307.83
2549,537.571
29567,25.823
23155,8878.121
8511,260.4
17218,2275.307
20494,414.904
28676,48.763
2349,2975.907
26827,39.091
23587,5105.421
21316,43.803
29675,382.881
12055,0.0
10727,618.481
27613,26.815
24988,1038.469
7904,1483.66
27122,280.674
1819,1157.943
1731,7911.913
26997,6064.809
18222,1811.578
25286,1380.864
18414,1441.035
16531,249.705
19145,0.0
11261,0.0
27369,1776.703
4017,0.0
2468,4385.756
14446,2998.909
18430,2607.038
19111,349.587
8366,2223.072
24011,888.181
25775,0.0
7978,34.937
21615,774.349
25192,0.0
23993,379.316
28691,2090.113
27348,606.639
26548,1231.661
17482,1117.922
9166,995.348
20415,444.385
4433,10.106
29763,20.708
9695,12.09
12872,1120.774
15862,419.027
17896,439.983
329,3095.505
26728,1850.328
16419,994.635
16640,647.311
6432,120.032
3933,779.34
27056,2275.834
1929,5247.06
9601,112.034
6080,2295.147
21129,-1.612
22425,201.221
12067,187.736
6265,2708.656
11881,1142.536
12750,549.568
17085,1391.714
5040,771.435
460,4727.81
25085,892.676
20926,6381.288
14548,9403.757
27253,9.796
5855,4017.507
22829,0.0
29293,1504.554
17534,1290.189
2745,2360.402
28992,10.261
26388,331.173
2067,878.509
2502,12.369
2897,2064.569
13429,5057.65
3309,3332.717
18496,82.274
27895,753.5169999999999
10437,12.09
9214,120.032
24251,-0.031
4496,-0.279
5993,706.1179999999999
9906,1077.56
25420,1564.787
8257,5605.637
5163,124.775
23113,7837.234
7143,115.506
20380,88.319
5620,418.903
26419,398.567
21598,46.903
5217,2409.134
20593,910.718
17976,2470.917
17934,0.0
1377,10.075
29811,-8.215
8224,18008.768
11998,615.846
7884,671.77
14796,504.556
14196,89.28
27540,478.02
18198,1383.685
8137,0.0
11950,15.5
12569,1521.511
13325,351.044
19665,3186.831
2366,298.902
22375,1889.357
18423,357.151
24604,1801.813
4873,621.7669999999999
3425,1304.914
16680,404.829
7399,454.956
4657,1366.418
16731,1555.58
8545,98.146
13897,51.553
7829,75.516
26591,1457.651
18596,1395.961
18765,106.578
7324,194.215
22885,4413.067
14579,10165.458
3152,600.346
18237,933.689
14178,3588.901
26761,4122.008
3701,-1.674
8304,2094.67
8873,1632.646
28847,52.979
602,553.722
7295,317.502
230,1087.604
14645,60.233
18943,8.184
7882,5219.594
4467,11804.211
9119,0.0
27711,201.128
20147,86.149
26291,115.785
19708,1205.125
7776,1357.428
8424,74.4
23937,179.304
25891,-0.093
3567,129.208
3615,316.448
27751,792.422
15487,1633.452
27264,12.152
17075,410.223
25396,3258.162
10238,970.424
27733,1588.533
3969,116.529
4507,23.25
11000,6466.693
18499,536.114
2734,4189.154
20201,0.0
15831,1062.153
21454,11391.353
8024,403.0
6721,72.726
13939,6084.432
7807,2048.573
7218,132.029
9462,28.985
1422,3805.25
3115,758.198
3163,408.735
24334,14837.313
29530,-64.666
19091,354.516
7954,995.503
19467,178.684
22107,1937.996
16400,99.51
15443,2352.776
22284,3039.488
10041,916.422
1818,723.881
11050,167.152
25300,2188.197
1194,3101.116
11951,76.725
4582,1762.009
23161,138.88
3539,140.585
11849,142.755
6767,609.026
20965,542.407
6887,1493.084
1114,1196.817
26717,61.535
27373,37.417
20467,569.129
4673,2813.219
28936,165.943
19504,2410.498
25274,2243.873
14614,894.35
4107,1334.922
17377,0.0
15057,12510.112
6229,1282.997
5782,18.6
4979,83.39
14930,11.501
11616,4035.301
22756,8287.416
2976,2384.458
14850,288.858
8695,0.0
21356,11.842
3156,831.048
19367,565.905
18268,424.483
4511,6574.883
13503,113.584
5862,24.18
5395,7299.787
21069,11328.237
27966,128.991
22629,40.362
4884,45.973
17985,7799.414
26243,508.4
5923,47.678
25644,919.708
2955,1300.14
17664,6533.343
12251,905.944
13524,5193.709
23976,275.342
8773,0.0
28016,1512.242
15437,944.415
29569,209.002
6999,374.046
9445,484.871
14422,3963.133
25756,2420.139
22619,78.647
16978,1154.843
19827,3428.011
15724,4545.933
28666,17.546
28772,8386.368
25956,0.0
5356,2314.584
25219,1399.154
4151,1915.335
26360,3739.282
27427,538.501
16314,3680.568
11830,1019.125
17420,0.0
19654,1892.519
28462,1446.646
23103,74.338
5648,0.0
13835,1168.669
23271,0.0
5484,1041.29
15662,23.56
25643,2444.319
20367,2856.774
12670,566.68
8392,0.0
5210,0.0
5950,347.2
7950,1547.799
11789,5.177
29428,1482.73
24461,0.0
15782,418.686
9703,42.222
6195,398.505
10533,1000.153
27866,4540.415
3553,2341.43
2192,2807.98
2043,852.345
25182,3628.085
12181,1797.938
17328,3928.971
1811,586.582
28129,2931.391
4007,0.0
13633,85.467
7558,2282.437
27193,201.252
21734,1247.626
11157,139.469
6550,-3.844
6616,19.282
27647,1502.973
13296,2565.87
16116,757.299
19489,24.769
25767,12.09
15420,1429.503
19750,2854.945
2981,115.723
2106,0.0
16867,1559.207
24459,6951.564
26065,3108.711
7191,1074.77
18486,2231.783
9093,2962.019
11959,8359.832
11973,3792.664
26636,1888.055
28657,119.35
29659,7462.475
7563,642.692
4421,748.557
27532,4895.892
2097,573.686
17104,835.481
18020,6325.767
12399,4107.81
27814,5240.767
19171,1041.662
12479,4398.466
23504,5469.144
9211,5525.409
15068,1042.654
8733,48.05
4975,232.5
4426,831.234
5520,972.687
26244,1049.877
1789,3298.927
10824,33.139
26308,125.271
28431,3147.306
23931,647.063
8701,1315.64
6591,2609.456
20768,2869.825
6559,2091.694
19251,3162.217
21116,656.859
22324,-47.864
7970,0.0
6701,1863.038
7891,12.276
20359,4312.875
24921,4123.403
2917,3122.537
3635,205.065
3974,2320.784
26116,126.015
10451,23.157
4411,4244.458
20586,0.0
16070,515.809
1604,523.404
14061,27.683
2853,486.049
20078,4837.922
4732,1384.77
20735,409.758
23853,2306.803
9712,1394.07
22951,8447.717
9272,5487.527
1666,1528.145
828,94.085
4730,2216.097
21995,104.966
27598,1537.383
8432,7.626
28942,2399.214
27134,1168.979
13230,602.578
14359,-7.346999999999999
25606,441.192
26252,48.887
20205,1187.486
26263,486.824
23164,4263.895
23125,92.318
14377,74.989
18838,884.554
22078,0.0
16229,2469.522
2634,-9.3
23592,8394.056
21411,-1.426
27536,591.604
4720,427.304
21491,1253.609
28367,1746.106
20228,2474.482
21679,1182.743
2276,76.725
28806,2942.365
14683,2834.95
23030,757.485
9690,511.531
254,605.492
10789,2969.18
2516,-0.155
3750,31.31
986,4176.816
29866,521.079
10068,580.01
2044,1801.472
14098,9.3
12313,4056.908
25068,8666.949
5747,298.84
24893,6291.977
18495,146.041
7999,864.404
7801,748.092
19650,3718.481
12459,106.64
29474,571.082
8530,2143.898
20654,4550.335
7347,875.409
20557,102.61
621,10.54
20254,952.041
19545,0.0
24155,4122.07
23521,6085.424
27491,22.072
24440,1184.634
9125,542.655
23472,12.369
27764,7.688
3186,0.0
5290,1519.992
18337,319.114
4420,45.756
23076,12113.467
26921,0.0
16253,112.995
29347,16.43
19945,521.637
1676,1264.149
21141,1000.153
23946,1377.392
8235,1317.19
22343,5.208
29644,524.272
29592,56.234
17416,3944.874
10180,1290.592
15494,0.0
9465,23.064
15282,1112.094
3752,9.796
9637,1573.87
20244,2953.866
12777,260.4
5029,836.721
19166,4482.786
1329,430.342
4808,1881.7
13268,1366.759
16167,27.993
14878,160.115
10021,8.711
16027,155.0
24097,7839.311
1453,538.904
2016,2128.77
7984,0.0
26764,7951.593
1557,9.796
18174,28.613
25637,0.0
1010,5106.816
20184,4643.025
21661,241.428
1204,3308.444
16629,6093.05
6082,3855.625
15297,64.604
29486,1811.33
26982,169.074
11448,1830.953
9646,9.796
12848,236.313
11550,19274.219
23849,3864.212
20016,586.861
5066,153.016
21273,0.0
27513,1475.414
28185,112.375
8500,5.27
4893,123.163
26559,98.797
5334,830.428
7036,1234.513
7663,0.0
12096,88.722
10633,0.0
6773,0.0
8928,27.931
1154,611.909
21534,27.9
15399,1486.047
1240,4.34
9945,45.911
2119,-58.466
29457,810.619
9691,3008.24
16376,203.67
12379,0.0
11181,2100.591
2416,938.649
6707,188.635
20210,1366.356
22510,3242.693
27175,48.608
3520,1074.491
1310,815.145
9529,0.0
25960,1380.058
25457,3327.416
8689,534.657
27445,6877.505
4199,0.0
21271,230.981
6805,71.145
8008,384.524
18843,1632.212
4298,256.928
467,871.534
9951,990.357
13994,282.1
7352,595.5409999999999
12162,0.0
5841,27.435
17130,53.816
20802,510.88
27010,4026.962
15914,3134.751
13531,3042.991
29873,2009.606
8108,-0.155
28891,0.0
21225,199.95
7165,322.4
14836,3450.331
2154,2966.39
25099,4.65
20495,6280.321
29361,7985.693
3523,1682.742
8254,1974.979
22507,226.331
9334,940.23
6879,92.659
20393,3139.711
530,1071.019
27975,623.968
11408,136.927
25229,1780.795
19282,1261.111
24280,2913.225
12800,4082.514
14288,486.886
19589,4705.056
20747,541.973
159,398.474
29166,98.549
13377,4292.508
1044,503.223
17224,2157.662
12727,0.0
11444,873.084
22359,16.058
14906,4171.391
24778,1497.982
3801,8.741999999999999
25726,3935.915
26156,710.179
16651,887.468
11485,5831.286
15488,7314.047
24853,1593.4
9339,2674.277
27352,12180.086
7107,5996.764
16524,3928.475
9213,124.0
23203,4565.587
16967,918.282
15910,2544.294
20176,375.658
22960,320.23
3411,0.093
22010,9085.263
1790,86.428
26988,24.18
21042,25.42
14841,1053.504
15755,167.493
17209,3207.012
9509,1526.285
12070,48.36
5512,2127.096
18588,3842.295
10481,4180.567
9884,395.281
24733,57.412
7135,243.753
4817,1596.655
25640,684.108
13596,13162.786
21462,617.365
5307,4135.4
24645,334.769
27833,2319.234
22691,4874.719
9680,1795.675
11256,136.183
18675,287.618
10559,1111.691
23488,13.95
9149,129.58
6652,0.0
24305,4608.305
1457,-30.504
20140,95.232
6171,3547.33
2674,265.67
20309,18.941
25917,229.71
4449,584.009
21269,2577.154
26760,4740.644
14758,564.603
4698,3300.322
20137,377.115
5018,4797.343
21244,0.0
27808,2768.672
23736,402.442
16291,938.277
13005,19.592
20341,537.4159999999999
14656,459.885
3248,1423.241
8237,0.0
22471,228.718
14697,1013.235
7787,633.609
28174,38.75
9861,34.906
15434,1182.681
3650,3446.828
6624,209.219
8784,1966.051
11960,138.043
14319,15.283
26647,4517.568
500,630.664
1601,0.0
8892,1546.342
22831,3181.499
8855,1655.989
26803,9596.298
10664,0.0
3759,1428.759
14118,327.701
8345,8139.949
22871,7404.257
6800,0.0
25862,8805.673999999999
23344,809.162
5772,602.547
21330,8.525
11403,151.9
7081,0.0
28205,0.0
324,2883.899
19877,3556.94
29169,529.511
6294,779.774
24659,834.272
15442,1849.026
15606,0.0
6984,1490.821
23392,570.4
12661,0.0
4929,514.879
19014,907.215
9466,6987.896
16374,34.596
5055,595.107
11901,2429.098
17285,577.561
17746,5365.015
5943,0.0
13804,4924.164
1572,2622.259
1580,680.233
20712,439.766
25257,483.569
5196,522.319
22228,971.447
8422,4444.656
19235,82.15
10104,0.0
19930,961.713
24216,1588.254
12645,1485.489
8613,2382.877
18784,1437.625
24460,510.415
18006,3730.106
2144,5304.038
12140,1063.734
22082,1636.025
20967,2318.707
29528,288.238
17361,1446.987
6918,-0.4649999999999999
3814,0.372
9514,4.867
14980,92.721
19622,8141.251
12485,90.179
1054,41.85
19694,105.369
19575,723.757
14883,7061.707
11420,3415.022
20919,1001.641
10345,41.881
13455,1460.751
10018,2938.521
7446,0.0
4481,590.922
18856,152.427
27713,2353.892
23210,369.644
3657,473.928
11491,12.276
28033,26.195
10956,692.633
23644,361.212
5787,0.0
3856,1356.157
5701,116.095
16744,9858.682
24349,6328.867
20683,1495.595
8395,54.56
24615,3794.958
22300,4084.56
15321,4992.209
17421,44.702
8542,6.2
18319,4872.363
29726,266.414
947,1459.139
19455,139.903
14838,1231.754
13703,77.5
28408,8.184
13988,2570.582
8776,436.263
17983,1626.26
13297,12.276
289,271.281
28116,2201.186
23345,5160.663
26699,1182.061
9011,468.1
18331,86.738
27104,2178.215
12046,1307.146
19485,3341.769
2813,23.25
1241,567.827
4253,1234.761
22234,88.288
29923,132.091
18841,845.773
3512,186.527
23208,11.904
7685,2975.132
9069,256.06
19112,2048.697
28051,223.076
3202,1500.369
1703,5556.006
10409,760.306
25016,6231.403
2915,1343.54
22665,26.567
26189,238.545
13678,8.741999999999999
14280,1062.742
12803,861.676
27907,722.858
12216,2255.87
9839,2294.62
7494,948.073
24924,1926.34
17110,2418.775
9136,1440.291
19055,1489.55
11319,12.09
19986,330.987
26653,424.917
7905,2980.061
25931,73.594
29609,2412.761
21136,10697.325
9331,563.983
27160,1527.401
12921,1065.284
16502,538.625
3438,199.206
16622,326.182
1418,1494.386
9926,210.552
28816,1389.885
3439,496.682
2998,1570.801
3004,350.486
15943,225.184
4908,15.283
22706,0.0
24528,4462.357
14545,2699.356
11742,1433.688
20496,0.0
21292,123.907
12118,196.695
17675,12897.364
13550,3.131
21853,136.586
28031,1501.423
20518,1940.29
6599,684.015
18673,1882.258
27012,465.589
13974,6182.826
24573,2417.814
10919,1523.836
23404,514.972
22775,4684.813
21370,422.22
21780,831.265
27425,2490.478
4912,392.584
15162,681.132
14708,509.454
26506,2318.366
12092,4296.662
12435,73.222
8425,168.268
10115,2388.147
27771,1121.425
1869,1050.745
12047,-0.062
7668,316.665
23419,325.345
28445,1470.113
10029,5708.216
17066,2727.597
28328,203.422
5324,121.396
5366,1209.0
13542,14.973
25024,7506.092
1180,58.094
5298,182.28
25073,-0.3409999999999999
11358,225.091
28954,-8.897
18689,1823.141
27948,11.284
6979,9.641
11638,0.0
11344,435.674
12021,1898.471
8038,12.276
13773,8693.485
10904,411.401
1525,369.396
14430,842.146
9989,0.0
14410,18.6
26015,0.0
27688,1392.83
26297,37.944
5888,7281.9
16558,142.10399999999998
11628,75.361
22878,965.03
20910,24.18
21743,395.25
13673,159.433
24442,1765.481
27292,2106.078
18142,-5.208
1598,240.064
22685,-1.798
18737,358.546
24709,754.819
13437,3371.436
23970,1479.537
7991,310.744
22772,8669.77
12680,369.644
18763,2077.868
10596,209.188
14270,771.59
6339,196.478
319,-0.062
25842,4244.334
11840,6778.925
11541,756.276
18114,2833.09
1135,1848.933
27662,1416.328
27564,2169.814
25467,2169.07
5133,2282.158
19722,420.422
8655,4.154
10984,26.598
80,5122.874
17460,138.694
7118,5741.324
25888,58.404
10718,3635.525
26201,187.209
3988,2819.109
886,47.864
3897,1286.841
14592,108.159
27523,569.191
6341,145.266
9743,866.233
538,100.967
17217,2936.692
3874,40.734
7294,498.79
4615,368.683
2306,0.0
25495,294.996
10847,2302.277
20859,736.684
13133,2836.283
16844,4717.58
12868,24.18
2888,184.202
6801,783.122
13079,661.943
7550,4905.13
10565,46.438
9751,1722.577
24572,0.0
21764,1716.408
893,4264.794
18427,277.016
10183,7399.948
26691,1967.477
25551,25.327
29788,3126.722
8361,3986.073
13453,665.043
7521,5065.586
20022,3158.063
5164,261.857
13366,3981.702
27515,5391.117
13316,132.68
29216,464.659
1671,327.701
4955,460.443
28183,2949.805
21593,2237.704
13212,618.605
3934,3541.037
17820,27.59
19712,207.669
15228,1657.756
21362,1505.236
27071,2444.629
24233,2187.608
24594,7.75
14505,263.779
10635,4987.249
28314,1511.157
2476,95.79
182,1749.082
23159,-0.558
12814,27.466
29473,2051.487
11216,1962.734
21845,248.0
370,2589.678
4603,190.216
23546,639.344
23459,2831.664
13594,1463.944
17297,2273.106
18776,269.359
16566,783.184
11869,0.0
21465,18.476
55,59.055
1295,3527.831
10794,74.4
9242,39.556
12297,396.335
23648,759.81
18451,36.518
18051,80.662
128,103.757
22092,1813.531
7612,66.712
11919,4968.835
15554,94.86
22952,724.408
29321,600.253
1460,32.55
3455,449.407
8601,933.751
20060,55.18
14725,12.09
12490,4849.919
10575,372.341
5714,3092.405
12406,413.912
7532,4385.043
27048,557.969
24085,364.932
17580,3790.184
22705,58.156
28805,8612.482
22457,0.0
1029,941.594
12581,1034.842
3191,1315.547
14091,243.195
19144,1512.676
1716,4404.697
24661,19.127
8311,9318.538
13496,483.879
19811,287.866
13289,1472.562
7083,201.624
17667,1853.645
23096,3901.474
5882,571.826
983,1388.831
6002,2431.268
578,161.107
27034,18.6
17319,623.193
8076,4085.521
3922,-4.34
15870,603.105
21505,558.651
3909,12.09
7983,8.184
10005,481.089
4080,102.269
24953,509.02
24546,10.23
16271,5186.269
12030,302.157
24694,358.763
7471,303.831
20705,5490.596
22944,606.732
25147,1364.837
1309,5124.393
15533,0.0
19279,0.0
13099,3316.504
18729,792.112
21474,30.008
24315,7199.564
7156,647.063
504,0.0
4985,813.409
6719,2279.647
23979,1588.626
28512,2088.594
5606,0.0
19289,6.913
5153,12.09
3012,18.104
769,69.967
5527,3594.14
2130,1478.421
10819,0.0
28533,864.063
13720,565.905
8788,21.7
21666,444.199
8091,7463.87
6640,1458.86
1558,1181.162
11410,3154.777
15009,1065.904
7445,3531.892
12124,2141.294
10186,4.402
2049,469.588
2362,554.125
28719,77.5
4752,5874.934
5548,3097.055
3041,0.0
5808,76.074
140,0.0
26374,3356.184
10615,52.39
17616,1108.498
17942,1344.873
4329,755.966
14741,173.6
22734,37.076
2105,1517.853
25370,69.192
26410,934.743
9039,2049.348
9834,32.55
22086,76.074
15630,7862.437
22803,31.713
17098,626.944
19237,1228.809
7245,10.85
4530,163.029
25575,12.896
1909,822.244
17108,792.2669999999999
569,581.281
27791,6793.805
26012,6301.215
24810,3553.375
2032,0.0
24479,126.48
20449,2348.405
22651,0.0
3109,2523.865
3729,2548.138
15864,833.001
23171,758.787
2485,815.393
7298,236.809
11686,23.25
19970,15.5
1164,24.18
15024,3538.34
2495,30.566
25142,15.5
5371,4262.562
6868,1668.172
4947,1561.873
28104,1162.593
10144,1611.907
2867,41.695
5082,4156.263
19633,3570.146
29623,7323.378
751,2626.01
20353,350.486
14182,603.136
94,1415.088
15391,892.428
6249,44.485
6531,114.049
2680,27.9
880,152.985
548,74.493
15067,489.273
20349,1528.331
26588,594.518
9738,584.66
13690,759.5
5447,9896.533
29095,2570.024
24109,1725.336
7674,745.984
24975,6225.482
8683,115.971
4841,672.204
5287,1766.07
14146,2341.678
8973,4326.639
29821,1816.786
29692,50.189
12623,2001.391
6869,336.257
17520,530.162
25278,284.022
8272,816.168
8049,730.949
26373,4259.214
14905,6.2
16856,188.728
21047,3493.545
1193,3823.447
14041,0.0
9821,27.28
27045,804.419
1764,694.865
6256,2548.572
15514,2469.863
22860,792.794
10773,18724.589
19,0.0
2343,11554.444
4361,19.84
13145,4858.103
24195,14.911
28063,4091.876
3105,1133.05
2339,2534.994
26579,596.657
22839,30.876
15827,4851.686
10742,-89.9
18622,2601.861
12578,159.898
18284,8996.541
27244,8956.148
20632,477.648
4648,46.624
18659,36.394
14028,361.367
4982,2688.196
26299,57.846
11975,177.444
19133,172.205
25330,3972.247
14553,1479.909
6098,6760.914
6457,50.53
8405,27.28
29786,636.368
25814,1794.28
14128,0.0
7334,2095.321
2703,1459.046
11659,4489.947
22774,0.0
29547,2656.793
22174,0.0
29086,17.669999999999998
4700,0.0
20815,0.0
17895,2151.028
3314,605.74
24030,3361.485
5641,465.0
1121,619.287
22580,5205.365
10667,9949.512
2312,7339.932
2460,794.0649999999999
12311,518.692
5001,1379.748
24592,2255.994
28160,1374.044
12709,1275.681
12431,162.936
13178,294.5
6611,10.106
3965,1374.261
3711,0.0
7744,211.606
23539,2275.865
8718,67.487
3009,2664.915
5806,5962.075
15342,187.891
29956,77.5
17638,3226.573
23531,53.134
4245,1091.634
3935,53.816
23420,58.218
7351,8056.094
25397,139.872
24968,2617.547
8994,1485.241
28,20.15
8403,3623.497
3901,500.619
15102,613.366
20552,21.39
19691,749.301
147,6114.316
6207,1384.274
17769,479.353
21640,262.756
17549,0.0
17763,0.0
27397,618.481
29028,9088.394
9275,117.676
9491,4559.17
14577,0.0
24098,284.549
12854,110.98
18970,2807.825
10137,1775.122
11566,112.654
5581,1779.152
18586,3724.898
29371,277.915
18627,5882.188
17593,1224.655
28889,0.0
15648,97.34
6698,2210.61
14334,7489.104
14874,321.532
20890,2667.085
5818,2546.65
7147,872.34
360,15739.506
3982,2034.282
18204,1545.474
25508,897.977
284,6048.906
7690,415.214
27497,6.386
10681,370.698
16760,336.846
19116,495.349
4259,499.968
25533,2194.893
7613,3398.84
14762,197.532
12901,3648.111
11292,4266.034
5571,5349.577
4359,3341.242
12392,72.602
22205,2192.413
10147,38.533
2974,58.993
18005,0.0
28899,1867.564
22200,2041.722
4489,419.43
2060,9445.762
21049,0.0
23382,98.828
3396,353.462
4475,1931.176
4379,112.902
4672,8644.753
20617,1662.437
10763,969.835
17531,182.59
674,3031.707
13204,3.255
11583,3894.313
18135,2037.816
12873,832.908
19882,10805.329
22546,2152.733
22816,1456.783
13188,435.178
8844,538.594
8742,4236.15
1346,5337.704
782,2466.98
19505,737.335
4398,1045.01
21709,5502.252
20065,651.031
22915,142.693
7943,406.844
22679,441.161
3968,677.474
13486,3044.2
11703,478.578
24874,1164.515
23166,33.17
5317,358.825
14462,2689.994
25558,1088.069
24566,3072.534
14701,210.986
22844,480.407
20124,1096.439
10155,254.727
22894,0.0
16776,73.749
24784,3289.503
29375,1361.923
6083,540.764
29853,1008.678
15290,1429.317
5162,1747.563
7373,2775.678
17979,5767.891
13647,467.17
15458,0.0
28951,3098.078
11486,1235.133
26259,93.0
18055,519.281
18519,58.404
5719,410.967
2890,0.0
18218,4435.79
28190,360.685
29157,410.998
29857,2934.677
2357,3761.664
1962,2540.76
29796,0.0
8808,491.009
10636,922.963
29892,4938.982
12308,31.0
14136,3054.771
19598,1290.406
9543,588.287
14425,279.031
17430,610.917
5134,1315.485
3006,120.652
24091,0.0
7560,7409.278999999999
10569,1863.193
17770,44.733
2979,1564.229
8181,3669.408
1127,92.845
22978,-8.06
14172,0.0
6193,363.63
5539,695.826
8606,903.96
19959,-30.194
25173,516.894
2554,1241.426
24412,1593.4
12037,51.739
9121,3735.965
10151,13078.745
10841,1496.835
8359,2149.571
27544,656.952
12747,2371.345
5594,758.818
18517,47.554
5831,847.23
10940,2484.123
8958,1405.571
9944,134.013
24035,503.006
27990,884.771
23856,0.0
16332,598.145
25090,3863.406
1516,1442.368
3920,413.85
8161,674.56
21022,7762.896
23455,43.369
24796,0.0
17591,24.18
4430,479.043
5999,197.284
29324,2250.755
13713,1307.704
7041,341.93
5243,191.27
26258,4126.162
26439,12.276
12666,8970.098
22073,3473.209
25366,0.0
23485,2123.283
7826,6088.679
17065,419.802
15417,1791.025
16878,361.739
568,1098.299
26576,1280.3
28135,5802.921
23601,364.901
16386,9.796
27902,246.884
24743,3952.81
546,-2.015
14750,100.316
15298,3641.26
26335,181.505
20248,1484.745
27294,7785.184999999999
16613,947.329
17692,86.769
19876,225.587
8661,12.09
18173,4413.718
3410,163.649
12695,931.519
11207,58.032
2451,20.181
3136,3977.672
27339,613.614
3966,381.021
13150,1593.4
24598,341.93
13836,795.584
20858,142.848
27597,2605.612
12180,428.048
2448,0.0
26520,3722.17
1533,1958.704
7286,2168.047
12774,94.085
19817,3456.748
24588,953.839
2612,911.028
27652,3397.352
11429,4.65
11775,992.0
9948,2209.277
20699,5368.797
2561,4240.335
21119,274.412
10397,1425.938
18493,711.109
23138,2007.56
8379,-1.24
5086,551.645
13746,4385.26
27922,4935.665
20670,5429.774
24149,2746.879
10608,365.862
23274,831.73
12150,1136.832
11858,10.23
9196,7947.129
8861,4682.86
18826,10.726
6642,4053.777
5629,1866.975
26620,45.663
9877,1254.973
23620,9529.028
24013,227.106
21413,0.0
27724,0.0
7434,0.0
27837,9.796
1751,32.55
17679,0.0
26771,7013.564
28178,0.0
23342,91.636
10653,1003.625
876,1405.385
29332,338.272
615,673.444
4915,4064.224
15937,2079.697
19373,81.778
12417,1092.998
17951,570.896
20958,598.145
14246,1574.211
5344,3113.888
28315,9050.512
15083,93.0
189,672.793
13236,931.178
18143,3155.211
11196,5366.193
11855,2754.226
23198,3987.22
24268,646.8149999999999
24775,138.911
29489,1507.592
29719,0.0
14008,6.107
25336,565.936
27722,4046.585
13450,-0.744
25549,1856.9
19457,411.866
14233,43.4
29301,286.068
19249,0.0
20090,1218.176
25518,5562.671
8957,310.0
5647,7946.044
15312,768.025
9366,652.7669999999999
15592,0.0
2498,10474.001
5421,121.024
890,23.932
6254,99.603
22433,3816.1
23307,1950.737
11792,81.344
24587,34.1
21611,240.746
7773,1360.435
11807,258.106
21833,2535.397
16059,1255.686
25150,0.0
4584,472.347
12155,1663.832
1765,726.857
2975,1054.0
5487,5594.291
19980,62.775
17450,25.265
23308,591.542
10098,523.373
16991,910.222
22964,430.559
16101,804.295
12156,1374.85
1588,418.5
4829,5365.852
17031,944.477
27955,394.475
22098,3667.176
4487,1577.59
23572,661.54
27858,744.093
18372,879.501
8824,1330.613
22810,591.108
20407,5517.938
21455,76.353
21470,1157.075
2181,5755.987
4534,0.0
13909,1237.799
18650,838.798
1103,53.413
7481,1603.103
18953,531.774
4229,-0.124
4932,821.655
17992,821.283
23640,46.562
1339,0.0
18981,2847.164
4119,3387.029
9382,1470.113
15206,32.519
29418,184.388
13135,1576.288
26624,4505.974
19819,2869.949
7014,1335.232
27886,85.002
24800,110.98
8323,2136.861
1943,6751.8
28584,27.776
22129,101.122
13057,698.027
1839,4403.984
21239,7901.683
25892,6593.111
14209,1919.954
7599,22.382
27829,2069.188
20534,1773.417
4206,173.197
6299,395.312
22985,8002.65
221,10391.076
10489,14014.852
15269,41.633
10290,3527.676
9852,7.812
4141,1502.539
25587,1253.02
17379,101.308
15545,100.874
23545,2202.457
19441,1338.425
6245,307.458
98,580.382
2582,-6.2
20224,270.94
16289,602.826
380,2760.705
23921,487.63
1728,152.148
29266,768.149
10067,4870.317
1343,32.271
2347,311.736
948,5897.998
6618,1956.565
14523,242.513
28721,7567.193
8110,1440.601
12833,1863.069
21936,204.135
9014,1170.932
28652,1627.934
20542,323.919
18266,5806.145
6149,47.151
22216,1518.101
5044,1635.901
24798,0.0
14699,1793.164
16771,1574.335
21750,0.0
10375,467.139
5744,2401.508
25659,-1.24
13384,737.614
16682,1142.939
25151,887.84
2785,544.267
203,3326.734
21500,2880.179
15822,77.5
4679,6163.017
5989,21.576
18349,38.657
8163,5414.088
24933,0.0
23580,555.334
18217,3420.85
4132,4710.605
24256,170.004
12567,447.423
1392,1464.316
21172,466.891
22235,31.0
22162,905.045
2447,562.867
3598,6.138
18118,126.511
1031,23.684
464,0.0
25603,2821.899
16505,1188.664
979,4611.157
25393,1715.912
595,4485.018
20789,192.851
24849,75.392
20035,3254.659
20042,1213.309
17743,74.4
8975,871.658
6674,513.36
20416,1139.87
8111,4057.528
112,4205.863
7671,1174.776
22601,3994.474
13416,3710.297
4854,1609.954
26350,92.938
3714,4672.909
17233,1592.687
96,122.977
23584,349.835
26758,3231.812
2848,1533.167
7522,225.742
7827,1357.149
1842,2440.227
20532,714.581
12255,603.074
8352,5627.492
12681,29.667
8473,0.0
6124,5544.474
2226,321.191
10398,1399.743
16812,1482.792
20282,942.4
4725,58.156
15802,12.09
14102,290.873
24510,7.099
15527,-14.57
19304,1020.83
6955,252.991
16240,4471.719
28242,-27.435
7012,450.399
14059,1244.681
29891,1655.958
1621,7447.688
12812,1155.587
12446,1615.906
4609,611.754
10897,612.343
28103,22.816
28211,3184.506
16974,27.683
12466,158.255
8305,1034.656
18799,6.448
7926,235.6
1646,1140.614
16600,2280.391
26702,18.6
7018,1847.166
7935,291.524
27379,1246.169
26397,93.434
18325,526.6899999999999
5777,1427.984
11818,0.0
29087,64.17
12813,24.552
10498,766.444
14484,3248.831
9409,5980.21
12657,1518.504
17041,1188.54
4668,12517.8
6150,166.873
15271,2325.434
24429,1634.041
21392,517.824
23180,773.543
20544,914.004
1085,3367.096
19300,15.748
5784,77.5
28076,27.652
720,740.652
22199,1117.581
18416,1111.195
574,104.377
25866,406.162
24494,13.485
12472,1880.305
12518,10664.341
16538,1180.294
1284,2981.89
18370,1536.329
22231,149.947
10630,730.143
27227,858.111
16165,952.165
11963,24.118
3351,0.0
15995,2146.502
2373,1103.352
14990,1212.193
22554,13448.947
13326,16.771
4099,27.59
966,0.0
20018,118.699
20896,1574.955
1650,1145.574
8026,24.18
28099,1029.634
11521,3216.932
7280,2110.108
21026,1658.407
14654,195.083
10996,925.412
24641,3563.543
25287,478.981
23482,2668.542
16627,609.15
12031,4789.159
23740,0.0
273,348.843
12190,4257.137
466,6596.645
16489,312.418
24226,1049.908
24866,8174.235
17225,3149.29
17514,3848.557
12292,156.643
23133,5396.108
6127,2140.426
12390,22.413
9139,2176.324
17736,76.415
6030,2584.749
29799,12.09
18124,1058.309
27928,625.983
28081,57.319
9425,275.714
17027,35.65
21375,0.0
15578,1946.242
5790,360.003
10628,2501.669
11450,2470.855
19845,1586.456
23670,37.2
8250,1485.396
7085,2974.636
29146,59.923
2370,9.858
26404,77.748
24879,6064.065
21812,0.0
17959,149.451
25875,2668.356
12436,441.347
11438,1543.893
3740,1165.941
25570,2896.361
10376,982.08
13233,50.53
15541,9.796
12862,71.145
27260,6751.738
16820,534.223
29687,1302.899
13610,377.394
4997,44.33
18551,3694.983
27760,2104.807
23250,1669.877
29445,583.978
3868,738.172
22776,5331.752
28788,102.362
22614,780.704
1221,93.589
179,2414.373
13164,999.192
10211,95.232
23137,4478.911
21830,3867.343
21863,0.0
12979,2519.308
1644,1097.927
18630,328.693
14216,319.641
5272,318.773
26301,0.0
16087,12.989
11199,75.733
84,1516.179
10850,79.546
24721,785.168
12085,162.874
17562,5.983
3090,1545.226
10223,596.812
8700,2243.284
19720,1521.139
22477,5500.175
9203,57.536
17077,3459.197
25986,483.755
15490,1464.347
19406,179.769
17632,50.778
19458,1671.21
4914,0.0
23622,201.314
26381,0.0
23227,1056.015
23840,-133.796
26599,361.739
26449,1200.413
20513,1822.645
11303,322.71
22159,153.171
24012,2826.859
24655,1567.794
28826,6706.168
28122,5245.913
21395,2042.373
17526,840.689
26930,361.801
4617,2774.128
22294,528.457
8731,1240.868
20628,454.305
15601,20.088
28633,0.0
26122,10678.198
4012,605.399
7733,1415.057
22974,796.886
15267,762.755
23563,6114.161
10483,1574.366
22243,24.149
12015,454.708
7808,110.205
11045,3409.814
175,2003.127
28380,35.774
26347,5158.028
14271,32.581
9352,305.195
28196,2184.632
11722,559.922
26772,69.285
3738,818.896
25716,1420.42
13636,1518.256
5415,9257.964
23907,509.609
28683,14.074
3776,179.893
19588,77.5
9219,679.055
9080,1475.786
19470,3022.965
26875,1924.697
3958,24.18
21249,3056.228
28407,221.557
23415,68.944
13195,1609.148
9003,644.18
10173,0.0
17175,443.92
22723,526.566
7233,442.122
15438,479.911
7930,2391.309
15486,912.268
28780,496.527
22305,845.556
5951,0.0
27604,210.645
10914,7897.219
8761,433.597
16514,695.082
11272,77.5
6826,2608.123
21127,6125.6
27700,10.106
14747,5591.997
1890,1140.986
8459,1491.038
14349,3583.073
29681,346.549
1429,2498.91
11755,1469.369
512,626.913
21522,604.562
19844,843.727
19135,573.934
8496,1580.194
6253,553.288
16484,106.888
28852,0.0
17964,5876.577
1432,5876.577
2021,4788.322
584,1559.3
1589,80.197
11865,1931.889
7368,0.0
4032,886.135
20900,56.11
12372,151.342
1802,10.261
27670,245.024
8457,7798.36
12888,1565.035
22797,227.726
18946,272.955
17466,324.198
20185,279.0
13286,1128.245
29581,570.09
10810,12.4
19010,883.035
4874,5716.586
5973,459.234
19212,392.77
21024,753.207
21193,4402.031
19208,5359.466
24771,3171.858
20877,217.465
27096,4750.626
15809,0.0
15746,435.023
10168,0.0
20166,82.77
15969,734.855
4131,156.364
26896,9556.494
11254,1588.564
10045,2028.299
13670,600.036
27498,115.227
1574,0.0
21910,4062.271
28137,860.684
8849,3559.265
13938,3151.398
25829,39.959
15713,880.679
27717,205.592
29167,293.167
1593,478.392
14392,12.09
25958,2385.202
26724,66.991
18770,1281.974
8441,725.679
11023,533.076
13735,77.407
19728,5.704
27777,7351.805
13050,83.824
3834,434.403
9024,2379.312
27518,543.709
20991,1441.779
29618,1676.79
26194,26.66
12129,1282.067
3420,90.892
22581,546.561
26066,72.602
7409,-31.0
27290,2268.301
956,675.18
15351,0.0
10095,0.0
768,4.898
13104,5693.243
1985,1513.203
14985,1519.868
8719,234.701
8182,2095.91
20998,4529.999
628,912.454
18667,1146.008
26260,252.464
4123,1369.983
2798,1479.63
17813,1866.2
26084,3305.933
21263,3422.586
24957,1231.382
20999,1512.583
25098,2903.956
21312,1573.467
16065,3281.381
11976,3236.245
27167,77.5
29241,5517.938
6612,3285.721
17056,1520.612
12919,11.253
14111,3531.768
19833,677.319
28571,216.411
5544,690.68
18203,4276.915
11857,0.0
25874,11190.876
15992,799.211
19647,6800.966
2657,2557.655
27553,3077.029
4504,1034.904
19003,5759.428
27612,467.201
10915,1118.511
13096,839.48
13848,0.0
13381,79.546
3446,48.081
18408,0.0
17016,835.543
13723,783.897
29008,5994.005
19838,487.227
9707,0.0
10351,360.716
27745,91.326
10393,6364.61
27667,280.24
18248,50.685
9259,532.921
442,0.0
18341,2.139
8374,760.244
16281,918.592
17136,186.961
6851,-6.572
7518,545.941
16783,4204.654
4612,381.393
29521,714.705
16475,614.42
25267,2671.952
5887,109.12
25002,1120.247
17121,3292.262
27139,223.727
20928,3924.352
25849,128.96
3305,0.0
1918,1079.389
12182,101.99
2184,658.936
16758,1187.021
13660,3089.46
19996,121.861
11268,1266.381
1635,1445.778
15758,824.011
21397,12.09
8554,9.796
11845,-1.767
3050,12629.369
25350,440.262
2610,296.856
10073,113.46
11166,573.345
21359,694.803
9410,3391.369
23314,265.391
15237,4615.28
4537,10.106
6813,430.745
16185,0.0
25361,1126.168
26041,42.873
21156,153.45
25780,2239.037
27285,86.769
28221,654.968
23688,7130.806
27794,909.509
21213,149.575
22118,2846.73
18374,360.499
5723,13.919
26703,2412.978
27732,578.243
26117,89.807
8603,2427.734
29279,2733.208
27610,0.0
19071,72.664
6653,538.408
25755,0.0
2679,2659.18
14664,99.665
21755,162.657
9878,7.161
99,557.163
28511,125.674
24204,2249.856
7044,9752.817
8916,1644.085
23412,897.078
29451,104.78
9194,14579.827
17611,335.761
21025,487.227
29272,1555.704
13488,771.497
6941,48.112
19713,4927.202
4938,625.58
29514,6392.169
23899,1409.198
6515,3.72
12881,358.732
26103,674.87
1289,3363.221
22782,376.216
25434,8708.303
12294,1431.146
2096,1428.976
14671,1482.203
23579,1059.766
24342,90.365
5677,0.0
1984,1207.357
18463,4677.466
18885,3348.558
28888,1068.973
2688,0.0
138,23.312
4028,10.106
22813,3126.319
13536,0.0
28053,2498.693
25011,518.754
22265,858.855
5921,194.773
26943,402.628
4920,37.789
12367,358.143
755,3415.053
25375,533.5409999999999
10079,1075.824
4776,0.0
14149,481.306
2560,4359.189
24710,448.26
8580,1703.667
27342,749.58
3323,4047.515
27092,7036.628
14500,889.266
29818,75.795
6898,124.0
17750,779.898
6350,-0.248
12261,3407.644
20675,409.2
3338,1306.371
21716,138.22899999999998
26228,61.411
13630,5922.829
10259,0.0
17475,553.97
26223,2168.202
7596,192.448
5538,534.099
26574,0.0
24183,3871.776
20395,167.927
26443,1273.728
2382,689.006
11284,7.657
25943,2030.593
20978,5515.427
18950,44.733
7103,8.99
8357,215.016
29027,866.884
19822,3637.478
5236,1654.439
26208,3537.007
1862,12627.261
24770,12.09
23095,925.381
10754,82.398
16011,0.0
12101,93.279
17584,30.256
14815,436.511
3798,0.0
1886,4995.929
20979,1251.036
7074,5612.488
24388,12.09
7158,2788.357
26874,0.0
17911,752.122
26104,0.0
14032,570.71
29485,3608.369
26893,1525.386
2608,2118.168
5221,2717.863
23868,37.2
14890,1581.744
19966,47.523
14240,30.783
29207,494.14
3763,99.076
19190,538.532
28413,1981.148
18900,1409.632
20435,5096.648
759,970.889
1148,4631.059
8391,12.09
27249,1832.534
652,624.247
4492,0.0
12650,3682.831
27341,1418.839
9023,2201.527
21150,3502.597
12768,12.865
23662,6.51
24064,773.202
15334,166.191
15597,574.275
28710,128.495
23390,0.0
14402,569.811
6218,794.251
18371,718.735
6646,1469.524
21131,8483.181
12474,1289.166
17120,496.124
28079,23.064
27091,0.0
27086,350.3
412,0.0
14807,4053.715
29090,2749.08
10878,0.0
20146,627.285
29007,122.233
11720,4083.444
23529,1508.181
14400,137.733
13444,1255.066
23437,109.306
15581,-0.372
4281,892.924
22303,823.019
5567,2547.084
1171,39.122
14000,2359.658
17045,790.1899999999999
6409,4088.745
1924,6859.308
5426,544.515
25311,51.026
610,1369.487
1771,1029.107
25170,1168.545
449,2985.424
7512,0.0
23903,12171.809
21181,4656.231
2934,693.842
13741,330.243
8847,1543.583
20851,1102.236
22971,2142.069
27396,5332.372
4726,179.8
1564,2905.878
16349,73.718
3210,0.0
10033,5405.811
6709,830.025
6557,0.0
28833,2573.0
3366,9.796
12847,2100.653
9317,10618.988
17571,19.313
60,708.288
21949,50.003
19165,1473.027
13447,2918.743
11183,282.41
26748,8748.882
984,1545.66
8590,127.689
13658,1699.079
9493,3905.845
1619,1972.406
22449,295.058
20337,0.0
29484,3127.714
12187,60.326
29372,3586.638
5274,1813.531
22293,219.325
14947,532.115
19784,107.353
27126,-2.945
11431,620.837
27335,908.548
6896,157.17
17809,1051.551
4142,883.81
14945,479.756
4701,13513.644
11709,1677.906
6589,1488.775
9836,825.313
3755,568.478
8985,1208.566
6399,456.32
24833,1549.566
22046,74.4
28281,2702.611
11288,273.73
21382,11.625
11992,565.161
24188,801.536
26466,896.954
26899,5202.885
14060,203.794
18539,22.227
29409,3674.523
16869,236.902
23617,3730.633
13521,4.34
23939,390.259
14249,2319.358
17399,828.9399999999999
28735,4189.092
7578,4142.871
3558,5.115
17472,714.333
13639,10.23
20996,4084.622
25629,511.81
16333,3379.713
480,1392.83
14155,295.275
3271,1510.475
10846,2355.442
23593,0.0
10964,1106.545
25086,4078.05
7124,271.87
9312,6193.862
5774,1563.671
19382,162.564
23945,535.866
356,4380.765
25974,5159.268
8011,6400.663
19229,867.07
12488,76.477
21297,54.932
23649,108.035
24055,2.263
3638,3293.099
4571,166.09799999999998
6490,-3.627
12238,1436.447
479,0.0
8151,653.108
6411,0.0
4660,835.636
16779,79.019
3866,50.778
29793,5128.671
29476,3303.856
19539,19.964
22953,6132.11
17876,1219.695
20195,159.371
5718,77.5
24518,662.594
28797,1977.18
11678,7362.965
26137,-51.181
26399,630.106
24464,883.438
29387,25.42
25650,85.839
29946,1198.801
12049,1880.832
13175,210.273
18207,144.894
16454,1564.539
20319,931.488
17381,41.044
21260,918.468
7924,57.846
5140,1942.212
8923,180.823
2834,1343.323
10710,96.069
28361,889.483
9925,661.292
12185,1723.445
29328,5.766
4010,1483.784
27128,10.726
27098,2179.827
16797,2710.361
23265,1560.137
9123,1069.066
29688,5402.494
28278,2055.331
24568,2079.015
14321,346.084
2356,1570.677
16474,2765.107
11922,298.282
28562,1825.869
2668,544.36
21067,264.027
8021,3298.71
24638,0.0
515,2922.215
27548,1479.382
27216,914.252
23509,905.262
27094,296.112
27262,6257.784
1382,3357.796
222,9040.189
4949,747.782
23476,-0.93
19209,0.0
13987,2.852
28798,3238.26
29879,1873.175
12,376.247
3348,-27.807
3051,-4.216
2676,0.0
8056,1589.091
17348,100.936
9538,15.345
11104,99.634
10454,9.517
10689,343.015
6931,2818.83
10560,481.151
840,2458.858
857,1565.035
28077,929.876
29070,0.0
12644,7130.434
13336,12.09
11940,175.398
21811,357.616
12963,8887.886
25072,1622.292
22067,1738.263
1314,248.434
488,12.276
2111,1093.308
25925,1439.547
22440,1620.122
22617,1474.639
11357,2526.841
23812,5017.598
7644,312.666
9905,3116.554
22718,7314.791
12312,53.661
21135,586.644
20801,34.565
8798,23.033
4173,960.876
16631,10.106
4792,595.975
15996,489.397
928,332.847
8208,2660.358
9513,590.395
22539,804.016
20397,1885.699
8022,3988.801
10692,4191.386
16914,2508.706
16395,0.0
3764,558.341
19244,656.177
3143,110.639
8007,4717.022
19085,2230.915
5541,0.0
16763,70.804
27600,11.966
2337,152.334
21475,12.09
21157,654.317
17702,11748.411
993,8675.226
1335,1939.112
14488,2139.341
17320,824.507
6843,2856.154
22140,11.16
27062,24.18
5037,0.0
26006,79.081
6037,74.4
23763,815.362
19830,5977.451
902,5216.866
17868,819.547
5012,0.0
21302,8705.079
17205,573.407
2877,3148.639
5510,77.5
10717,155.0
27499,935.704
29050,0.0
12146,56.513
3704,0.0
11585,12.369
16036,1255.438
20411,161.572
5161,2660.234
11574,1266.226
7703,9117.1
5048,1414.499
5235,166.749
16457,545.135
29890,3032.606
24446,483.135
22961,6313.367
10842,153.915
19012,6484.456
14724,320.633
10141,331.824
21722,1396.519
9823,24.087
28677,2281.972
26682,4253.324
19938,0.0
14151,166.935
7802,3845.984
10547,535.153
14145,153.946
11629,1506.693
17352,10469.723
20886,67.766
21930,1640.985
24328,1562.989
18703,1166.716
16616,1486.636
23724,731.755
28231,563.022
19061,5424.101
25818,1160.206
20525,842.549
16051,1572.878
1921,8.184
14499,445.191
8420,224.44
20718,12.09
1203,77.996
12949,5603.715
9660,1739.689
26020,235.197
19273,50.716
14567,3251.001
20506,1113.892
1554,1372.618
5325,1165.848
9953,278.535
10532,6714.321
2600,1206.644
29668,1875.841
21887,0.0
8170,114.762
6970,396.583
23002,127.906
22836,4755.772
11422,77.5
21599,17.949
11086,1865.673
27489,88.629
27024,5812.097
23438,0.0
7271,864.652
11418,219.077
6009,0.0
10644,81.654
25419,24.18
9370,62.0
2977,10.075
1975,2793.658
24319,3170.432
29100,27.28
9741,3211.631
14150,2.79
2037,161.448
12662,0.0
6506,1009.422
7177,583.575
16724,214.706
22168,685.72
24189,306.404
7629,1875.655
2626,0.0
5637,2589.151
17228,493.675
19618,37.665
268,1081.001
28902,0.0
18322,213.9
6134,19.561
9809,1470.578
6464,8727.864
26841,2.263
26769,765.359
13220,7087.809
14988,1385.297
18699,720.595
18363,1314.679
51,1908.329
8513,4027.365
7013,615.195
9787,3217.552
5026,0.0
10284,2992.058
8908,1651.06
20491,2823.852
17851,600.3149999999999
681,0.0
19042,1575.854
24753,341.837
17760,3001.451
16198,329.84
23446,1420.482
25611,1211.232
5080,122.884
3015,560.883
24954,9095.462
27539,0.0
8726,-0.155
25078,66.092
12604,2335.695
3214,1042.809
28750,1864.061
5692,30.38
3368,276.458
14907,2781.909
15750,1798.992
3354,11258.921
2300,68.572
28732,12.989
21869,1613.829
25921,31.279
29307,16.833
17332,1282.749
16749,1536.763
19255,90.551
28102,0.0
5835,74.4
19542,6450.108
14625,4762.22
7511,0.0
536,10253.529
25003,2463.291
29895,192.696
2329,6189.801
25865,424.7
4001,6196.621
24552,2878.691
28013,337.466
23924,645.203
29389,1473.523
8866,1601.212
9022,320.788
10378,22.537
23517,286.843
25967,6621.011
27334,5749.601
23245,6599.373
9912,1351.941
17139,2655.646
16725,707.792
6544,376.526
17953,195.703
11788,986.575
5730,803.799
21976,1324.103
1882,1015.405
747,8705.513
8649,241.831
10274,1816.693
15919,1603.754
23351,2827.944
4887,2103.784
17235,578.646
18187,13929.416
24303,1021.791
2458,1151.247
18779,2568.133
5729,0.0
12136,86.645
28492,223.665
9175,4265.135
6321,401.109
27668,844.192
15599,0.0
13831,6.82
22577,0.0
23900,134.292
12728,28.52
13477,973.4
13869,12.276
23004,10942.566
29468,59.52
3971,266.662
26188,1132.647
9198,2357.178
16921,298.747
11294,1.674
24471,-31.0
9044,0.0
27467,125.302
7089,9714.873
22968,7349.046
5057,21.576
17980,824.445
29138,270.785
2919,1533.446
20056,37.851
6099,800.079
23943,545.941
6479,84.971
20906,-63.364
7996,1287.957
28990,179.769
22052,3453.028
29941,1623.098
5385,67.115
24502,4492.024
11904,0.0
1977,37.2
16998,496.837
24761,284.859
270,2170.093
22763,289.23
29534,1486.853
28778,25.792
15054,29.667
972,314.929
11533,1514.35
4271,0.0
29902,436.325
19605,1487.783
24186,503.812
15643,10.106
5306,1614.015
14756,1500.865
24259,4395.335
7457,49.724
21456,261.392
27274,1727.971
15964,579.824
17497,0.0
562,19.561
16037,2105.83
8694,1016.242
28944,2368.958
9404,186.713
19149,7928.281
3637,4108.771
15953,974.206
18075,4337.954
19685,3500.923
401,1280.982
23427,0.0
19704,3285.349
20744,467.17
16645,2667.767
11949,3703.446
7335,5210.108
17873,694.369
14355,433.969
10864,237.987
4039,-0.248
10307,691.92
13025,2625.111
23328,0.0
842,0.0
24227,815.61
22490,966.208
20365,1527.556
18721,821.779
23399,-45.694
28309,260.803
2548,1378.57
13402,2895.741
21675,0.0
4989,7646.429
2875,1395.434
14379,1419.893
10408,563.146
15124,444.292
23322,2730.883
13065,764.894
29140,302.56
25750,8437.89
4036,96.534
24628,0.0
18062,1530.966
12428,228.47
13840,2.945
12706,0.0
24449,162.13
4471,3290.34
14097,581.25
26585,316.448
19005,26.846
12563,31.806
17341,52.328
12883,4178.707
19595,0.0
13237,6446.946
2471,1935.237
25728,527.124
23475,1129.454
10706,566.835
13814,39.68
10647,16.461
17179,290.873
21826,363.94
16532,1540.204
29573,113.584
14055,40.796
12427,5.27
21396,277.109
24073,52.917
11161,479.415
22543,7629.131
25935,4700.22
290,27.838
28662,1833.433
19788,53.196
7207,8.153
28650,242.048
6626,2222.948
2993,241.397
29541,1458.488
6440,3352.929
4453,269.049
25371,2254.692
14169,13.702
1230,1575.854
11696,-0.31
12236,1306.092
18723,1553.72
4135,949.437
26181,1131.097
9038,1595.415
25189,348.595
5304,11745.466
12537,361.615
13103,141.143
23667,853.275
19176,840.751
26902,1995.532
24318,34.41
7754,540.609
4290,9.796
27301,4016.484
20634,779.557
23092,331.855
26552,192.293
8342,429.908
16727,2698.085
1528,-8.804
16107,3101.55
3504,948.135
27506,1535.833
6581,2768.176
3505,259.005
25004,267.809
8015,945.128
9376,2416.109
20270,0.0
22145,1548.729
19897,1363.69
24651,2043.737
12584,134.509
12926,1594.609
347,1459.511
1611,374.79
15073,3022.81
2230,3.503
1111,106.144
6290,72.106
16439,462.179
407,15718.922
5892,28.117
29009,18020.889
17178,3144.175
7656,1500.586
27761,102.362
20530,1040.577
28258,575.918
5461,138.601
16222,0.0
9257,806.0
15219,2645.602
6606,918.995
25109,10.509
28506,0.0
4067,32.24
376,636.058
17273,5708.123
3587,448.632
9299,3228.464
7028,1635.374
3134,2986.943
21394,1304.666
6764,219.046
539,2871.778
11035,3292.293
21690,163.153
22863,1556.262
11669,83.886
7261,0.0
17449,4359.406
27439,-331.142
29224,602.578
15122,1341.866
23056,442.649
19335,1235.629
10003,458.49
25163,813.533
19645,85.343
23153,786.129
4994,213.652
11156,94.86
19946,320.044
20905,7242.126999999999
18676,1942.615
10988,6104.861
12541,67.084
18617,133.331
10335,763.995
17715,1384.584
3646,199.733
24995,24.18
2969,2384.427
2387,290.191
17856,144.46
11516,1303.24
22649,2309.5
18326,606.608
19083,1258.476
5670,-61.101
9949,61.721
16384,2972.683
16643,143.034
19931,865.458
19332,466.333
9188,77.345
14746,63.085
7478,-18.786
12930,18.104
23992,557.876
20003,104.656
1200,3357.3
12827,350.858
19032,200.88
23871,2628.087
11341,4755.152
23610,5213.549
19041,949.84
5409,0.0
13526,1072.042
22867,449.996
4366,1542.932
734,1430.092
21053,1949.776
15579,947.391
15408,4152.574
1791,577.53
3869,0.0
20627,12.09
24175,2076.845
1861,255.967
3476,4450.608
7273,845.37
61,2194.8
16935,900.86
14565,44.609
22841,387.903
21802,118.172
9394,1390.319
8918,2116.122
16462,1248.308
14902,2058.214
17887,1635.343
19749,1578.892
25273,1576.04
13666,443.92
22758,2607.1
14103,43.059
25911,1275.65
20405,1533.198
28388,898.752
819,476.78
13892,587.481
24099,94.333
3734,591.263
27676,791.43
12246,880.896
25631,0.0
13957,50.406
10138,0.0
27436,8090.721
29594,3304.972
14843,161.045
7902,745.333
725,221.309
2904,999.316
10501,923.335
27356,1616.96
20883,2174.402
16565,8.184
15116,642.537
21441,220.038
22889,3548.88
23759,560.604
27940,2466.763
16118,332.413
2449,856.561
13433,25.916
23193,919.057
18914,8444.369
28069,50.778
14830,124.496
2050,1690.399
19018,1466.393
5455,3439.326
4334,10.106
3364,0.0
14365,1356.343
23618,1656.547
14666,2245.95
17282,-0.496
15343,0.0
7689,515.995
12408,0.0
9431,762.941
18100,0.0
23361,4774.899
29366,-2.263
5911,2924.757
333,0.0
20263,1519.992
1058,627.905
10078,9061.362
17509,518.785
20829,0.0
29921,73.904
18184,1004.214
12341,4110.166
26422,2786.931
16269,0.0
8356,710.396
16042,2410.715
8501,570.276
22699,1031.618
17061,5438.485
11204,4179.916
22474,499.937
10951,7849.107
1699,67.146
10162,1601.522
26661,1883.56
10023,265.701
10968,664.857
6241,8731.553
6007,0.0
17371,12.896
21332,6131.552
18989,28.024
23902,521.73
9240,25.823
11179,1262.785
22130,0.0
1568,0.0
22318,2178.742
7938,937.006
312,338.954
19077,161.789
1244,244.187
29718,1565.872
27148,10.106
29362,4868.581
29467,147.87
3619,102.269
14501,243.009
11145,2369.64
16421,331.142
4745,-0.62
21713,147.095
519,2909.164
10090,891.2189999999999
2842,3378.783
8037,4731.53
16012,2453.898
28700,3859.283
15955,804.512
27824,2226.792
5261,954.211
3402,0.0
22467,201.872
12690,786.346
8172,976.717
16904,2438.181
12521,418.624
27229,1255.779
14286,17.05
21944,578.894
6597,1933.811
5630,3131.713
21380,-8.711
2693,990.636
28216,756.741
17000,214.396
3658,1659.802
5429,4367.311
25645,-2.294
26481,3678.956
6244,0.0
146,597.3389999999999
18739,71.858
16986,12.09
17067,279.93
15869,112.344
3979,2222.762
13725,52.514
5297,-0.248
29259,663.493
7942,0.0
15923,891.746
3739,2771.958
20437,3055.98
25488,2529.631
11205,3900.544
11154,251.875
25933,4447.818
14263,877.021
26472,205.747
3534,494.512
27000,118.823
27566,1546.745
29882,983.444
21935,36.704
25435,109.275
12961,218.891
6501,33.635
13049,818.834
896,2870.91
9046,776.24
15805,3551.236
27354,1100.128
4665,1435.517
19283,0.0
26608,174.902
23713,1797.194
10932,1747.78
24484,544.918
2661,143.344
5736,282.906
15586,1015.498
17422,11315.713
26762,118.11
6519,1432.262
17607,12.71
14677,12.09
13354,1538.902
15114,9.796
26485,45.043
8495,814.122
9826,524.458
4346,0.0
5757,5612.395
14849,24.18
4953,4977.98
12805,4001.914
22482,498.914
21139,5299.543
17966,957.652
6766,354.795
15976,233.461
14228,2231.721
9456,1541.692
9091,482.112
12923,917.445
25031,153.667
3225,3611.407
26246,136.152
26211,1491.565
21039,3079.54
27328,-2.914
19548,100.781
5184,1190.245
9144,274.04
21492,316.51
24364,-1.457
19348,3520.67
22958,670.778
18935,10.106
21357,13877.77
21882,464.907
23207,1367.565
6309,8182.233
6761,2669.596
29939,338.024
2509,967.262
6322,19.716
2660,1041.259
11121,854.701
1954,628.432
12452,3855.222
16624,410.099
19089,357.957
8650,1027.154
7815,4439.2
21443,867.6899999999999
18076,4699.414
10371,9.796
13996,55.242
23816,12.09
6874,1995.098
3691,0.0
9776,19.592
29579,12.09
6481,1434.587
18400,425.878
8976,3182.026
739,537.23
2985,51.119
6288,2688.103
18929,385.02
23719,2483.286
4227,326.895
8697,4700.53
19635,372.0
13924,475.695
19210,2925.563
5673,0.0
24384,111.011
17828,45.663
19413,1589.587
44,586.737
20225,610.111
26206,731.941
9286,3295.238
2317,-6.2
229,593.774
16075,38.719
2041,0.0
16819,3702.64
24687,1730.761
11065,1760.459
3789,37.107
27190,273.451
12806,12.276
3972,42.16
22152,2342.484
1709,79.112
29926,0.0
6658,196.757
25029,467.79
29520,39.37
6920,1416.111
20450,305.691
21352,212.474
24526,2474.978
17830,2663.334
26277,121.799
9658,521.761
11360,0.0
27399,1010.476
13400,240.684
11816,14278.879
8157,4706.389
29212,0.0
6541,12.276
18560,0.0
16973,7236.671
24759,2334.114
15986,16.678
3099,573.097
23697,2739.253
1191,18.104
14685,369.396
24375,32.55
10444,294.159
4858,2718.855
18339,12.09
11913,0.0
29478,0.0
16561,1482.172
11099,-0.62
10048,0.0
5849,1938.43
25092,0.031
29226,1008.616
29304,66.774
7855,830.7379999999999
9747,2155.523
22674,7880.789
1777,1273.914
134,882.012
5681,576.569
7421,6447.287
11690,45.663
17318,459.854
5857,0.0
17053,219.914
9771,870.387
28086,3553.034
28808,835.45
8790,1597.895
8087,2609.828
10135,588.225
24809,564.355
1585,2291.024
24108,25.823
1581,581.808
26669,528.798
27177,3784.604
2818,0.0
18197,0.0
22798,77.5
26076,363.165
3767,0.0
22666,68.076
21880,1147.155
6480,5556.688
10506,2458.238
13824,1799.643
119,1557.874
14640,4853.298
7456,2841.336
18050,0.0
20059,113.584
9625,3594.047
21507,0.0
11054,967.758
20784,6610.316
2770,3486.26
11657,1336.038
26835,245.024
307,0.0
5896,33.418
1156,118.42
2177,916.608
8770,418.128
19270,1073.84
6978,241.645
10122,2095.972
23663,85.901
667,777.418
8354,0.0
9190,319.796
25904,303.087
1749,2451.232
26757,1609.613
16593,7.068
13565,18.476
27800,5348.213
3218,1033.23
18782,86.831
18738,6523.547
2675,3896.762
18063,1373.61
21557,1089.278
21480,0.0
29700,93.496
15001,2241.982
22851,4978.476
95,2595.475
22846,12.09
10997,1923.922
12978,2967.196
3019,578.429
27635,1474.329
18714,1430.309
7853,12.896
14502,33.759
26556,1105.863
8647,194.649
6862,4499.433
12174,72.354
23698,2613.3
8211,518.568
10358,-9.145
20603,4922.738
28600,287.866
10949,69.037
13306,0.0
15080,4860.025
21951,177.72299999999998
24049,2414.931
23773,592.937
27470,1490.976
12114,1303.705
24202,1308.138
26128,4629.881
28675,44.981
5201,409.2
5468,745.55
4694,464.349
14761,23.746
25778,1566.151
6017,1341.432
9345,13.919
2918,10983.424
23176,2268.146
15483,4969.393
28284,685.441
24647,188.201
26324,23.467
23928,454.615
20157,1324.351
27065,508.989
21167,2099.63
29039,1339.51
14896,2395.153
13719,751.13
19368,19.406
28115,0.0
12621,3501.543
22540,0.0
13802,343.604
18448,2766.44
14953,1535.368
18874,-0.279
4484,824.197
18421,10.23
29737,74.4
21954,828.785
7109,998.665
29626,1372.37
27442,27.838
15702,260.927
20475,3636.393
14434,19.809
24398,191.518
2854,1582.798
17550,86.056
17051,595.2
2594,284.766
4810,908.951
13998,24.18
14910,236.809
19234,126.666
764,7467.218
21487,92.318
13386,1249.641
28592,1305.844
4025,39.277
9062,862.296
23296,6656.041
26292,3078.362
25944,0.0
2221,14247.6
331,296.329
11386,78.616
21644,1787.894
28663,4.34
16394,33.046
25927,12.028
6779,871.286
19101,276.21
9158,811.487
15032,122.388
5601,4428.226
18111,6800.656
14839,3616.026
16660,23.932
13002,3585.832
23578,82.67699999999999
10013,1389.978
2042,882.167
7267,1748.772
23232,2733.456
25439,2161.475
16553,2546.65
9981,204.569
10511,3267.896
5860,337.094
27982,2070.955
9802,13.671
13333,2227.536
20786,680.822
24556,0.0
22990,7015.889
3086,12.4
5387,2331.293
9570,624.278
21086,0.0
24051,637.577
3232,959.574
24374,0.0
23202,73.966
13420,1324.227
22766,411.618
29318,1523.309
23625,3330.175
4731,34.782
26029,4186.054
14621,311.054
11400,6436.437
29495,439.766
2099,4200.159
24813,12.276
9163,2122.756
15092,47.74
28846,5156.075
8608,63.612
21555,946.275
12267,1032.703
24241,7360.175
19950,14.477
10222,1389.947
26534,1388.428
7216,217.992
18744,4689.37
24355,2829.959
8075,3258.255
23919,465.0
10777,1669.133
16126,696.353
23755,787.896
21742,33.387
4869,1495.347
10571,2105.086
27028,713.837
19118,43.586
3944,-2.263
10219,3448.719
24036,955.73
4344,2436.352
28218,139.81
11057,6904.847
12938,86.8
6051,0.0
15756,1089.898
4692,2419.178
22048,20.181
1467,33.511
5370,572.415
5489,2983.254
22670,3711.165
13409,463.419
28820,77.5
15340,15.035
25062,7170.3
5114,635.531
17847,2384.365
6019,34.627
22811,1538.344
25344,1263.684
7748,122.357
4832,697.252
29492,21.08
3133,390.445
20082,563.332
24503,7405.961999999999
24433,633.95
20477,3537.937
28996,5163.763
20667,1100.128
18477,192.913
10450,27.652
7377,25.017
27319,2022.006
10066,26.195
1680,1201.126
4495,6.913
14279,5581.736
13776,244.28
9374,680.698
13446,896.923
22995,5596.027
15999,173.073
144,37.169
20941,8536.377
2773,4998.006
12856,404.333
7221,2419.178
27402,546.003
17956,1409.229
20885,7.75
14615,3517.57
3484,1393.791
19782,484.313
9784,141.143
7469,638.1659999999999
6194,2482.728
13004,1083.419
7493,0.0
22675,4224.184
19637,2789.628
9073,1502.911
11887,1743.068
23842,3.751
12403,447.392
1249,74.4
22214,1129.609
29734,7605.478
29770,2755.993
10281,654.472
5039,8450.228
10936,4587.194
12522,130.076
25824,35.495
17160,59.334
16234,1090.673
12742,167.803
10902,7188.497
12688,377.983
946,6792.069
13274,1875.221
16849,355.601
484,77.221
18425,1461.96
21903,7453.268
22161,1079.389
478,18.6
2107,1827.233
13501,569.935
22710,35.96
18433,1308.417
24917,3944.347
10654,131.44
148,284.208
12723,967.758
23522,195.455
3570,5620.145
12649,1825.125
5738,525.543
12857,956.195
7136,2915.736
318,1504.182
11201,3032.792
9591,4314.704
24274,2513.17
6443,294.717
11543,0.0
17617,426.808
5814,0.0
21354,5.27
11083,10201.976
20424,4573.43
17792,492.032
24454,851.415
16477,32.55
20778,1833.836
26912,248.868
3454,852.996
16827,0.0
21154,5520.139
5917,190.526
13643,22.537
6418,4147.459
6915,1198.46
29072,9105.227
10370,227.695
21187,5360.985
21834,1451.885
6732,859.599
1351,241.521
9255,1724.313
19102,2902.313
6802,3026.034
28480,6791.511
729,16.926
16428,45.663
2966,77.066
731,4738.536
14622,157.945
638,1863.875
25978,25.792
12105,5655.671
14987,3614.507
15759,1703.078
21630,0.0
7406,320.385
15930,434.713
12378,1410.624
24213,3239.593
18608,0.0
16670,7739.553
3741,359.104
13317,3313.218
7791,151.063
6039,2905.444
25159,242.668
11238,8280.596
14705,1235.257
15655,4123.589
6924,3501.016
26098,116.064
23676,0.0
16810,297.569
13854,12.09
24219,1263.808
3273,2202.147
3301,543.399
20039,15.717
17044,923.583
4759,4972.028
9016,0.0
14884,710.334
13546,4375.588
13710,0.0
14368,6639.89
28518,1334.457
21538,105.803
24674,670.127
25568,4049.313
25025,934.805
10886,149.42
29587,691.672
10606,0.0
19336,609.801
2528,178.188
25296,0.0
13672,891.994
4693,11460.669
28132,8465.914
12062,1460.162
17386,1789.444
6963,1333.93
26937,69.44
27233,10537.272
3450,1210.612
3406,274.846
20823,1930.959
11879,1337.34
4760,832.226
9980,288.083
9020,436.728
21074,6324.527
14275,53.134
25120,154.504
11298,1590.889
791,-1.674
4068,1957.65
23442,70.153
2058,1910.034
7193,1229.677
8821,4091.318
10521,1530.718
1667,1183.797
5443,467.79
1298,525.016
2997,645.978
12710,13.981
20304,1421.97
14348,721.184
12527,4348.432
348,4281.689
25699,4922.955
28540,0.0
14332,13.64
6137,78.80199999999999
4800,1403.804
28513,3583.6
13770,744.682
497,509.64
1253,1393.543
16,476.656
9503,1966.671
16426,256.68
12957,5503.647
17795,32.55
3864,124.93
68,-5.89
11496,0.0
17510,243.071
16713,2914.62
23406,592.038
9999,2823.883
26587,1621.889
12486,1322.026
18246,577.158
4299,71.3
17331,256.959
9791,6390.991
8859,0.0
6808,-4.681
1797,3261.727
5022,131.316
20354,249.178
13779,1328.753
11859,299.553
10112,3734.136
11595,311.333
13370,27.776
20075,1512.304
18170,113.429
27725,2442.583
4801,256.711
3891,37.758
27718,156.612
6119,2503.622
4728,1486.264
26285,19.313
21703,1782.004
23024,441.254
27237,1046.529
5118,2139.372
27628,239.32
16096,324.508
11177,5929.122
26970,578.429
3478,6903.855
1026,1928.138
18910,627.564
22183,586.489
24331,2824.441
4970,1541.382
21162,5534.027
13083,2430.028
29256,1897.572
5281,18.228
6417,2480.372
6295,106.64
9300,0.0
13810,1061.068
1337,19.592
13566,1313.532
20690,199.516
25788,468.069
25773,93.0
8335,0.0
21075,1168.483
11090,1153.169
11362,552.854
4284,670.685
7723,1475.693
5994,1559.858
773,3529.939
13034,471.076
5331,15028.738
29075,147.126
9483,146.94
7922,3696.161
11762,2339.632
20293,5042.057
15587,294.438
1472,1253.454
9942,105.493
4922,11656.434
7430,3598.883
17871,1537.166
12000,4436.317
9856,1205.993
20623,511.066
10468,0.0
9385,25.792
6487,5622.997
24861,510.756
17485,238.948
7814,1531.927
26231,1970.918
21090,587.698
24467,3038.465
24606,4111.499
21496,6666.116
605,705.126
13905,83.421
8296,250.666
9239,233.957
9630,2144.766
21564,51.15
20882,2709.09
26695,400.675
6713,604.004
17189,516.646
17276,5561.369
3679,307.954
27709,1453.745
11743,1838.951
13515,207.669
21562,941.78
15828,159.526
6838,481.182
26059,500.991
8442,504.122
22794,12.09
13119,0.0
16371,573.655
2788,195.3
692,4941.338
10732,1662.344
11367,6112.425
2573,1681.192
24567,0.0
13975,2322.489
13754,2227.505
19983,124.279
19910,0.0
4684,1740.526
8365,-0.155
18961,898.659
11666,766.599
13414,100.595
18791,3664.324
9626,1641.605
17613,2684.104
9050,56.792
7501,0.0
25398,536.641
24269,0.0
19073,2736.525
19383,2970.885
9886,4027.241
7784,1440.477
11411,0.0
19333,0.0
14264,1856.962
21992,1496.866
29868,322.152
3121,4881.88
11983,119.536
9575,651.713
29176,214.737
1627,1383.344
8754,723.075
9623,626.5409999999999
20775,16.74
27297,27.28
8320,14.074
17184,945.407
11133,952.072
12309,707.544
3521,529.914
27434,-0.527
21463,118.017
25116,59.272
3281,0.0
17623,359.476
13303,35.929
5392,72.633
2791,3043.704
13549,969.773
25672,2093.864
15310,13.33
28004,2420.945
2547,972.377
8231,196.013
22956,86.738
16254,3851.595
5771,928.481
2233,535.06
13945,1965.772
8858,1104.189
18066,1534.345
25608,177.103
6415,850.299
15711,2141.232
21732,188.201
10064,1866.386
28117,69.223
22074,0.0
3986,4549.436
5755,9161.833
18674,1497.982
2529,12.09
19325,1512.676
20723,1000.99
22585,21.204
24054,5803.355
844,9771.231
19415,0.0
18592,1486.512
3312,26.908
1411,277.14
2665,2581.525
3262,164.362
25763,0.0
2643,4752.982
17598,4866.783
18684,136.152
27132,356.872
24713,291.679
5132,869.023
19481,0.0
5492,6602.008
17904,2288.234
23798,0.0
6076,2746.972
29420,162.719
4070,1464.254
28815,7612.143
24427,7.161
9621,355.539
14096,0.0
26711,4058.055
18594,458.335
7386,7.75
1606,2456.564
9984,1476.964
2804,0.0
22732,6366.222
25084,355.322
8128,308.14
7060,1457.62
7583,146.32
20053,2115.564
7908,28.768
14570,482.05
7208,137.175
25920,647.156
2691,117.8
4315,125.55
25056,4129.448
12487,6870.406
18137,44.361
18310,46.345
23091,8.06
18780,3222.264
10249,3108.804
2640,1379.438
4805,-37.107
2859,177.63
1498,79.081
64,3.069
19767,0.0
23122,498.79
5464,2528.422
10317,5977.265
25658,353.059
26474,1494.045
22962,8.37
17100,2199.14
25822,12.896
4523,1488.62
12694,5893.813
26487,47.12
20138,579.793
17092,1870.54
16931,1811.392
805,782.409
11137,105.865
9176,1303.798
7475,3457.771
3867,12.338
3024,0.0
7876,0.0
19915,2207.169
29455,2929.562
28549,0.0
16279,290.873
24205,6741.384
15518,8374.96
17198,486.7
5062,497.209
9994,77.5
9303,2731.472
27286,20.212
18988,-27.776
22965,5090.448
12131,1303.736
8394,1560.292
24969,4586.233
9419,1718.764
23059,1078.924
16045,1886.567
3266,6029.655
9064,1377.051
8198,310.093
9792,188.511
219,44.144
16851,0.0
19680,5053.0
26492,0.0
27917,8.928
21003,45.384
9177,1006.384
8276,101.091
13563,0.0
4460,3433.746
21320,594.115
21468,1444.228
14393,189.751
5450,77.841
9486,1584.286
21321,-0.093
6689,587.698
17718,172.453
6020,2004.77
8699,3207.167
21040,157.046
10905,262.911
6383,933.627
1324,1424.884
26517,53.444
4074,1683.796
22715,212.102
20570,1790.467
6398,2124.74
26641,791.585
9982,265.112
2161,801.04
7204,2816.784
3931,3224.031
10478,0.0
29612,2777.6
13053,248.0
15624,92.194
28150,4208.188
2176,10.509
9349,573.996
12956,1054.558
19568,513.267
2124,122.295
20178,82.553
29875,5.177
18678,61.69
1550,2896.02
20026,572.787
16525,74.18299999999999
23723,105.834
20762,3303.112
13391,0.0
26168,2127.003
10247,78.244
24193,48.856
7933,5569.522
690,1860.465
21749,3037.907
5257,4268.948
23285,0.0
19106,2390.906
23114,1831.201
25476,726.144
27573,1150.007
3339,461.745
22302,108.407
23905,2597.676
5234,5315.322
5899,3658.403
15412,6832.059
18693,957.404
2916,15.5
10804,664.95
735,847.695
24883,100.874
2,906.409
20461,747.224
16598,62.744
19088,69.44
823,627.533
28686,4334.048
28510,183.861
28461,491.691
20964,1503.221
6041,153.667
18165,1504.523
13428,13467.702
13440,24.18
2898,34.41
24432,5879.15
27932,36.766
10429,2649.415
4427,321.966
18013,3536.821
18661,770.877
13634,2255.002
25101,13368.533
2406,7418.083
4468,87.11
7606,2110.635
6671,0.0
29099,0.0
18007,1444.848
3158,48.515
3353,2621.763
911,11978.555
9470,0.0
28615,2339.229
17771,419.492
20164,1759.746
18219,2128.026
7655,2447.45
4822,4969.052
550,144.367
24972,1444.414
8825,768.831
13614,1864.03
22241,0.0
8959,213.745
23261,651.217
1062,8810.324
17848,270.413
2971,700.507
19449,637.515
19096,795.491
27637,446.958
6587,1033.633
12018,4145.723
24887,73.78
9338,31.0
13282,231.818
23968,33.852
13920,0.0
25498,0.0
4646,0.0
11556,1315.981
13011,2030.159
21028,0.0
22528,813.192
23783,3370.041
27050,2025.602
25975,1492.154
17865,266.848
25821,0.0
12149,786.098
29670,5022.558
11522,0.0
2712,425.723
10366,604.252
4219,10888.192
9694,426.529
13981,3571.014
27550,59.799
20563,636.864
27015,694.338
10554,0.0
8285,2052.758
4348,1505.98
15647,3026.995
15048,6.541
5457,1408.051
26118,366.296
23226,0.0
14504,10025.648
3161,0.0
12320,0.0
11768,277.264
20412,273.947
15484,607.6
7326,479.725
12257,0.0
26878,312.821
16915,11.16
21085,1082.055
8243,2689.591
8690,322.803
15103,-0.558
5038,8.68
6881,211.358
19121,813.843
20458,0.0
27063,99.231
3433,12.09
433,4952.56
20927,220.441
26796,3307.638
8326,646.8149999999999
12943,129.146
7740,828.63
26531,788.516
1277,776.86
14982,10.168
27992,172.577
3355,1280.238
18462,526.256
23710,607.414
8145,668.05
22368,104.966
22473,3256.705
20296,25.916
21735,2328.875
2963,5343.842
25314,1376.462
18590,490.11
1161,185.69
13907,12579.149
160,755.067
59,12404.154
20442,12.09
9931,125.829
29281,1388.211
4072,1205.218
12142,1011.933
10816,367.877
26799,3123.281
5807,473.835
18048,1992.556
13662,13.33
21403,3896.049
22542,424.08
16644,0.0
20362,652.054
20685,6210.168
2667,908.362
4211,1021.295
9497,318.711
17610,37.293
9955,5617.789
5374,619.039
6311,4119.28
24996,1033.323
2501,742.109
8307,7057.925
29655,5484.241
15918,407.898
5220,1133.36
13407,1518.318
6086,3485.454
3089,1563.361
6911,237.646
15373,15061.691
3246,3467.04
17705,70.122
28359,261.02
27828,75.454
24559,618.419
13426,1122.231
8723,254.634
28391,346.425
13539,3182.15
11925,17.05
22464,453.127
16858,3499.125
29538,12055.807
16030,79.732
12707,2428.974
20212,427.149
15749,61.38
29187,119.505
10558,1771.557
4775,-10.788
23425,2379.622
28552,159.929
13558,58.931
1732,3788.169
12141,2725.179
25406,1440.756
21979,3011.216
16061,12.71
10453,1263.219
23375,1698.831
12526,74.55499999999999
11352,2738.726
19381,318.711
11167,1593.4
13815,1826.52
6672,3079.602
29313,104.129
6430,59.675
15876,1974.886
9720,10.106
21602,672.669
314,1727.754
11771,483.662
12577,0.0
4048,51.832
13042,1594.051
3288,25.792
5775,4003.65
28425,43.493
6382,0.0
29062,43.617
19421,2194.955
26408,33.697
4988,365.087
8816,4386.159
11828,4453.15
15929,3350.697
25312,1793.753
21922,5.921
21516,806.031
11537,31.0
7788,1448.878
21224,0.0
2633,0.0
22147,815.641
11162,498.542
22400,264.616
7529,14.601
24487,1859.721
17703,148.087
23721,0.0
26473,1319.577
22807,1370.138
24425,559.023
11605,328.383
5977,493.892
6199,1367.1
259,6521.78
321,5337.58
31,946.058
7026,1183.363
29308,163.711
21656,-0.4649999999999999
14237,3844.341
3032,34.906
715,1083.822
17753,3606.416
22815,1147.372
7311,9.61
19584,1789.351
21639,2989.671
20650,828.63
22385,5426.55
13077,0.0
16134,308.233
7007,347.541
28746,850.857
17628,3961.614
19127,261.733
3453,539.183
3254,178.46699999999998
29135,2427.114
12920,429.784
1245,333.25
23110,3165.782
24570,37.2
26454,15.438
18410,2416.357
28438,532.332
29427,290.098
11602,37.169
21581,1197.623
26693,45.973
6906,5620.362
3917,37.417
14837,0.0
17020,74.4
8106,798.157
5858,72.788
23080,183.489
4345,33.232
7059,611.196
6769,15234.268
9037,0.0
8329,1767.124
14868,1360.993
25097,5193.585
9327,991.659
23534,95.976
4855,1415.212
1597,3323.045
5486,12.09
27254,2830.3
19402,0.0
1754,550.901
5063,0.0
18465,239.072
16150,2367.222
4407,11217.753
24264,5382.809
21488,274.908
26800,214.086
22545,829.56
2432,0.0
3902,77.376
6635,0.0
18909,6269.688
8269,1923.953
1774,-0.248
21064,2806.957
11008,1334.55
16184,2904.142
155,742.264
5856,1593.4
18396,579.576
21681,127.72
22519,1923.953
4675,329.251
18963,650.504
12339,4942.578
28264,2995.716
27474,507.191
9288,878.292
11240,3464.312
5088,1932.075
9947,2402.686
3903,3188.877
2279,425.413
10228,40.3
15355,15.035
24752,5006.934
3611,2262.721
13076,316.696
19789,0.0
814,2047.705
3485,12.09
21591,876.587
14972,242.854
3735,317.006
549,1625.547
26114,5126.439
724,803.985
23958,489.459
7941,708.598
16055,2354.543
5819,1605.893
7129,1144.706
25331,205.53
6072,820.26
2752,850.764
12884,61.473
3400,3522.003
1729,1078.149
2994,6.169
22862,2643.308
4862,0.0
4384,886.941
12017,1493.487
16960,0.0
20117,1033.726
267,2759.093
19052,2181.811
19630,795.367
1424,2508.489
24253,1885.575
15231,0.0
28484,758.942
29825,116.157
16718,5487.837
8845,45.663
12544,556.419
20850,555.52
25639,459.265
7265,266.786
7417,746.046
27611,1225.027
3463,1007.128
17726,19.592
11229,11584.762
166,188.883
22551,10008.319
6632,1790.374
29325,1957.092
24017,1798.279
4016,1449.25
26698,5.859
24620,572.508
5341,313.689
2055,198.183
4404,303.18
18475,4439.572
122,0.0
13931,12.276
10383,2825.34
26602,1598.05
7967,115.32
10845,1577.404
6905,717.216
19353,2886.441
25017,4430.024
20588,5657.469
12205,45.88
26813,8152.38
21517,140.616
19484,0.0
1033,1990.045
1316,130.634
1325,9.796
20895,262.756
20479,3702.144
20618,2567.172
18603,1048.761
29851,1336.937
17166,12.09
14531,1039.616
25400,1524.704
27524,0.0
11343,586.52
10675,3688.566
17157,205.561
4114,1131.004
12306,2156.484
3883,12.09
15742,245.83
13613,623.596
13932,847.757
4754,3682.831
21429,0.0
2810,1211.573
15796,3133.48
19407,5.828
16241,5925.96
18109,1649.944
26178,643.064
10813,2043.52
29872,3303.236
10782,1883.343
23388,310.744
12365,2302.37
3045,8986.404
29717,1571.483
15133,589.806
19590,2908.265
9794,612.746
7257,186.155
9769,1092.905
6138,7287.263
8799,741.148
22135,58.187
17238,490.699
20087,1553.224
22886,3203.664
27444,536.455
15544,883.4689999999999
17677,5420.567
12603,153.295
29052,0.0
21254,570.338
10854,18.6
22312,158.1
21231,89.218
10767,2441.219
2499,4278.279
14854,92.411
5228,592.162
26806,1687.888
27138,209.064
12520,0.0
22326,163.68
27408,2700.224
19358,1925.472
13421,0.0
10167,77.655
12458,593.061
10879,502.944
21733,228.439
3940,0.0
5434,-6.2
15467,5557.463
13185,576.073
12121,1543.056
28304,14.415
20502,1340.006
16950,4547.576
15603,3752.178
4144,1340.564
165,3150.84
7404,1441.345
1322,5575.381
26180,53.413
3719,0.0
15111,8363.211
5430,2408.731
26831,0.0
25111,0.0
23300,67.425
19219,907.618
22422,8.06
7121,4407.766
3306,747.41
16969,3.1
26107,4527.023
26056,1657.694
18937,1028.611
23805,696.663
11475,854.205
18615,1605.769
14593,1472.066
11893,0.0
5685,3306.46
6329,5281.129
22583,15.407
22059,1525.076
21809,26.815
14717,8081.638
12068,15.469
11834,5038.306
17084,4424.134
1913,14186.437
7343,1450.18
6006,8239.893
16204,527.5889999999999
22636,9586.75
24373,12.896
28555,2471.537
9128,3085.213
18043,662.656
21340,4817.059
18431,564.014
6078,2213.152
833,17.05
17005,1034.47
9662,11.377
26275,1922.713
11600,92.845
18764,0.0
10062,1573.901
24748,824.1659999999999
1915,796.7
12264,419.492
23359,3911.084
4108,15.159
10404,1848.065
3696,47.492
20556,5700.497
15197,621.984
434,285.51
22230,244.435
29705,7486.469
26594,1495.471
2151,2104.28
2692,3081.865
10118,195.703
8836,2286.467
16430,1346.609
13700,9091.091
18905,4815.385
5280,4125.914
28715,0.0
18660,884.864
3949,3789.626
26089,157.015
12617,1990.045
6155,2167.706
18942,1581.062
5514,3921.779
4216,1244.929
11753,-15.128
8052,725.276
17744,8608.328
5525,895.559
21165,209.808
26996,3086.763
2624,304.389
28436,0.0
21194,482.453
11249,1322.677
15712,4265.941
1624,685.751
25343,414.098
308,301.32
21763,78.151
28920,107.88
20669,6448.372
7299,63.488
4767,2721.521
27225,4796.134
3431,57.071
18179,1039.151
17167,4497.976
13675,2540.853
28764,2406.437
14556,284.363
12178,172.391
11882,0.0
11621,6059.136
10325,713.775
22122,1174.218
5203,0.0
16890,303.304
8523,369.086
14922,36.146
11365,544.856
6854,794.0649999999999
16701,5708.34
21728,163.525
6062,398.784
21409,2638.813
25298,741.241
5702,88.908
17097,472.688
4498,1237.985
22630,3622.691
8627,33.914
1870,2860.215
13926,8.834999999999999
23016,13736.658
8745,137.02
9699,1261.328
11245,3166.371
19374,2615.532
3787,83.7
6774,921.785
23535,77.035
9964,214.923
9644,1953.0
14211,243.412
24410,7597.139
7080,6410.893
9882,3264.703
17393,1318.988
25307,733.367
2136,4386.066
3706,4449.616
25180,59.148
18178,1347.539
25259,7.502
2968,6051.851
14665,486.235
9434,6.2
27144,2175.735
6534,27.125
16072,246.915
2532,702.398
14179,0.0
15765,266.569
3821,2626.258
22308,1420.885
2621,1851.072
25354,351.757
29026,0.0
15673,3686.055
18701,244.28
22423,2670.805
27542,-6.107
3101,4906.587
18625,23.126
19496,6176.781
3889,66.557
28792,174.716
22417,393.483
8102,889.948
608,123.876
10024,2810.274
9918,33.914
29219,555.737
23828,8.215
23124,301.103
11637,1418.157
3784,2513.201
5770,-0.279
22599,0.0
11572,154.008
20940,198.09
9170,948.259
24352,529.635
19658,91.047
4936,768.614
293,217.465
27306,47.275
24783,12.896
22079,2021.169
21011,1565.5
5230,907.463
19172,1077.312
7705,763.995
7029,878.199
2758,570.245
21425,454.801
4013,3317.868
18440,56.265
16351,12.896
27424,378.262
16572,746.449
680,826.15
19579,631.625
25005,5562.702
27838,257.238
27145,2190.119
21169,120.528
12409,322.431
27305,31.31
16970,24.428
1996,457.839
5556,0.0
2280,4312.627
28863,148.273
29460,1868.866
23063,2559.329
18932,6.634
15069,911.059
26565,18.693
21796,0.0
21537,483.476
28619,197.47
5248,207.359
21558,313.379
10218,959.729
18847,3633.479
16028,1581.372
28163,33.728
11978,120.9
24648,1024.581
16987,868.8679999999999
11025,232.996
27780,13447.552
20921,1373.92
21054,440.262
12534,10044.496
21905,3348.031
2243,7.068
5561,141.856
29267,4577.46
5116,1922.899
13008,82.274
2933,0.0
4458,3485.888
3290,797.289
22544,106.299
22733,2007.064
15126,3215.32
5117,5657.996
15614,2689.25
12434,11247.296
25884,275.962
18478,5104.026
6011,895.001
1907,17.918
20421,909.571
29180,1177.535
21806,344.162
2087,21.452
29406,6.138
20863,2737.672
19376,9021.186
10250,83.948
783,0.0
7789,0.0
4883,7.719
11571,2224.87
19643,720.75
14933,0.0
2584,2362.882
7360,2592.84
8043,1077.281
3016,940.168
23893,614.172
8747,1223.601
29275,3137.665
6258,6505.288
12797,609.336
19139,1443.546
20346,2541.07
19399,9.734
10472,1801.658
22251,5627.492
1899,45.663
8455,1359.815
24144,7563.751999999999
24844,0.0
16944,6622.096
9234,0.0
2515,1467.137
3157,3523.057
25245,946.213
8635,579.049
1536,170.376
25985,58.404
511,7.439999999999999
16901,1583.418
5299,11.47
12093,1227.786
29011,1009.67
16852,2983.998
6205,4887.026
8225,1026.1
19624,557.752
3080,3155.893
7010,73.501
8382,11.625
15180,2745.05
9988,197.873
21068,2427.021
27147,73.501
10121,138.88
26052,-14.539
2340,0.0
29617,10360.634
11053,0.0
15426,411.804
2789,1491.689
12115,3602.758
1925,5260.669
16917,1819.142
24367,6130.033
6780,41.261
22394,1529.385
12293,0.0
23732,-0.031
936,1475.135
21795,2862.292
25681,24.552
17850,457.963
9178,1563.888
21692,1355.134
7670,3113.733
21657,1455.543
15522,0.0
15901,97.278
27556,58.187
10827,581.498
18413,395.839
18893,1149.635
28223,1581.713
9375,1466.92
29672,39.68
9266,1377.051
17115,1475.848
11186,4367.156
15186,9.796
3108,1143.125
22050,7405.776
21201,1290.778
2331,84.444
9628,154.07
20709,841.03
17390,2137.543
22646,7518.306
3043,138.539
19899,103.54
4710,1699.079
15984,4229.361
11460,41.54
14174,3993.079
14016,1555.425
24297,210.738
2004,68.169
27196,8840.487
26318,3951.384
29310,2490.881
14568,2702.022
21406,323.95
11899,2709.431
1229,1554.061
27802,66.43299999999999
15571,1876.244
27359,2253.793
12035,623.627
26712,1660.856
9554,2837.678
10766,176.576
7602,0.0
7745,2495.221
25268,594.084
12736,880.772
16172,3023.368
16956,1154.378
23010,3273.91
18980,779.65
23885,578.801
17405,605.647
24408,1966.826
11569,25.916
9642,1378.322
1122,1494.851
24865,2808.29
102,13084.139
8621,3027.739
14326,210.242
22208,114.917
23458,111.91
12322,66.03
19866,89.28
25934,2227.784
14780,24.18
14293,0.0
25236,22.94
26209,2804.973
25227,1112.001
14710,210.335
28198,153.202
23254,4290.121
17590,2825.712
20569,758.539
14302,12.09
19871,432.853
6861,178.746
26224,1148.55
15531,23.25
18357,465.093
24824,0.0
13704,643.343
29856,9.021
27580,1946.366
13979,1594.392
17461,294.779
17214,5688.872
19730,886.29
5905,2359.813
7232,203.484
25840,888.925
3277,524.458
18840,2157.259
16516,628.835
12989,6907.389
3953,1071.577
22501,1516.706
14729,7210.197
19763,3479.347
28275,0.0
5992,928.14
22623,2705.153
22271,849.245
145,154.969
18515,6293.775
24096,2865.702
20987,434.837
12324,-0.248
3137,12.09
15745,2449.806
1725,1818.677
25412,2925.718
29319,494.14
13155,111.817
11470,294.5
2937,4844.866
7249,1505.36
29419,251.317
23417,0.0
28090,371.597
12985,389.143
25166,3105.952
27500,0.0
5703,266.538
10319,547.956
13331,786.346
15925,565.843
7385,11529.427
29913,989.923
21874,242.265
23861,676.172
29850,6988.454
14528,139.841
409,5219.842
642,1433.905
19201,734.39
1866,0.0
16441,662.501
28504,1959.231
16416,33.821
9437,95.604
529,581.653
28603,1544.575
25669,471.789
9540,1387.777
16801,472.905
20516,283.991
5276,9891.139
17864,495.783
19962,1867.316
6364,-39.649
25628,426.064
12106,96.379
20917,720.967
22620,95.387
13708,2060.229
8614,7152.878
17068,574.0889999999999
5258,1143.59
23661,1345.555
14408,59.489
17811,1309.378
10442,12.09
11688,136.4
21202,33.325
17265,1353.584
27666,891.715
27006,5892.294
11944,994.108
16130,729.926
21448,0.0
13729,152.706
25179,621.829
4250,635.438
24132,1726.7
9463,1397.418
16740,1110.265
21695,3187.606
28134,1396.767
959,41.478
18878,2351.071
1946,3250.35
4184,0.0
18680,1147.434
9893,6366.253
6476,-38.936
11924,241.986
26024,4671.452
23297,0.0
5397,69.099
17990,811.611
15086,47.213
1436,2521.447
26182,12.09
8160,905.324
25211,1142.071
10906,0.0
24343,39.091
6113,0.0
13744,3970.108
27337,2221.708
4871,2406.747
8408,938.897
14416,73.873
9551,47.957
7412,174.344
15296,2573.403
29652,1487.194
25266,1134.724
14476,538.594
19404,2442.18
11241,1443.918
13215,1521.573
5795,25.017
22033,682.651
19098,625.766
11135,271.436
3690,375.286
6366,1519.155
5278,267.654
10826,-0.372
2769,2717.739
24079,452.507
7960,1646.689
18508,155.248
14490,1371.378
28479,3723.348
13235,305.784
28441,3941.092
29300,581.467
16948,1327.017
21478,941.656
15636,596.812
20369,2780.297
11111,5.022
26148,2081.402
8522,1420.017
21132,3170.494
10377,1170.219
23941,737.769
20275,2389.666
20875,1172.73
3493,3053.469
19087,205.096
25383,29.202
14558,206.119
12582,115.444
4839,4779.859
22899,1306.03
2414,868.248
29500,1531.245
8692,2067.359
17034,2094.794
18516,0.0
8929,431.799
11889,5844.306
22022,799.986
8935,3156.792
18972,2980.712
28364,179.335
12286,89.063
404,4973.392
29022,1324.661
938,481.988
7468,0.0
9365,51.522
8179,0.0
11082,687.115
11301,136.214
18663,440.727
20420,807.891
25563,4343.782
27164,0.0
2812,1471.911
17001,837.403
5562,4269.63
22802,875.4399999999999
15723,1528.61
19748,1816.104
5186,3527.18
21343,378.696
24117,22.041
21484,3214.855
28851,1430.588
14101,246.915
20204,1774.812
22506,-0.186
2088,2439.7
26916,924.234
18458,0.0
10818,48.825
10778,204.259
24699,5.456
6049,1373.486
13465,2211.571
21006,3287.643
20582,1010.011
10037,199.919
3629,97.898
10244,13.64
25730,0.0
12940,3317.031
28865,25.637
1555,955.792
14079,457.715
6944,344.813
1202,7665.649
5839,204.352
15105,1450.614
19494,838.085
8013,2532.514
12314,3268.423
10153,453.468
26251,22.723
16452,2345.522
22299,0.0
1301,310.372
8150,861.614
22221,1.705
12477,1524.239
17563,2788.605
6870,91.326
21528,590.209
10027,1508.15
3375,3972.526
8619,849.834
26395,1763.869
26489,-6.2
4120,1352.096
25079,4638.84
17774,881.423
25413,1911.15
5927,516.088
18148,451.019
10496,326.492
3224,529.945
18872,1003.067
352,0.0
22320,581.591
28386,384.214
4653,1216.595
14291,13975.637
7057,511.283
22146,11.036
8703,0.0
1224,629.207
14247,955.823
20529,4480.275
553,0.0
8136,176.328
15258,694.989
1867,113.336
24516,147.467
24702,4550.955
14777,590.271
9420,4635.275
8371,0.0
9881,2195.575
17597,11.16
29646,6473.885
41,2093.151
23764,790.097
17595,1829.62
2546,511.934
10966,1868.091
20820,8267.452
28120,1485.954
14736,55.335
22466,1364.558
22186,878.757
18488,891.808
21641,3767.182
23869,1474.205
12007,2125.143
28825,0.0
28290,115.878
12138,24.18
21567,450.058
12889,136.4
17391,730.825
1338,271.746
15605,175.739
27650,5725.607
17057,3854.943
14569,569.036
13680,4408.634
2301,1607.505
29251,1761.048
2517,-0.093
16790,59.83
21814,2196.164
17627,0.0
3552,999.068
17441,6494.345
19867,245.086
15144,270.63
16143,0.0
17503,854.515
4463,881.64
14533,858.266
8143,471.169
4294,294.562
20511,1282.625
10715,24.18
1419,595.2
4793,625.177
6536,1904.392
2185,450.027
27763,1463.51
16863,5.053
9647,93.744
18003,409.045
5113,674.653
6840,3425.128
16226,12.09
3227,1355.351
7382,1416.638
10517,1034.842
9565,-5.363
9500,221.03
18287,495.349
18794,2240.866
15469,1041.507
4784,3024.019
7441,2733.735
18115,132.339
25602,5969.081
21322,591.201
19985,172.143
11103,24.18
22686,-0.558
6717,5036.012
2295,1088.193
10599,207.7
23654,220.038
23480,23.746
6692,1876.368
10573,114.7
14043,119.443
21433,4.34
7556,754.4159999999999
20136,-4.65
29130,12.09
26611,279.62
17006,1389.73
20539,144.119
5919,3.317
14660,1454.334
694,1349.368
4846,2043.427
18533,1193.314
9220,12.865
7710,1033.261
20127,4043.609
4031,5122.533
13183,2429.904
388,4750.719
19696,1094.393
14142,1489.953
20076,262.849
13874,241.49
14294,204.569
26723,66.929
2040,10.106
22736,686.588
23569,5265.877
12206,17.267
614,3566.519
5697,3315.853
16411,752.835
12116,3863.003
2118,310.0
14604,2584.439
12606,124.217
12698,235.042
10973,0.0
14840,554.063
14477,2071.42
8401,971.416
6872,1247.75
2767,2645.509
6847,639.716
7278,2033.321
5380,1193.221
5560,193.068
19751,184.915
10146,108.81
18330,571.144
11030,103.974
29561,12.276
8553,2614.602
10952,3001.823
10490,418.779
16006,7106.998
7992,3235.284
4779,586.52
9995,24.18
21776,451.05
9583,0.0
2346,507.563
25447,2573.0
22338,0.0
16623,2292.016
21726,0.0
27197,0.0
7751,5297.714
10201,2360.898
29556,41.416
27278,2004.77
6938,0.0
19285,9548.341
16031,2.015
2251,4268.452
19905,3054.461
18101,692.385
22603,2704.44
1573,1572.196
29863,2225.087
13484,534.471
29915,16.368
22395,385.733
12086,811.983
281,3953.833
15549,263.097
19885,0.0
8525,841.588
5869,6223.25
22441,4883.988
16305,1434.587
25710,30.69
5565,75.082
24504,9472.825
11072,2381.668
16563,471.851
22276,2437.313
10032,1980.032
9525,12.09
12382,373.581
22346,302.653
8060,2475.877
2510,1189.966
25239,-2.139
6484,136.927
16356,4655.673
27799,2731.193
12284,-0.496
25691,8808.65
21664,1084.07
28491,2884.55
24750,538.439
21777,1182.712
24495,140.244
12112,343.697
7017,5609.822
23550,399.001
5361,235.383
12330,327.174
4442,2634.163
5068,342.674
22639,5427.945
23930,1623.129
807,519.374
2602,59.923
19952,370.202
3687,9212.952
925,353.152
20370,24.18
26249,58.466
4455,0.0
14605,4.402
12689,8415.012
13335,2637.139
26767,1311.734
7929,230.795
4322,16527.402
2056,1387.746
1120,5471.562
20259,1795.458
7985,1517.326
27919,60.326
3097,1193.469
7973,21.235
17105,4369.357
3498,254.634
22175,2326.24
26371,178.901
21924,411.835
9700,1322.894
9890,297.042
6496,211.327
25896,31.0
926,182.962
27080,909.044
19265,0.0
28306,2401.849
22778,-0.155
29774,1345.059
27324,100.099
16777,5450.048
16808,623.131
17737,226.362
16675,736.281
10783,187.829
20796,1309.595
5653,598.858
20302,-0.062
6273,877.052
5025,0.0
26683,1477.491
2619,1519.186
11435,579.421
28811,809.41
18151,4788.136
20939,1127.253
26673,265.949
12714,1349.089
22945,11560.706
17070,775.248
25275,1509.7
26105,802.094
5475,2551.548
19414,141.701
2137,-0.062
11635,54.405
9754,7245.227
14407,181.691
630,44.64
18868,1582.116
20073,190.774
9705,1500.493
19853,46.314
14894,253.518
20880,2745.639
20537,4526.682
15584,1526.626
13908,7625.907
11519,323.33
24758,2300.603
5474,141.887
5151,2450.457
20180,482.825
22865,104.501
22144,187.333
20106,4099.812
9914,4304.009
17426,4281.751
15468,40.579
4380,76.508
11001,372.806
10590,2121.516
23660,7773.405
26390,1238.822
12447,1930.091
28119,498.759
8258,32.147
14203,2182.276
10296,58.9
23867,1564.167
10386,1838.858
24386,2340.779
26797,17.949
14794,16.709
22064,0.0
3413,1030.595
23075,6046.364
12207,222.27
25981,70.556
15936,3428.972
12965,594.983
6447,1045.103
12033,3834.824
24497,639.034
8472,40.393
1781,866.357
16009,9.796
7907,2968.467
20051,21.762
12201,15.252
4020,0.0
13043,586.148
3479,19.53
9427,21.514
6400,1656.113
9911,5350.104
16976,256.618
11144,274.567
29840,3062.893
8536,776.209
17981,501.053
17648,-7.316
16720,8044.841
2409,551.056
8943,271.405
17275,843.2
25022,1618.138
2827,307.923
16913,738.389
25335,1946.738
17039,2199.853
26323,9119.58
19666,3306.181
7505,119.629
25847,196.912
29249,275.9
9318,487.909
9057,2275.524
25609,9757.157
7383,1997.175
5712,0.0
9904,1768.271
4224,5.115
9609,12.09
24690,254.231
3616,443.765
12859,626.045
18897,18.6
29577,1371.843
13300,10930.073
27464,1534.872
19848,-0.62
2717,88.66
3873,229.927
5742,447.051
29804,2585.369
10541,269.111
10785,2121.764
9900,1562.865
712,585.466
11970,7883.517
3849,1526.812
15838,1610.233
340,2.852
23405,1162.655
24841,2.821
3053,0.0
3020,488.033
29461,2230.264
2291,2112.712
18734,354.826
22096,29.016
3568,3908.542
2881,475.292
15062,3497.699
25201,443.61
24279,23.25
11439,7.037
17950,2211.416
16155,3774.684
26766,2470.39
12595,1687.268
7834,37.2
11730,1141.079
4825,1803.363
1243,3426.647
4788,1968.066
20997,24.18
19303,594.518
22916,1491.534
12552,5550.953
13,2039.862
3146,12.09
29963,-50.995
10642,169.167
12089,1459.077
4339,9988.169
26549,34.1
7246,3602.572
4444,174.158
436,436.232
25288,1088.131
1385,75.95
11150,1159.648
4445,38.533
28502,406.472
2687,8811.409
20385,44.33
22950,777.604
17132,3861.763
27769,7381.41
18150,1662.933
11016,5.983
5190,127.782
13406,1248.866
17082,2235.72
20307,2718.545
25936,2837.492
29666,1579.822
4390,4443.509
21399,3990.32
12557,1271.248
28717,74.4
1465,2184.942
27981,8278.55
22560,305.226
16362,569.718
9532,3020.888
12179,1514.102
3815,1017.203
22660,120.869
2401,1675.023
4691,2208.13
17978,1360.9
26687,813.13
26940,0.0
17256,3096.621
28763,35.123
14691,1000.773
10891,26.505
26633,-31.0
7264,321.16
12364,860.126
3571,583.327
16685,2512.643
5420,985.18
16307,1456.659
2436,801.381
29624,558.465
22387,650.752
24916,4688.998
1462,4885.817
27375,161.975
5752,4993.511
4440,1104.313
4051,170.004
2658,811.704
18576,2057.78
1898,3288.883
2017,1535.864
26387,1499.718
170,1168.545
10976,1564.136
13739,4451.476
13014,1472.655
8454,1698.738
27854,2642.378
18917,10.106
25876,993.612
16219,15168.455
8677,3288.015
18224,1941.685
16265,6666.612
4145,1481.428
10225,25.637
21479,1618.417
4944,4584.621
22537,2429.594
4565,4299.111
11302,215.729
26763,274.04
28627,1802.371
12663,4704.591
16923,4668.693
29549,570.431
18422,5576.683
7548,100.409
1495,2354.76
25063,1497.951
4952,26.102
19870,10320.396
5125,93.589
4493,175.894
27040,310.837
8842,4872.394
7101,1506.383
6888,72.943
23818,1529.106
10998,624.309
26589,604.872
11710,133.61
3758,119.412
21140,3703.446
16200,1562.896
2229,0.0
301,0.0
16081,5904.043
19188,5697.707
17099,86.273
704,700.042
25583,0.0
1762,566.99
28929,5636.451
26662,508.772
10357,3315.264
14999,697.314
19937,7405.497
23704,3210.67
14001,25.637
14095,37.541
2939,1474.329
4588,0.0
3993,306.063
29750,1403.401
22913,5025.41
11921,1381.794
9159,5477.328
28130,11014.61
8275,0.0
26083,0.0
240,666.531
29037,0.0
17879,25.296
7213,1832.038
24560,28.427
5727,959.791
3324,4279.116
27923,0.0
9447,126.759
18566,427.335
7824,2272.362
23478,247.69
26681,44.609
27461,2841.801
20245,750.262
8898,3181.778
169,869.24
17122,973.152
29150,133.92
27380,364.312
27620,2893.478
3331,0.0
4174,205.065
3164,0.0
4636,1089.495
1692,0.0
9390,380.401
15182,6949.146
19936,65.968
9737,8.463
19185,338.768
17050,900.457
18214,1581.651
21739,211.575
13767,437.193
25253,891.777
11222,284.084
18072,36.673
3689,0.0
9917,1846.825
25662,-37.293
16440,1450.087
20538,1830.829
27362,-0.062
18998,148.614
17306,4147.707
9287,132.959
26081,65.596
6738,2105.861
14580,49.507
19836,1665.134
12530,1586.425
29732,73.315
236,3949.462
228,1542.498
20007,45.663
25146,843.789
13889,1467.509
29944,0.0
12763,3283.83
25556,118.451
3948,32.488
22192,35.588
4526,1522.069
13418,104.842
27773,932.077
21717,9.517
20308,2474.296
2028,967.634
28638,-0.031
10012,4231.035
7413,-37.603
17735,7775.575
7200,17.887
10695,1252.617
8481,3316.566
27234,522.505
428,2173.689
16581,4.65
394,1178.0
7566,2903.894
8510,827.731
8532,2264.736
12331,207.979
9232,5188.47
4166,1203.048
16649,4675.978
21856,1748.307
20871,0.0
29722,45.663
22203,950.677
17920,1784.546
5843,1766.938
24652,107.322
5180,416.857
1330,0.0
3049,776.86
3612,365.955
11615,733.522
17080,2305.687
9273,-0.248
20893,24.056
22307,-2.418
8921,55.304
24217,426.095
21508,4178.18
22315,3505.883
22430,552.296
13035,1899.742
13793,0.0
22716,6152.942
13732,2037.754
22047,82.429
20536,2353.613
11716,4733.359
27172,189.999
15815,2508.489
4910,12.09
14339,46.748
25577,12.09
6675,135.842
14908,0.0
21091,557.969
23186,76.725
9640,739.66
19638,73.284
17494,11614.553
1303,4140.732
27271,295.895
22594,2010.66
18793,0.0
2731,725.679
2175,379.223
13126,7925.894
11663,573.1899999999999
22561,20.46
19258,9006.833
15323,2444.846
13544,3260.239
16398,643.405
14482,3385.851
10923,1075.762
7542,66.588
26115,1773.634
2204,3958.483
23837,762.507
2462,602.733
5462,0.0
836,709.745
4342,4191.541
9742,1542.901
25389,794.096
16579,857.2429999999999
27856,3255.434
17543,1490.48
5372,1015.281
11073,15.779
26190,5.58
23956,671.181
21896,5839.47
20499,324.229
6174,1784.67
14303,0.0
23672,35.96
17645,6518.122
11143,43.059
23911,691.021
13632,601.183
3487,876.959
10234,108.965
12268,1293.444
8456,135.904
2500,1367.379
20413,1460.751
10934,116.157
17731,72.478
4851,6179.633
25305,1797.442
29274,1467.23
11918,2352.373
2258,0.0
27031,602.95
6448,109.027
16543,0.0
15917,636.244
6746,692.912
1936,0.0
23758,0.0
17747,1118.728
5207,17.36
1595,564.634
20631,241.397
25588,504.06
17891,184.667
24542,564.789
27788,913.012
3367,1496.556
21100,688.789
29348,587.171
9635,2926.679
12686,48.98
2820,181.877
23974,2508.086
29117,866.233
15132,34.565
29664,0.0
332,326.74
3459,1958.735
18758,23.777
7878,4185.031
20553,57.257
10908,3267.493
21879,958.613
2952,81.778
26328,26.35
2265,734.39
28496,114.142
13460,268.894
5971,7753.751
1665,411.215
17839,819.733
6785,1431.828
26623,1130.26
22726,7332.926
6326,2203.046
15479,1190.09
16170,559.178
18540,1242.077
8503,0.0
390,0.0
18466,4245.853
10495,10577.2
25381,187.984
3507,30.07
16580,1047.366
29374,893.358
21275,57.598
22356,157.697
9684,6040.908
6722,2288.42
531,3023.678
3597,0.0
28256,0.0
11175,1579.14
16885,5185.432
18854,6114.161
2990,123.256
24930,936.51
7323,79.763
15160,252.96
6042,5703.814
6605,1431.549
2148,60.76
16434,435.054
4128,91.109
23085,42.78
18733,432.698
13825,626.572
1395,51.553
27790,3511.804
4324,4991.031
17685,477.183
12674,2426.215
28946,-1.86
5583,4519.831
6827,1319.143
12636,0.0
16550,12.09
1466,0.0
10390,1793.691
19804,89.68299999999999
4045,614.854
19718,24.738
15811,1554.681
6508,0.0
11492,0.0
23451,1451.079
17281,931.767
27414,15821.377
27642,3581.337
6384,8491.737
8652,4486.258
6832,1835.789
2038,3051.206
6445,542.593
16928,4164.137
21289,608.406
14036,2296.511
13990,0.0
11412,5.363
12673,30.38
15493,200.26
24475,24.18
21730,112.809
26989,6480.364
15440,1598.608
5470,575.298
17363,748.123
7837,0.0
5644,254.758
16299,1290.499
3840,5178.891
2238,9124.664
25721,67.983
24973,4693.214
870,452.321
9377,0.0
1190,95.883
11838,5.89
4349,10.106
9269,762.073
4977,1633.948
13644,6846.195
28799,845.463
7963,327.794
6552,496.434
1272,655.96
9755,9180.588
420,783.215
2220,1549.752
17127,1041.166
22397,1513.761
5732,1800.418
24431,1827.419
23671,196.199
5656,1579.915
5408,21.39
20643,17.856
9978,-27.776
8704,0.0
14727,1624.028
10081,3438.551
11265,669.755
22339,269.545
12161,0.0
518,317.75
10257,523.528
4138,3574.114
28631,1621.548
26135,101.99
11540,501.549
4306,1167.584
9592,261.237
11749,105.09
9677,13360.69
8478,2473.428
18636,173.972
19913,814.587
23197,1493.239
3995,303.304
28817,42.749
19667,790.655
23975,447.857
1427,550.467
9160,587.171
7872,7809.861
7944,0.0
8551,875.595
16355,11751.48
20607,36.146
13275,3428.383
19567,705.901
22548,4173.375
16482,27.652
2342,2496.554
22218,30.69
11538,2286.932
25712,3900.296
16785,1302.465
16735,-49.29
7734,4992.674
11745,1628.957
20765,986.048
17222,689.471
26986,6363.587
15935,74.4
26261,1275.154
20400,-11.532
1226,165.075
29706,3239.035
23266,24.18
7197,2355.535
25448,552.482
11276,823.608
23445,914.438
2353,37.944
14609,135.098
8240,15.5
17335,3965.489
5833,1029.944
27377,2193.777
12241,5954.48
29710,129.146
19064,1254.477
29363,7047.726
20913,132.866
11447,241.459
10195,15.5
537,2852.217
5373,715.728
2740,1729.149
24258,1426.248
28226,6761.596
17048,1570.243
11667,2476.032
29137,280.891
8426,4280.046
10566,12.028
5853,433.845
14426,3618.32
8585,2923.207
12058,-0.31
27586,1053.845
20335,47.368
22290,919.708
13281,5914.304
20143,60.791
21437,2402.314
14162,1883.684
17457,0.0
7989,21.514
15800,85.25
18346,1394.38
29006,287.649
617,4272.017
18027,88.04
17187,184.543
28572,0.0
22224,2374.042
6100,1760.583
9268,822.523
17454,4701.212
3445,6165.218
28671,2631.063
2809,443.176
5866,10.106
19699,820.105
15540,572.198
24187,-0.062
17547,103.881
14506,1491.534
3894,59.644
13436,6259.892
1039,79.422
21548,514.042
622,236.344
13442,439.766
11106,2641.82
13499,22.94
20508,2838.422
8693,449.438
4517,8592.735
7228,12.09
24278,2577.619
8516,-16.492
8766,7540.254
23556,43.307
16196,2934.367
23619,0.0
25881,5358.35
2491,217.031
10039,1327.482
10061,35.061
29105,6456.153
23364,763.282
16676,20.305
23796,1430.278
11170,1512.149
18759,1701.9
18439,1497.455
9681,6025.098
27151,-1.364
15949,9.796
22934,1100.624
5660,240.87
4364,203.639
4540,55.149
27460,772.241
2690,840.317
28667,7835.405
27441,15246.11
14254,12.09
29093,138.353
13716,1327.451
1262,1405.385
7843,627.254
6987,10.106
25528,389.732
17404,4567.85
26460,3643.027
26235,0.0
14692,4626.037
15125,1292.7
26221,15542.439
23838,2100.281
3630,637.236
3251,3.038
9346,310.0
3536,6709.485
22969,907.153
8626,257.641
14584,2505.048
25893,55.8
6565,401.791
26621,309.504
19574,4746.813
7555,1853.614
23706,63.984
8086,0.0
26490,511.593
26407,1207.295
1165,4265.786
18786,0.0
13829,222.549
16026,65.72
12078,7006.217
12499,64.232
1482,5191.694
13762,26.226
20101,3196.1
8991,3930.366
2076,2371.996
19607,6601.574
29689,7146.213
3514,15.097
24231,396.955
6333,1078.335
19580,8769.28
25162,538.687
25758,5.642
19351,129.456
2121,1545.195
6456,2077.341
29953,8668.84
16695,2115.068
15663,542.996
1207,1568.972
27252,568.23
8483,6.014
14119,188.015
11253,194.308
3572,238.08
2873,421.91
23778,0.0
4171,8126.278
7384,1119.038
28787,58.745
10678,2344.716
21267,504.99
3826,348.502
2463,0.0
11996,-68.851
6823,1158.036
7480,670.592
14176,15.5
25466,5603.374
16635,1301.566
26337,16.275
10305,253.332
26450,8162.92
28311,17.515
4283,1265.451
27438,2130.475
9061,0.0
9421,571.516
817,127.131
21010,515.251
18417,1690.089
1050,8.649
25284,5688.996
16323,-0.558
14083,477.896
20294,1312.106
3215,288.827
20731,1543.552
24171,273.792
7507,3530.9
168,2235.472
25118,1439.671
13626,6036.444
36,5781.593
4503,0.0
4562,230.795
28340,25.048
1506,19.499
20229,84.072
7864,1190.772
6089,37.138
27070,1373.3
16523,1182.96
12622,206.832
11500,16232.158
9523,5617.851
19926,2646.656
15166,179.862
4614,1708.72
12986,17.36
9440,6340.771
20957,9001.532
9686,47.523
27574,150.784
12981,668.67
26897,316.882
6816,5695.258
15300,0.0
5884,144.863
23989,2825.681
4946,9.269
17196,86.17999999999999
24104,1808.044
28131,2428.571
15187,3952.097
14950,273.234
4097,1893.883
26619,257.145
23064,263.252
5997,4666.337
1610,752.835
14071,58.931
28854,10.261
19906,704.196
13535,50.282
17323,199.857
19753,4326.05
26494,933.968
11577,4923.389
19663,12.741
25349,330.708
7728,3181.84
26461,0.0
8378,974.113
18035,0.0
8095,2582.672
2511,10.292
25374,34.751
1445,2157.662
7706,1463.231
8259,630.168
855,835.667
6770,23.188
16225,424.576
21149,19.654
22767,4582.172
15203,0.0
1981,1741.301
16564,2849.83
29830,2384.799
25295,0.0
9883,0.0
25702,2322.427
25795,1934.276
6863,1468.563
12163,443.703
2484,186.0
13304,529.945
8903,295.616
3025,579.235
15526,975.756
8835,27.001
7485,589.186
28727,1583.635
43,1844.624
16221,4016.174
4434,17.112
16908,12.09
23189,52.948
23600,2841.894
24527,9.021
17043,450.523
2671,44.888
12905,1437.656
12651,209.839
24249,1517.295
11897,306.9
15404,46.345
29162,781.2
19128,618.45
16132,3856.958
20498,12.896
5791,546.003
17471,1532.547
4293,595.293
18149,65.472
10803,2695.45
9793,246.295
25514,0.0
27218,36.27
24244,15.5
24200,10284.281
26378,2131.56
6754,3974.448
6633,1572.444
25798,118.544
8638,0.0
15830,5679.107
11445,1564.508
3206,403.186
7645,1420.11
3039,930.403
12418,253.518
8380,1675.55
15818,1780.919
2967,2678.431
23806,3863.189
12642,0.0
23822,42.656
11596,1896.89
13749,102.3
4899,266.972
29768,3978.912
24165,6526.182
2648,3940.441
19311,141.019
11565,-18.848
9258,251.968
4365,1944.847
16846,1819.886
5918,3.255
24468,6454.417
5488,7906.519
16501,27.838
23151,-0.093
1124,2353.272
8247,248.217
1415,1772.394
22348,2403.585
19124,22.444
21770,84.971
11457,885.794
22207,1881.607
21820,4198.392
12075,92.752
19427,180.73
4115,221.309
21997,623.255
24697,2423.27
15031,692.261
18681,2161.196
19669,321.749
5135,4532.386
17745,0.0
7142,6197.241
9728,60.791
15,1569.034
21381,2913.473
27875,1836.068
29661,5.115
1461,758.446
22411,142.972
2984,1037.694
4313,0.0
17286,1832.937
18639,138.26
20113,2126.972
19999,0.0
4795,1581.217
7601,2438.181
2728,0.0
21253,10860.54
916,1704.039
12542,0.0
180,378.572
19444,8331.405
13819,93.62
3184,36.89
11052,3539.58
5175,2155.058
6143,768.676
3010,3603.936
7869,774.504
6453,0.0
9323,31.0
24127,246.636
9372,1660.422
13397,1374.664
5353,1788.514
4650,149.73
17215,2759.279
20938,2026.439
12917,997.549
26440,1453.28
4723,2745.05
3942,8.091
8286,1499.47
14855,0.0
14865,3931.854
10722,4842.107
9315,3702.981
15435,1538.561
3151,2761.945
27946,-0.31
28305,1440.136
13464,33.914
4623,8213.791
28455,188.759
18789,2586.826
19321,2465.616
23391,5397.224
7185,1645.697
9735,1526.564
15482,2817.714
513,914.779
13029,543.492
5006,1982.388
8273,1357.18
18561,474.672
12510,0.0
21855,0.0
624,15.221
8331,640.212
11202,6.138
4907,661.106
26908,323.144
13419,1369.983
7832,1971.104
28300,-0.837
18549,2077.124
13584,6281.778
22879,155.837
5396,399.404
8550,2251.158
19205,-2.325
16612,2817.125
18068,2985.61
19994,5280.788
20274,206.398
5872,3141.106
24934,1672.574
5155,2539.117
13949,501.58
13378,3371.405
5204,1630.817
22219,1030.812
17155,1453.249
24819,1465.339
18403,953.777
2135,0.0
12924,7068.279
4058,11795.562
20332,2449.0
18081,32.55
25270,2410.56
14074,0.434
9847,1482.513
27471,155.248
13242,79.639
1000,2928.043
8261,3661.379
3599,0.0
21205,2413.226
2784,1533.477
25057,12.09
12533,3390.873
26595,162.192
13051,806.713
8044,166.067
24624,1896.487
26077,5649.719
21687,3635.494
4574,201.934
8192,3120.088
8538,-0.279
9698,15.5
5240,157.015
25449,8428.776
11836,333.56
9763,186.248
12767,573.345
5437,879.873
22535,4217.705
26491,3124.8
20049,223.851
10416,6081.332
24111,2428.447
898,350.765
26524,25.637
20448,98.363
18044,161.789
5845,0.0
17524,3327.447
2840,7441.952999999999
86,12.09
8063,181.195
21844,6237.262
27365,458.397
576,14.725
7779,24.18
11338,637.794
10204,725.958
2248,16948.971
23991,637.639
5861,1141.761
18233,1509.049
4419,6.417
11980,32.55
25316,735.599
17958,0.0
6855,809.937
12950,2058.183
22344,2350.358
7344,2484.34
18220,534.843
29190,240.56
18164,356.779
26942,1344.036
19974,1608.9
14384,413.757
5382,0.0
23183,2186.988
14259,15.841
29927,-8.184
5786,0.0
23741,1756.987
18041,4924.133
14635,660.579
23561,170.128
4608,845.556
1878,0.0
18766,24.8
12801,2348.498
26857,1248.401
10461,3754.379
29432,963.015
3379,540.392
20818,0.0
18730,356.562
16617,5124.765
3321,1147.0
26100,47.306
29488,167.741
4632,3391.555
28055,3431.545
28880,341.186
9475,862.9159999999999
9659,659.525
12844,521.296
20191,3268.485
26204,18866.414
17948,4034.154
24027,190.216
11852,3068.504
9648,804.543
28251,12.276
9731,1329.094
13982,712.07
12599,90.737
28303,68.913
21958,3785.937
3285,-0.186
3710,6601.233
2235,1521.356
22420,38.812
23367,214.024
13601,3985.143
18227,225.742
8925,0.0
12491,1413.6
15575,2174.464
25175,1233.397
7094,2644.827
18646,792.391
13299,1449.095
1876,1512.707
15948,6737.199
12683,7.812
27663,276.985
29590,629.5169999999999
28245,169.167
28405,0.0
4736,3141.199
6406,2314.398
1317,825.747
10764,1244.774
29351,2621.949
19854,36.022
27156,771.931
22791,4951.165
11055,110.236
28040,3848.526
2618,0.0
29554,417.849
25787,29.884
3497,71.145
1879,497.209
13590,-77.5
20427,6767.858
16847,22.134
13944,35.836
22982,22.568
24738,24.18
4964,1425.442
23995,7.161
16466,559.519
29076,1566.275
25465,75.547
1780,21.607
1904,3422.927
14776,117.335
19068,0.0
8466,944.849
20698,746.108
17026,2893.23
26740,3545.005
8437,267.778
29400,5628.639
29572,14722.954
5345,2380.366
26732,2537.691
24863,163.525
834,534.626
12394,49.6
16331,6355.062
24059,222.239
13058,2455.014
29360,91.264
1136,78.182
10000,3584.654
24662,425.661
1188,2797.998
7459,272.521
7287,3514.098
5990,1617.58
9459,352.377
4333,1550.589
13339,578.739
17462,4489.823
560,179.18
27936,4670.181
20515,1260.925
17137,297.538
22412,0.0
7035,59.086
11152,249.24
21552,3697.339
7075,68.417
473,908.145
9208,541.043
11618,391.902
18556,136.493
2145,33.48
10865,224.595
6033,163.68
252,3148.081
18500,886.6
1927,315.332
9036,104.625
12274,1510.196
26193,94.333
3526,247.163
16636,50.84
40,6778.708
21589,416.299
7717,0.0
28420,-176.7
8417,438.092
1697,12.276
14107,12.09
9110,479.136
8978,157.728
28758,139.19
29740,7789.277
18827,120.962
4857,1724.995
16924,886.445
27850,5908.631
24904,475.013
29643,13.33
27478,3256.426
17711,913.508
17480,48.205
17470,1585.092
1722,2786.125
16181,303.738
5995,701.499
23422,2936.103
298,1828.473
10381,203.949
24001,2479.287
23052,46.5
4340,1433.843
17490,6339.221
18401,868.0
16418,4225.083
2073,3473.643
7968,24.18
20986,2456.347
29412,863.939
19935,0.0
27891,2096.065
14648,12.09
5346,6359.03
25604,788.082
27899,860.25
11437,536.424
18705,1303.643
13009,15.438
21663,601.493
9858,976.283
4838,942.741
3586,9.021
4415,8216.364
29960,5857.388
16573,6618.345
10399,372.558
894,7.378
16604,11750.209
22099,199.671
24514,5021.969
18644,2301.75
20836,330.987
13121,54.932
23635,0.0
3011,720.564
14483,1558.866
24718,2558.585
6148,2470.111
15669,421.476
24903,1568.383
3088,923.924
13855,226.982
6628,1342.734
3992,58.187
24191,2207.169
9112,9.796
5679,367.381
25954,0.0
8556,145.545
29205,1565.841
15895,3399.305
17998,1505.546
24623,3952.376
12203,1438.431
22428,12.09
26032,31.496
18965,1601.15
18490,842.332
10707,247.349
2180,83.855
28911,1453.745
687,5042.801
19109,38.719
9282,226.176
14914,0.0
5837,0.0
17478,491.536
28048,21.669
10790,9.796
24044,455.607
6647,3323.851
9378,295.306
11246,4186.736
25734,4496.953
17083,2197.528
18280,59.21
20678,1671.396
24376,0.0
25580,4123.527
3418,67.301
9087,199.175
14120,9.176
69,575.515
15844,553.195
18104,4693.152
25169,1382.879
7268,34.999
12432,483.352
5639,1331.326
5005,341.217
26158,4208.87
13045,1522.1
11474,995.627
12265,1382.352
28621,75.857
21328,13238.178
5764,455.452
25864,4816.749
22586,777.48
25998,58.249
10659,2332.502
3131,3266.315
16587,281.263
28337,271.436
22292,7811.566
821,1514.691
3260,498.79
23386,0.0
9386,87.079
19394,5207.07
16774,2187.329
1363,5.921
21542,439.921
4065,776.395
16840,936.479
25850,1815.794
25462,2113.394
22273,2311.546
13917,49.941
854,154.597
1198,4427.916
18073,6.882
19141,45.167
12233,8410.455
10701,3484.462
11685,3173.873
16560,2250.91
23223,3964.776
444,7630.184999999999
19151,3348.496
7071,967.169
822,1715.416
12148,40.424
6975,1533.477
27655,1841.648
19555,1567.422
4583,8647.388
28271,208.661
2972,4.65
11372,0.0
2396,1518.721
2285,1280.982
22516,3270.5
8499,2268.611
16626,1568.941
19613,61.38
22768,5014.901
4640,845.99
8575,354.051
27021,0.0
15880,35.278
12516,3834.855
9450,91.388
29238,83.607
22981,321.532
4204,3489.391
5277,1154.254
8896,183.148
7525,7374.311
17759,2170.372
12600,301.63
8230,6977.449
15649,-0.031
7149,4487.064
27389,0.0
16730,0.0
18129,250.387
13609,884.957
27406,108.965
6561,2421.968
4111,671.77
13026,100.161
7390,12616.845
21043,8736.699
6141,494.512
14133,324.88
23012,463.977
25473,2226.854
20280,0.0
21430,24.087
9228,668.856
12494,-3.782
28087,477.617
21921,104.253
4096,3617.607
28397,147.901
22903,1992.246
28910,8.246
6877,816.664
22036,47.306
18102,192.293
26634,1835.107
14714,268.274
17939,786.997
28385,2701.123
3543,0.0
6543,2170.031
25409,956.66
7474,1503.283
8363,109.058
9828,5488.891
27898,77.5
29186,1804.107
11646,333.684
28896,6974.535
968,1326.304
14027,588.969
21117,10373.468
15787,429.598
24511,4643.893
10226,672.049
17783,46.314
28882,276.179
15039,417.074
27557,86.242
11501,-8.401
14382,234.701
8936,3134.286
20854,0.0
18079,2728.837
14183,12.059
27280,3392.144
7568,7625.039
742,1759.684
4054,2740.214
18058,1504.957
22722,2121.33
18045,1676.418
20855,8399.605
17444,3953.988
18168,726.144
26365,0.0
12895,3001.792
21424,2573.155
12638,7094.753
14181,462.985
5223,1788.483
2489,2850.016
1407,2449.651
19947,152.675
15558,2963.6
27426,6976.333
21719,138.136
24350,12.09
4499,1623.563
14274,2139.713
12701,1959.2
5988,4870.782
9639,23.529
21952,2182.741
15235,888.212
12505,0.0
13765,54.219
20480,215.822
29471,459.699
3252,147.529
4641,9790.296
10584,18.321
29614,873.425
21771,2481.705
8051,629.61
4610,583.451
7341,15.841
22253,1209.124
6797,11.16
22832,513.36
11982,1112.807
21114,183.675
19611,49.693
22854,328.476
17489,5012.514
18974,6048.968
26615,0.0
10769,0.0
14300,1398.317
16406,1469.493
7251,507.005
4719,435.178
15972,7263.672
13560,936.541
17149,381.424
23009,18.6
27451,6145.285
25654,14768.276
5103,874.789
21650,1057.286
25248,1330.923
20426,2486.51
12543,40.579
21008,1549.969
15361,731.1659999999999
23936,0.0
19319,759.655
19746,2457.587
25087,276.427
5357,4346.975
20682,1024.55
23206,8353.632
21934,6484.084
23196,88.722
5142,94.953
16144,107.074
18550,3619.064
29860,55.552
29580,5959.967
2887,390.352
12809,895.683
19640,174.84
2733,9.796
6188,0.0
11286,578.243
16365,3669.749
26701,1116.527
11706,408.952
7767,163.308
28583,0.0
3007,465.186
17603,55.149
29701,45.26
15654,906.533
27559,2392.735
18757,187.984
2928,561.472
19434,2880.799
27901,527.713
26890,156.116
6433,1541.103
20695,1266.722
24672,1817.654
28024,1851.01
424,5970.166
11348,111.6
5532,61.132
8489,0.0
6081,32.55
20989,1305.534
17307,697.531
9627,1440.415
9688,466.054
1368,3912.045
20995,3556.506
6714,2151.772
18679,97.588
5229,576.445
4707,595.603
23826,2651.492
26213,2468.84
25207,497.953
3422,1868.773
11471,1108.405
22495,1712.223
26573,0.0
21982,-0.868
23608,2102.11
29611,1749.392
22102,41.323
1980,1193.593
7211,806.248
27248,0.0
18593,444.695
16251,2957.09
19004,801.97
4148,487.382
7319,672.576
8416,238.545
9477,2131.746
6696,2741.02
13283,1427.085
12097,499.193
22582,71.05199999999999
19046,1975.041
24509,1475.569
13842,1046.715
8874,15367.816
29603,10.788
14931,785.23
4490,2669.038
11570,724.904
22751,1546.559
19651,13036.182
17251,5493.851
5130,135.129
2039,11.78
19054,1071.732
1701,1610.729
16488,481.244
19562,1671.396
11774,164.61
11779,189.255
29931,4180.846
7387,51.181
23609,3009.046
17147,2279.151
9796,466.054
16325,1.581
11756,127.968
21878,1896.022
17151,1091.169
23089,3639.121
5255,17.701
17587,1585.96
5922,18035.025
14552,94.829
28968,1488.992
2036,2037.01
1408,5116.24
27811,38.378
8872,2186.647
11660,901.232
7535,618.481
25970,0.0
7772,3915.455
7636,941.315
15993,542.159
7432,7.409
13267,9.796
29424,3197.278
18578,615.319
416,222.704
4544,7922.701
6739,1455.915
1883,2634.535
3808,850.3919999999999
17345,800.079
2632,1530.501
11847,975.105
345,96.007
26511,511.19
12821,3100.0
12433,1018.846
23141,1495.347
13681,3406.497
20290,3483.253
21390,1666.188
11760,5.177
13253,2144.673
7969,713.558
24498,790.717
9903,1305.565
7796,41.757
15287,0.0
17588,2298.216
21670,648.923
29491,754.385
4047,2368.865
1013,2453.588
19828,587.7909999999999
29453,6010.993
5563,274.722
11390,21.793
10895,890.196
1919,77.748
4802,701.189
28961,3055.639
22167,1029.51
6094,1540.545
14190,590.891
10348,585.776
15506,568.881
14219,336.009
24846,675.428
8905,1502.942
6939,102.641
26859,40.362
878,731.197
19011,736.498
8860,1064.509
6022,8502.153
19731,468.658
9245,947.329
15338,1914.436
11932,295.027
20399,482.67
3548,648.334
12245,29.202
7435,74.71
22191,149.699
2482,24.18
23447,5229.948
10164,0.0
13873,290.47
3289,72.726
15768,3601.766
10801,120.993
2768,1008.957
7309,850.857
28624,564.045
26770,1075.266
17888,342.984
16207,237.708
23140,1537.011
6622,3053.376
13263,230.764
26298,9570.041
15242,64.976
21915,4.867
24063,644.583
15938,1571.731
22963,665.384
17785,899.465
2438,76.508
12080,0.0
16469,7251.458
6630,243.071
26064,1190.958
5554,1594.764
13502,12999.912
13190,930.558
28072,2786.094
14436,1873.175
28731,0.0
15521,220.813
22333,685.503
21179,581.684
4326,34.069
6513,37.045
20960,1351.817
9668,34.1
9569,163.525
10535,10.323
4053,12.09
25572,2489.951
8673,286.719
664,747.534
15326,1589.37
6437,0.0
20252,2647.524
13875,29.76
2982,104.005
16228,914.624
17518,39.184
27860,517.049
11717,594.859
18817,3460.375
5211,10.664
16979,1136.615
21543,867.907
586,0.0
2552,306.869
699,1351.91
20866,2496.368
25446,456.444
16467,349.556
22042,2204.906
10295,0.0
27624,445.811
7890,5090.634
19682,255.533
21234,1252.09
26981,843.262
15210,86.955
29175,209.56
23743,886.414
25212,3998.256
8313,1822.087
6916,0.0
17777,-1.798
1891,-25.389
12789,175.243
21070,1138.072
20375,1951.326
1342,18.166
15155,1522.999
20097,1091.51
14201,277.388
8617,0.0
24795,1422.962
9516,3462.421
12442,620.0
17575,200.229
19737,3160.171
18163,59.83
25503,9.424
28499,19.406
13582,15.903
11087,181.288
6703,550.932
11866,2566.211
4451,397.234
25122,465.589
13671,1171.428
18393,619.938
22948,9671.597
8479,779.929
26149,12.09
23854,78.80199999999999
26289,3679.886
27005,7329.33
12852,4648.171
609,12.09
7024,1983.287
13112,1373.362
9063,1790.343
16436,1146.907
1952,10261.093
18042,1477.739
23888,15.345
25418,2691.73
17452,1657.787
20431,451.515
23370,31.403
28254,4060.349
14153,331.545
2545,1690.43
28322,2201.372
5802,3078.176
24403,4345.332
23074,5039.577
23761,492.497
12204,585.125
7379,24.645
18553,9950.473
4274,8542.732
26737,585.7139999999999
13357,441.161
20977,1563.485
2493,955.234
19100,236.561
15448,0.0
50,1148.302
29669,11699.369
16642,45.663
67,9.3
24857,381.145
11633,1725.057
8660,-0.6819999999999999
8412,3906.837
3350,283.65
29388,82.553
23679,0.0
4305,445.377
15123,536.486
26498,2383.962
5144,409.324
20064,3764.237
19017,1531.462
20844,0.0
9453,66.03
26962,38.595
14017,1306.929
23258,17.825
28830,3522.096
19625,11934.349
19859,-0.155
6727,1652.765
171,21.328
9744,3627.31
19858,166.16
18460,1381.112
566,407.371
16709,876.525
18428,3353.394
14610,151.435
26667,678.001
19193,3643.337
20951,75.423
29290,736.498
21226,120.683
28094,2432.88
21065,953.839
25809,218.085
24714,30.628
12655,1573.188
25543,2360.867
26271,4241.079
28068,191.735
11741,1428.852
29745,7914.269
5145,426.25
6335,24.304
11282,48.298
16243,0.0
15594,25.637
2943,2725.396
5247,682.248
4816,99.727
22979,3300.818
9785,0.0
11110,1608.9
3286,375.379
13117,0.0
1413,87.29599999999999
6079,493.21
28189,624.681
4385,3169.595
3624,-0.403
22673,5956.96
10419,65.751
9832,3099.566
22615,6991.802
26642,18.197
7166,0.0
10594,268.057
8490,32.271
22225,466.488
10374,1504.027
22912,55.304
9613,0.0
26062,154.659
17437,2735.161
13369,0.0
17527,998.076
20242,1041.6
5582,0.0
6074,691.92
13390,2972.559
6330,4241.978
12778,138.88
11312,0.0
26173,2681.903
18842,443.362
22139,42.78
11331,210.986
26575,344.689
4637,353.121
21366,254.417
19104,1559.92
3854,2370.043
15973,0.0
4300,3372.304
19357,2877.947
15610,2388.612
22341,1041.724
18801,4402.837
801,638.91
2563,0.0
6461,3666.587
9899,0.0
26564,2229.055
26162,143.84
7093,11.78
12090,4094.542
8587,3139.711
23935,317.502
7348,100.967
5405,7165.712
14928,2238.882
29353,28.923
15736,495.628
6192,1301.783
29262,3382.41
22610,0.0
10504,54.622
8155,336.536
24621,1684.292
19418,2367.098
5398,864.621
4757,572.632
27789,-81.468
11387,730.329
27267,516.646
19758,2687.731
23929,266.197
3847,1264.273
15559,649.078
16113,525.264
25900,81.56099999999999
18321,714.55
20462,1501.144
11558,105.214
22783,2123.128
4024,1371.502
5195,1487.101
18260,863.257
223,2841.243
3203,103.23
26727,11637.152
11049,103.912
26169,258.85
15737,22.816
10431,1593.4
14702,265.546
647,2406.065
20024,2646.718
7811,84.661
21789,689.223
26043,0.0
25040,3046.835
27701,673.01
16335,4763.584
10691,0.0
7338,3518.996
8712,1552.046
18795,340.008
23006,12509.926
10525,2554.71
19549,9.796
14848,456.599
3481,116.312
9235,449.965
28529,61.721
905,860.932
24563,790.903
366,1462.146
4738,607.786
2223,328.321
27558,796.917
16875,4316.037
14317,269.39
10422,2369.516
623,0.0
9078,1417.382
18712,2976.248
23273,141.856
2101,138.849
10539,823.081
6208,1439.516
21608,1112.001
58,49.197
5127,63.395
29562,573.593
21737,1574.459
1318,0.0
3352,1184.789
5711,932.418
26377,3.627
5093,3093.087
816,1704.008
8882,76.167
25525,1863.565
23585,43.927
10711,620.0
6310,0.0
12373,3070.55
19250,910.966
2805,887.747
23062,-2.604
20476,0.0
18040,157.666
1406,67.549
15350,0.0
5638,765.948
25208,667.74
8549,122.543
11467,1343.354
16142,1941.282
14039,4671.483
9172,553.35
10434,27.9
6867,174.189
24332,2903.863
3495,1550.775
23433,38.44
5891,3121.669
25441,216.039
15861,1052.357
9841,452.321
16589,2450.488
6232,-0.124
21867,1033.416
8637,550.56
17967,1849.925
26934,3726.138
27657,867.597
11278,699.918
2208,679.21
15538,248.372
15851,1628.523
20716,996.371
22613,12.09
28179,2350.513
12088,793.662
20216,1243.472
6953,2099.134
2780,689.316
2030,12.896
9147,4833.303
21937,959.481
20388,12.09
23336,0.0
8388,676.978
6255,1406.098
15019,146.506
27596,106.33
4848,2801.625
29320,6142.092
14805,276.396
15710,7902.923
27452,122.698
27750,1298.652
23830,89.59
19443,5948.156
17280,410.006
8010,1183.394
13452,0.0
21314,157.046
25385,-3.782
11481,1221.896
2211,247.535
12440,2951.107
19197,0.0
12199,583.141
4094,597.06
13841,5266.373
3876,1477.522
22438,815.3
17413,872.4639999999999
25410,1266.474
1027,351.633
14094,104.687
2297,775.775
16137,45.229
9397,4115.219
14143,126.914
23401,2166.466
4226,38.316
21005,856.22
3313,-0.031
2863,880.09
16064,253.146
17954,1970.763
16035,611.475
27431,-0.62
5427,2633.915
25968,954.893
3003,5764.605
17415,2633.853
20363,1335.697
10564,230.392
29798,589.837
18633,7727.215
26274,2001.143
5441,86.273
7909,2231.535
235,247.628
5709,1445.096
19671,81.096
7034,0.0
16237,3.813
3603,1566.213
20159,7017.315
7859,1048.234
14354,601.431
16397,3964.931
11728,660.145
17625,2993.019
16850,23.343
573,96.968
16401,588.101
19015,7404.505
18258,728.376
18432,312.201
27110,572.353
22330,229.834
23358,69.967
29291,1569.592
7030,1492.309
3275,4879.059
1941,0.0
6213,247.318
24501,0.0
7256,893.885
6528,77.5
19293,233.864
18658,0.0
15207,232.221
23020,1555.859
20805,9.455
4703,0.0
21950,3901.753
3194,242.544
16782,27.931
9876,959.45
6110,1467.323
9415,-0.403
16232,100.378
8463,455.824
17838,501.177
15967,1529.168
3502,164.61
3561,957.9
8517,178.374
23031,37.82
7252,4169.252
15646,443.238
19710,4090.667
7215,40.889
9004,9.796
29464,4662.586
1315,49.6
10178,12102.679
29844,11227.518
723,284.952
29264,1075.7
5251,9.796
15634,0.0
1524,61.628
28534,500.805
5894,428.079
20686,1534.035
20950,4348.246
20612,806.372
13382,1118.79
20398,286.688
2541,2262.07
7653,1680.417
20853,5651.517
24493,-0.31
25470,114.39
28669,0.0
7949,402.38
13068,36.022
8665,1204.04
14385,4201.678
2574,5181.34
29336,179.769
1690,462.861
20041,62.868
2870,142.6
6045,653.852
15748,206.305
26709,58.652
7677,3471.69
16215,1009.887
11560,1227.197
6688,0.0
7225,842.611
29749,18.29
4737,0.0
25317,517.421
27361,123.132
4009,2871.716
26592,606.205
24982,1506.104
16022,5649.285
18527,924.792
10550,208.537
27088,1577.931
24005,1885.048
1820,12.09
11266,1395.403
10055,1182.898
561,19.84
21148,3877.666
10809,991.721
9717,2859.13
29322,244.435
8229,815.331
7420,3546.803
18394,541.322
12948,77.5
6013,0.0
7520,136.555
21089,575.2669999999999
8618,0.0
12091,18.414
23371,114.7
10267,105.617
23793,1793.877
3031,26.288
1696,612.405
5254,5748.671
8789,626.975
3475,453.623
16023,1024.209
25484,2584.811
9480,470.549
7584,1528.176
3705,3328.532
5635,231.508
23692,2554.307
25323,1500.648
7911,59.148
1051,310.0
25117,40.083
7852,-3.999
19511,2206.394
3193,109.337
4049,32.705
12798,22.754
882,6944.62
9580,3667.393
12482,85.932
14205,34.658
23379,0.0
9901,39.091
25292,1394.504
770,332.723
16097,5946.017
3900,277.481
25333,607.073
15932,3177.655
1158,125.612
402,45.384
398,3245.731
20031,402.225
16252,1764.582
9716,275.001
10587,14.105
26441,3997.419
11119,13.082
9685,2.418
7640,1157.199
15806,2308.415
10373,0.0
6535,2346.979
4362,46.5
11746,3847.255
15510,1409.539
14373,110.236
29438,863.505
23787,5587.037
15178,69.037
2605,244.435
26448,1120.619
26281,1273.387
27222,1711.603
13061,2624.057
19616,199.175
9805,2317.746
6467,2401.291
10943,9.052
13327,3215.568
482,1279.184
20471,345.712
14419,32.55
23882,567.486
5227,470.518
14335,180.978
22123,24.8
9908,5889.256
29813,478.361
20971,5.239
16236,4133.571
4257,10.075
20318,2673.068
19377,168.826
8201,926.125
1785,61.814
14596,213.652
9072,287.339
29884,94.767
10264,1834.89
9295,989.489
19181,546.406
12571,712.411
24907,2196.195
19401,9.672
19703,3152.235
22120,860.343
9768,460.133
21123,4647.861
899,120.187
7634,-22.909
27448,5294.552
1321,1785.972
25352,1030.316
1032,20.212
9066,6246.5
1065,669.1659999999999
27041,0.0
19887,110.887
11401,5585.859
14202,2883.775
17387,29.45
19805,1481.428
13834,7362.81
2557,831.203
5269,382.044
632,514.321
15366,8198.849
6846,8729.724
6436,140.523
27758,548.235
23673,1854.978
4872,25.265
11701,491.629
19362,69.812
25263,3671.175
14466,66.092
5789,6750.963
20901,1424.76
2543,430.776
15772,1570.708
19552,1096.78
1355,767.498
2983,149.389
19506,2413.536
20281,2755.745
19020,954.428
2821,2981.425
18257,1607.877
2913,177.134
24286,109.802
8144,4920.041
18491,2437.437
19543,8018.522
11430,1151.929
17525,231.539
12215,832.381
125,0.0
1501,0.0
18894,751.967
3546,5930.455
2430,1860.744
26512,2446.799
6883,1522.72
5208,0.0
8430,3597.798
24946,1196.724
16982,1509.39
10516,0.0
15625,1589.525
22165,466.302
21158,4059.45
10102,911.896
14901,3568.906
21696,12.09
4815,2195.885
21872,1618.324
1470,326.399
5944,218.023
9260,1198.057
7593,9.021
11428,192.758
16711,705.343
18571,1303.147
218,2789.659
13570,0.0
26469,1259.313
1076,6330.138
9209,6.634
20581,4541.965
26253,0.0
6292,5246.626
18787,64.759
403,864.249
26521,12.741
20456,1144.148
21702,600.842
23628,-3.379
7508,133.331
26145,771.745
21676,0.0
17695,3150.22
9584,955.792
13318,1465.091
20287,261.981
866,3699.323
7830,1986.666
18359,1263.436
25918,795.15
12787,-17.949
10152,346.208
7497,45.663
21891,510.353
9367,909.354
15002,1530.532
7163,95.914
23150,87.668
22155,84.94
24093,274.567
15777,662.842
1532,511.748
18569,0.0
21326,1051.768
6369,566.401
15152,1044.793
29439,2458.889
10656,1159.307
16836,523.404
14763,311.736
28653,6584.4
18930,6696.961
8149,2474.203
18442,805.659
1718,3110.013
25237,1286.5
24765,2557.593
5733,4828.808
11289,1702.892
19670,967.417
21347,1169.32
1485,74.4
3908,24.056
7977,4309.155
29604,1452.102
1761,6046.55
25744,842.58
233,4023.831
23685,8999.331
15784,6061.12
17532,537.292
15393,2975.38
14265,5063.54
24406,675.366
24789,1507.189
27930,481.182
28680,1014.754
27223,3733.888
6860,5959.967
29962,110.515
2216,1386.847
25991,2352.931
7188,527.403
24791,558.341
13858,46.283
20659,151.311
15462,118.513
21975,703.08
2800,2550.215
14994,15.252
24872,80.414
19757,301.63
4008,2835.911
19857,6148.602
934,524.086
16147,3457.523
19230,238.359
9553,2030.748
17054,161.541
28352,1742.045
13087,602.02
1917,5719.531
26050,0.0
20728,86.242
27916,623.038
18890,235.228
12113,5685.555
25158,222.611
7860,1173.722
26919,10351.83
23295,152.458
14760,5872.02
6947,162.161
21876,444.23
688,3814.519
18995,1457.031
6798,5365.914
10277,6795.138
25271,2246.663
7236,88.226
21813,35.03
21837,5366.038
2173,15063.551
21112,975.012
2422,606.143
8125,4743.062
685,47.988
24123,319.176
12126,2048.852
10410,124.558
14258,8600.919
24087,1414.034
11739,1169.041
21341,2171.581
13362,0.0
4508,3700.718
5185,-0.217
8406,829.467
6196,1602.142
3559,230.361
29269,6100.18
26895,2743.686
5825,554.218
9770,187.86
2152,1641.512
23243,2561.84
18071,0.0
14082,1332.194
14965,554.063
17788,842.332
1102,565.936
13992,19.592
22787,7323.501999999999
9332,694.369
18436,219.232
14025,0.0
4819,0.0
13698,1407.524
25269,2525.353
29792,3091.351
13374,32.395
17720,1568.166
12792,2114.014
5568,828.909
20271,1870.85
24320,443.61
4105,55.614
29273,18.011
7022,8370.155
23957,446.524
4564,3154.591
6342,0.0
14892,11.997
22868,1532.857
1212,40.672
28931,28.055
20602,572.632
23131,102.796
19775,1503.159
1455,530.224
4446,2808.693
28922,1182.247
17647,7921.336999999999
14376,1512.087
15085,56.358
17507,3694.704
18229,4064.844
17754,5839.563
2052,4221.704
25075,957.9
9571,1266.536
14227,59.613
25727,75.423
9313,2833.865
19862,166.532
16830,2364.928
22917,2917.875
12359,5389.877
23033,174.685
25969,0.0
14081,2942.551
25492,2218.794
8337,1163.182
8749,-0.062
19294,744.062
28745,10.664
4799,7903.481
27246,688.324
3565,12349.78
7750,142.693
20701,179.459
9408,1318.058
26944,1500.958
1520,10477.411
19973,99.324
23324,4464.961
27626,472.812
8097,5205.582
17878,1349.461
2786,51.832
11712,1382.414
5528,1631.716
11656,848.098
17986,409.448
22521,2804.973
19437,0.0
7277,10059.593
10349,645.327
2723,610.204
167,3172.819
8593,515.406
10057,4020.204
18600,-6.665
29198,343.48
25984,3077.029
15983,2719.103
23086,1095.137
24417,2379.25
5250,136.586
24548,32.55
4218,0.0
26774,272.366
24474,1317.872
24544,557.225
8476,243.133
6998,1500.431
929,38.502
17227,2356.713
24997,36.983
4377,2945.248
10196,3062.304
23528,3892.577
6219,1122.541
4378,0.0
15134,23.808
28082,417.26
21619,259.036
26725,1816.538
27,698.771
18688,800.513
17829,503.409
4969,104.842
25999,6056.625
10912,8502.091
16195,2420.573
22695,86.862
25690,3199.045
20591,11323.99
27757,2961.864
8582,10.075
23652,55.118
17749,4874.161
21848,143.22
13624,2528.608
6220,2681.283
2620,0.0
21682,6161.808
3002,1213.929
12465,5403.207
24129,1462.859
21688,3054.43
28681,1290.53
16409,1773.169
923,42.501
4246,2062.306
24950,908.114
541,0.0
241,1462.394
7250,2181.377
24562,7377.256
28070,5647.456
26822,521.048
28065,4565.959
28545,51.15
15466,1888.644
23072,0.0
4807,12865.682
28578,2620.709
29778,1529.416
10786,2665.628
6408,10822.875
22451,41.912
27116,6370.345
28247,-176.204
18067,1686.307
8047,2702.642
16188,0.0
6468,876.897
6560,1650.254
1953,1479.506
24912,32.519
18032,889.7
18870,0.0
9168,0.0
5352,4969.827
1364,455.142
6225,5717.237
8333,8.339
9430,3588.033
14834,0.0
101,-2.511
14276,275.404
26245,3246.94
28009,6328.154
14643,447.02
572,337.9
2388,651.5889999999999
26016,181.939
26688,452.538
15439,0.0
29215,2152.857
28684,77.5
6679,146.041
9380,220.379
2822,10.757
20862,28.427
17855,282.875
3244,423.46
11010,32.55
7699,5595.066
25501,1851.878
22696,6637.782
21304,583.761
25403,1298.621
1741,68.727
20584,5262.653
8072,781.045
3492,350.176
19591,2819.295
12079,1546.497
17515,353.493
196,0.0
21066,41.199
13056,2461.307
10500,0.0
17572,474.517
29959,2249.267
4482,53.506
11359,2927.95
2763,2557.314
29208,10.106
10227,1617.921
6320,1808.385
15372,1856.621
26913,367.319
4190,1567.267
7764,8683.41
4644,3058.708
17433,876.184
29730,2518.719
11323,8836.178
3633,2231.473
5101,284.797
21620,2591.29
10025,12.896
16654,7.378
11077,5654.276
9325,1912.855
9749,1581.868
887,77.128
26478,2461.4
18853,5125.137
17351,1544.389
29183,1555.425
21624,1242.573
5002,842.766
4287,1835.789
7179,425.227
10760,111.6
25485,9164.158
12362,562.805
19794,159.96
4959,864.218
29046,887.375
29640,2042.993
8792,1965.059
27537,3756.115
22626,2328.472
17712,9911.041
23742,0.0
20751,1154.595
5031,4985.792
19398,949.871
14489,12187.929
13344,397.482
7048,1120.154
3936,1279.029
23678,283.681
25605,1355.227
10863,1798.744
19179,3674.492
2651,3080.997
11700,5300.101
16691,1573.436
4909,2859.595
25939,690.835
27016,6.417
3325,2577.65
22352,3146.159
25555,1834.704
24299,12805.356
24113,0.0
4046,589.744
9276,148.552
10116,246.915
2115,12.896
1736,2399.896
14131,12.09
2371,1278.75
12585,2172.604
6547,611.103
2539,73.129
4163,56.947
2644,1492.712
29865,4403.364
4616,2285.382
11130,80.135
24067,3341.8
6227,316.138
16759,5164.941
3707,1010.848
17522,2369.423
12220,306.559
4904,0.0
28501,2494.508
12656,195.362
7713,1130.632
27616,2429.346
9074,0.0
18128,1474.236
15363,4728.585
12928,6058.671
5698,85.033
29498,0.0
11468,318.494
953,97.185
199,899.31
26630,930.341
7581,162.347
8529,-0.744
26909,6089.206
16757,551.893
15535,4962.139
10568,2631.466
5074,801.629
20898,905.262
8543,0.0
4961,133.734
27084,646.567
5800,46.19
6114,2305.904
25432,36.425
13449,0.0
13059,0.0
7181,12.09
7301,2464.562
23925,2358.108
5467,34.72
11190,4065.309
27192,250.79
27765,3124.118
28705,1462.487
12991,284.859
9678,5226.011
10796,2132.366
16799,1064.106
4265,408.115
21768,248.93
28696,1678.247
2817,5410.926
19137,2189.003
15352,0.279
24561,10385.062
13882,45.818
21959,4524.729
3610,757.423
8462,1575.048
23384,204.817
19057,302.436
14670,161.851
29855,2229.954
4881,3744.8
21009,531.65
21769,173.259
17546,8.184
15751,2811.08
22185,5426.953
23338,3005.45
15705,200.291
15568,3673.686
5720,11751.48
5485,845.494
25987,1621.486
23901,1090.456
5315,9.579
18727,72.385
17439,410.874
18524,619.38
25805,314.774
19566,185.194
3919,81.53
25128,2180.819
23400,64.945
19436,6156.724
15826,1818.243
1126,693.439
23819,236.84
20135,7562.512
657,1454.613
9371,118.141
13911,42.315
1381,488.033
29784,342.798
11542,1524.301
29288,1627.159
25160,307.427
21274,976.841
27257,1533.508
14427,1493.363
8819,588.628
7906,5090.51
5422,0.0
16977,1451.141
1523,874.417
8744,2953.618
27549,-0.93
4465,3268.919
5572,595.913
4101,166.377
9508,4359.53
11797,0.0
13027,1876.802
8926,5814.298
13258,1994.881
12629,0.0
3192,436.604
8670,415.586
23318,2277.229
24469,601.989
29020,264.926
7067,2969.614
12117,4830.234
27330,10611.269
15837,3393.694
18097,2017.17
10304,3354.634
17557,2982.975
17333,2104.187
28035,2314.212
6520,727.477
19698,168.826
19339,946.43
2514,22.816
16752,1971.538
13523,3426.399
20291,2333.277
10505,4582.823
19820,10.106
20505,1584.472
4595,2932.507
21948,1503.469
5364,645.792
4868,115.785
3057,146.289
21535,603.198
17244,3228.681
24456,8633.81
3786,0.0
17300,606.918
29759,116.901
7695,0.0
29791,1347.694
2761,4476.834
24,147.064
15920,1801.627
9581,93.744
20619,2858.758
8534,1681.068
17789,1642.721
3494,0.0
15641,8323.438
21775,1512.459
23081,111.662
27203,451.267
18288,0.0
25445,749.518
15139,0.0
28730,2766.006
8589,664.857
3369,1119.844
24716,2099.289
12691,217.806
27036,0.0
1850,0.0
3998,75.29899999999999
15331,20.491
29002,27.435
554,1093.835
16341,2135.466
19764,340.535
25540,85.529
11027,176.235
7659,599.323
27194,4613.606
8946,68.665
27289,902.224
12223,608.375
28994,181.443
17716,1116.682
17589,2297.627
10726,2074.396
8287,14.663
3221,3068.69
29209,366.389
28982,760.182
11902,11.222
27585,1357.8
26609,0.0
21214,33.852
16597,251.069
6775,8888.01
4401,1747.656
9600,750.2
14576,0.0
29954,106.175
8972,261.485
1331,1490.232
10708,584.97
29059,1057.224
22138,-0.372
27504,2000.337
11815,38.626
26183,57.629
17825,727.229
14019,0.0
22163,14.136
13984,552.389
11495,0.0
4524,353.121
7875,74.4
13759,90.706
8535,554.404
1268,503.471
26191,8.308
3399,823.205
22509,2065.685
10161,16.368
23282,8711.0
18452,489.211
16317,5911.483
5160,13.826
20638,271.188
24838,118.11
23564,32.674
19435,1690.492
7675,4770.28
15821,844.75
24176,55.8
12125,4987.559
994,0.0
4842,1772.301
18074,565.192
23558,9074.475
28573,1197.809
15803,0.0
5500,693.997
2260,1446.925
16507,12095.828
14925,1265.916
11279,48.174
998,24.18
8246,688.386
20430,138.167
28620,1126.075
25919,33.356
17296,3074.704
2992,212.288
18011,1395.651
2565,0.0
4395,12.09
22213,4690.517
15766,395.684
11405,907.835
27825,1489.984
26510,499.72
24806,1075.142
18180,2130.382
24637,7663.262
21245,728.438
18412,2004.305
28634,322.865
18426,1028.301
16719,328.693
6759,82.615
1660,1519.093
28295,2154.314
26034,349.525
23130,27.869
29744,6213.702
17309,3194.891
6095,5830.976
8414,573.035
20128,3580.655
22289,846.734
1672,47.12
26646,1882.289
23231,472.44
19520,2526.128
12630,16.275
646,1096.439
3456,5855.714
26580,284.673
6186,519.932
20646,341.837
9027,2077.558
29843,608.468
23240,41.633
19078,1214.983
19252,9.703
5193,1475.755
23843,677.009
14090,655.216
12296,4302.335
17806,545.104
4592,880.431
25200,9.672
20847,2565.684
20134,0.0
676,4514.003
11329,66.464
17880,204.259
2481,0.0
24033,9426.821
16238,1429.348
13912,6093.546
20141,86.583
6912,213.373
1826,13185.819
10093,0.0
1151,5936.283
18825,5584.247
8867,1413.693
7336,1548.14
6645,252.464
27158,2158.437
24210,-1.395
26447,6.2
14221,669.383
25664,194.556
1306,26.443
14361,3840.28
24643,800.699
11649,77.5
13196,342.612
18492,1881.452
22487,996.03
18335,275.559
6507,24.18
27939,77.314
13468,877.486
29709,7649.684
28294,899.279
8832,201.996
1518,7208.213
7965,558.527
25929,556.481
21590,227.943
20696,5133.073
10537,2259.807
25717,930.0
933,243.381
5403,95.511
6126,506.509
26060,0.0
25032,566.06
12863,5.115
16965,890.32
29309,675.428
23025,0.0
6267,776.333
18548,4859.343
7238,314.929
21894,346.394
19660,24.18
8105,1245.859
25395,150.35
10099,269.049
9895,663.524
18883,9.3
11964,641.39
29708,1863.751
20992,41.695
21519,371.07
9294,304.451
25791,412.641
4671,1508.305
6582,805.628
3304,2445.497
4441,0.0
9923,0.0
21113,5473.949
1067,9.021
17935,897.481
7925,-0.186
6728,978.98
10493,2076.442
13812,696.26
25890,214.334
18009,1033.726
5618,1171.614
4015,7953.267
23850,53.506
10051,5633.723
8977,58.528
17290,509.299
20819,3222.636
11335,533.603
26341,12.09
18160,1585.092
20937,5807.912
14157,6349.544
18783,74.121
3393,51.15
19556,18.228
12407,37.386
7998,84.32
12836,174.127
459,1578.737
7679,5.549
5242,4986.133
17722,8165.09
25584,1101.895
26153,1732.683
672,2981.983
16526,0.0
3652,2913.07
27412,618.574
2677,5601.08
28177,0.0
1803,8.184
1370,158.131
5902,125.705
19016,810.805
28471,550.281
10106,294.934
8025,1275.34
20509,4834.977
5827,291.307
27390,4412.106
23077,2116.928
17315,688.665
1916,175.46
11947,2462.206
27477,505.393
26226,41.292
18968,4662.183
20746,2387.279
6875,69.161
28157,633.671
7144,0.0
27187,1764.458
22496,2204.1
5834,2835.198
23167,68.758
20133,1504.089
9026,817.129
16751,463.946
2964,795.398
14469,900.984
4011,99.386
3887,4313.743
9107,6555.353
22217,6170.24
19535,195.362
19483,0.0
17216,1566.864
13448,38.843
24550,1613.395
29454,165.509
28527,44.702
11384,108.593
19062,4994.255
10629,1002.447
418,1374.478
9798,2493.547
19206,802.683
16860,615.536
20879,565.099
10680,539.431
12211,3933.28
13782,1026.255
28693,-0.186
11929,96.906
24763,86.49
3926,7062.389
11786,951.638
3997,301.816
14099,1708.224
13707,25.296
16961,1517.357
6293,3210.05
28509,269.235
19120,1150.999
25687,-0.093
10699,823.763
10604,550.746
15550,4131.432
22444,527.868
23051,320.974
8303,0.0
7427,918.127
25846,14789.914
15441,0.0
21180,9.3
27447,536.517
12891,1543.924
15660,873.425
3582,110.887
27423,628.556
11926,1531.09
5748,4567.323
5073,676.544
23680,52.7
26950,732.778
14978,9366.03
19629,147.715
19929,1407.586
15906,3977.889
1629,1240.341
22684,230.547
4038,3790.773
15346,14.632
3110,2097.77
12560,3620.118
6956,1504.678
16576,2462.485
19223,3.782
4459,219.728
16247,1330.582
17544,74.214
19082,1789.041
25886,0.0
1104,578.088
20311,34.1
22570,265.174
14261,2700.658
23220,3415.921
4479,-5.146
10799,155.372
10233,1781.88
5362,2206.115
22707,166.594
14956,1572.103
5363,1412.205
18031,142.569
10530,768.149
23675,2568.815
11068,746.387
27593,472.657
20497,68.789
20474,2665.783
21740,0.0
27756,284.177
11800,10.106
20277,26.35
506,122.729
1772,992.713
14038,2402.469
17496,214.427
1311,587.047
4023,0.0
5531,5732.21
7424,12.09
6135,1403.06
16677,2563.173
1433,540.02
3229,872.092
24736,2406.127
9164,922.963
7669,106.981
3730,1274.596
14707,1936.26
2727,453.127
25895,771.683
26915,7055.724
26437,24.645
4124,2398.935
22565,1842.206
17240,1265.761
19681,1974.7
29004,32.054
13479,225.773
13966,0.0
21974,770.288
28415,766.785
7187,567.827
6990,12632.19
26332,5141.009
78,879.997
29841,7299.291
14845,1057.41
3179,500.309
12576,779.898
27740,270.661
17015,12.09
8823,0.0
13964,82.925
3754,0.0
21711,0.0
3663,200.477
9071,24.8
1220,3008.333
18543,-0.093
9344,464.566
21290,2146.967
13066,5217.858
9844,707.451
5083,494.171
10272,11295.377
28864,7.254
490,17.762999999999998
14522,630.199
25768,6897.655
14292,1432.169
16250,1321.282
1098,12.09
12222,306.714
10484,14801.508
23875,2566.521
26172,0.0
25634,46.035
15451,307.303
15064,2778.654
29163,314.96
15322,48.36
14387,1040.391
9055,7549.027
28370,0.0
23576,11.16
17897,1815.546
19991,2811.948
872,423.305
12874,400.644
8625,33.821
20438,287.835
20297,152.644
18584,467.449
12235,7493.041
10494,1603.754
20009,1218.827
3699,2585.4
10206,970.393
12450,937.285
9488,3003.559
6303,489.738
11022,12.09
20047,951.08
8502,0.0
23289,60.047
1747,1315.671
20600,1475.135
28333,0.0
26312,9422.419
15145,720.533
28289,370.946
26568,1663.832
4649,7552.251
2844,1973.832
502,6869.29
812,0.0
12242,58.9
14572,572.074
17481,372.031
12214,1367.875
28722,4375.247
20526,4.464
19426,3347.008
5096,605.864
8875,167.307
594,1757.7
27384,8109.662
15277,2511.682
5966,557.256
5671,3468.28
10600,325.593
25379,2155.802
26863,6404.507
27703,1482.916
392,3217.707
23312,19.499
24535,215.729
100,20.832
12754,1550.0
1092,6153.81
28775,-0.403
2403,324.322
22287,58.59
21712,1021.078
21334,662.532
21525,112.251
17972,6629.629
7114,3864.181
4269,1429.503
4652,1528.92
18871,468.751
6077,250.015
15088,6679.632
666,1909.941
1661,6.913
27579,2530.778
9557,46.376
5699,338.52
21296,0.0
4295,4711.876
695,0.0
8006,566.99
10574,2646.315
13709,1749.888
5296,1907.058
22895,6369.725
12221,686.278
1123,558.372
5879,1500.989
28505,2063.081
16958,911.121
2189,3144.33
1079,73.904
9490,6102.195
8017,338.148
23737,8758.678
13262,1335.108
18139,249.24
17922,2224.002
7045,84.878
28594,18279.274
2298,534.874
25198,210.149
1421,378.758
3149,0.0
20934,153.45
11346,5586.975
18276,35.619
14946,846.951
3122,14.322
5046,2237.673
27136,1236.373
7349,573.407
6328,1340.657
3217,0.0
29524,170.004
13890,2157.104
9757,575.484
25115,0.0
28999,377.084
23479,-0.713
24159,4026.59
1252,490.699
13682,1785.755
17519,4067.541
5294,3.875
8786,1566.926
1488,1544.668
14674,2251.282
11851,0.0
1539,2663.458
19292,801.319
27019,504.37
25772,2417.845
28654,31.868
4586,933.286
579,241.707
3626,1462.053
22053,3850.944
14105,134.478
20783,9848.266
27432,2052.324
19446,2106.977
8178,4755.09
14112,2689.932
23032,28.954
6927,3937.651
24574,1861.085
2586,0.0
19868,901.821
22737,545.662
12028,82.026
6424,248.062
21570,9.765
18384,791.306
19203,4109.453
21877,0.0
5149,414.191
7363,470.921
12020,494.45
1106,242.172
27904,825.313
20725,12.09
9897,0.0
8561,204.972
5084,127.875
29149,5067.012
27590,524.427
9298,1224.748
185,448.973
6247,207.421
14122,3438.427
9308,171.709
11715,2537.288
15191,2344.22
7661,1060.603
3838,871.999
16487,83.08
18264,1118.666
12335,101.618
22598,391.809
10315,491.753
28741,74.71
29465,729.926
4000,55.118
15907,207.514
29914,1706.55
14204,1767.93
364,23.591
7997,803.396
27217,584.164
15845,389.267
23627,312.759
8398,415.121
14784,89.962
12586,21.576
7741,0.0
24688,941.904
21204,0.0
14475,6227.838
29716,-0.496
2569,5724.15
865,875.254
26931,5859.093
22980,24.242
21385,2088.594
8081,66.309
24911,278.101
27358,4815.137
23117,1353.522
4613,903.464
14961,1574.397
19059,653.883
16158,28.892
2125,2290.993
22499,286.471
25676,622.48
21718,895.404
16618,345.557
25957,-0.186
5449,737.211
13968,52.235
25091,1442.74
13748,1522.534
23800,49.786
26965,12.09
26598,272.18
28291,2.666
1746,29.295
10287,0.0
24068,103.323
27678,1034.935
14981,2485.146
23067,2419.953
22909,172.546
2138,0.0
13494,-6.944
21582,1352.654
28748,34.999
21526,292.578
21019,1609.675
28308,576.848
5206,952.196
5390,588.318
12200,241.056
13816,6883.829
2093,467.387
29496,0.0
20231,1326.645
18249,31.093
15875,4049.84
2344,632.183
463,934.371
400,4847.222
7226,231.415
27224,0.0
19888,8.99
6231,2190.584
28868,407.309
39,15.438
7342,241.645
12652,151.59
27281,610.576
23199,882.477
25972,2480.589
10746,1326.211
7340,403.31
22416,9381.313
2978,100.223
17926,4133.416
15884,234.391
27404,987.412
16369,1566.461
7914,846.145
139,1574.831
26877,2167.551
37,466.674
28371,303.149
38,0.0
7275,953.219
8909,826.46
16043,4801.125
2518,3158.497
13775,264.771
1319,541.074
5652,237.987
21378,-0.3409999999999999
25193,450.864
12496,290.377
5049,370.977
6465,29.729
23980,1800.232
8443,221.402
27009,13219.299
20803,5193.864
26655,0.0
5216,560.325
24290,162.037
25799,7882.525
12925,0.0
28066,9.796
2117,379.471
14778,7434.544
26212,42.625
15489,1587.51
15324,15.221
11724,567.951
22711,4772.822
25279,2752.366
13687,502.076
28439,-1.86
6902,86.118
14297,429.474
17846,2534.312
16298,5425.0
14087,496.186
19022,760.74
11664,1436.385
26195,2517.758
28609,3109.176
2932,100.502
4662,2427.424
24899,-0.651
11472,944.012
11699,326.74
18846,4027.675
22837,7612.546
14113,6793.526
237,44.64
5904,1545.629
18849,0.0
22830,17480.652
10273,107.663
6702,-6.2
18797,212.381
7646,5327.071
3999,62.93
23185,3440.07
5410,752.742
7056,372.186
13000,1867.905
24724,29.264
27569,1593.4
16952,2046.372
12384,2247.934
10459,981.212
14401,171.43
25131,629.083
861,33.666
3307,244.528
19856,1163.709
16547,5935.167
3176,1448.444
6554,53.63
11955,0.0
9850,574.74
25722,1022.411
21566,738.079
7321,198.989
4902,791.616
18651,2470.328
16528,690.804
12099,1490.015
16357,2091.725
15801,325.159
23239,156.55
23188,1822.273
12900,-4.371
9296,90.83
18023,3377.853
11482,255.533
3472,1888.272
25127,649.512
6796,467.759
11044,255.564
3773,3220.28
25979,915.213
613,1136.15
10913,0.0
375,593.433
18536,231.043
173,-21.979
26465,4782.618
29246,9.796
19324,6154.74
7079,209.684
14241,2034.437
26790,697.593
7410,498.17
8838,0.0
3448,20.212
903,4804.07
9718,392.15
23542,3943.324
3112,6474.598
17326,826.677
16567,493.954
8729,1240.899
4734,4505.571
16382,16.895
29812,3387.494
28886,446.121
15221,388.43
17103,1255.221
17289,329.406
8427,35.495
28215,3525.94
20935,5764.388
28796,31.961
7694,721.308
29834,2961.306
7879,3564.504
25832,1193.996
4289,2147.742
9052,9.796
29752,267.84
9702,16.988
18304,1259.623
21122,8545.429
19392,224.998
24018,1582.302
15764,2012.737
12475,12.09
23792,5815.91
14740,83.328
11679,7221.233
24481,675.428
5076,572.26
24595,3267.958
2735,1580.938
4084,4713.829
21766,2061.407
12583,53.289
2895,0.0
10337,2834.361
29410,0.0
20156,0.0
19490,4510.469
27969,7270.151
18324,571.299
5846,3434.8
25513,45.725
11888,219.325
23017,20.212
16393,1373.672
10871,799.397
28010,4198.516
2263,9695.87
24635,85.095
24289,303.831
13769,1450.831
363,0.0
1255,2138.07
9102,531.371
28490,295.492
19603,0.0
29779,4628.393
19516,1785.383
3292,899.775
23190,3130.597
12109,2943.543
8841,110.267
23696,-5.89
2868,16.74
21940,189.751
3566,8579.498
26022,192.2
29893,331.39
19051,896.923
744,914.004
14926,3015.246
28384,401.109
3320,127.875
21301,3094.513
24006,1416.514
22206,9.796
8963,180.389
11038,2815.668
7234,-4.03
16182,4354.849
12744,15483.012
9849,2633.357
2524,756.648
15743,1874.415
9924,107.787
5758,738.389
17784,55.459
19823,595.448
9199,23.808
15211,-1.643
3795,4002.286
16900,609.367
17261,59.241
27809,2022.099
14547,5448.963
14207,17.36
8820,209.963
9804,1620.246
1553,0.0
16427,1620.525
12952,924.513
5347,2494.291
6200,233.213
23631,59.365
23368,2499.53
12340,3892.267
7116,39.99
11702,-4.526
4197,5280.974
776,394.196
9597,513.67
9594,0.0
6380,2675.114
24983,37.448
19287,15233.245
489,509.206
6485,1856.218
16447,2546.65
13284,156.922
22028,60.543
4462,626.448
10698,268.057
22323,2437.592
2508,739.288
10455,2952.905
3697,0.0
11594,2777.724
22087,149.637
21604,12.09
257,248.465
14793,3490.352
25499,310.0
9578,932.914
21428,0.0
8710,2676.323
12134,12.989
271,33.542
24209,226.3
12147,2387.651
15101,564.386
12471,424.731
21233,85.498
15495,1471.849
8058,6.758
26269,-0.093
13809,559.736
904,1778.284
28794,8.308
9319,2231.628
2553,104.718
17537,5756.576
1854,3076.657
22113,0.0
19711,3015.928
19119,1452.133
25741,8435.472
27695,9.021
9510,2290.993
27075,16.43
11890,633.733
20043,92.38
22085,242.265
18398,2501.39
14065,1531.865
17886,1006.88
14634,0.0
7934,3877.48
27784,13.516
17577,11974.928
15049,4774.0
22427,1483.877
14364,41.974
22419,2534.095
9433,174.53
4863,3091.599
4088,0.0
23615,294.841
18096,1284.609
7253,1802.433
22141,5097.547
25044,1863.534
14817,1694.398
12048,233.802
21584,2805.748
135,330.894
14002,0.0
22336,1373.424
5446,1480.374
5302,3.41
27014,52.359
4677,3204.036
7607,1926.061
18939,1998.601
20954,512.647
9289,628.99
2891,4236.305
25114,0.0
29608,7002.652
10526,107.725
22237,0.0
21208,824.507
414,460.877
13509,2357.674
23160,13.671
4255,6.2
29809,279.403
28939,511.593
5885,1229.987
19472,5480.583
5020,-0.31
20234,0.0
19343,25.916
8327,10340.019
10666,33.542
13171,2207.231
11777,94.085
3665,11825.043
4081,3651.025
5657,218.612
26418,4503.308
11909,726.609
11421,2684.538
2257,1749.206
1359,4560.503
3731,660.083
17443,2849.334
18243,246.016
14068,3431.266
11037,33.79
13467,358.484
26019,1324.32
11937,1480.002
16689,2609.704
14213,222.115
7262,0.0
29005,61.318
10294,3553.964
14029,3976.432
10189,49.569
18685,0.0
16245,5477.669
20174,245.551
4438,-281.945
11293,1568.972
20512,614.172
10911,3317.93
21550,2158.034
12344,7917.803
21345,3311.203
27411,3506.875
17148,2661.071
15046,4110.259
8028,843.386
6140,12207.18
1617,332.599
20320,1632.429
16637,339.76
4372,309.969
21744,307.52
27570,86.273
17529,49.507
20622,5070.143
13069,2718.235
24076,436.325
17688,279.341
1167,1482.482
6016,633.702
17040,1190.121
458,25.389
21613,89.001
25955,4697.678
18506,444.881
438,1582.364
29391,1994.23
28697,1208.721
2503,13.64
8435,899.899
11043,-0.217
5178,10108.015
5138,6268.975
22744,15546.469
7307,371.256
22701,3041.658
20161,0.0
24225,1480.405
18628,76.074
9608,11335.832
6641,864.342
12495,1828.845
13163,383.315
9683,0.0
21987,0.0
3606,840.689
23756,1061.533
10947,1109.552
9958,1658.283
20391,346.549
25509,0.0
12254,612.8389999999999
17965,941.129
13547,2463.043
17583,144.398
6180,8.153
6291,580.878
14940,12.09
26894,488.25
28172,-0.062
5959,806.0
3022,1659.43
25313,20.46
27174,21.514
19322,1310.866
22364,7633.595
11719,1144.427
17932,449.128
1745,1533.229
23374,901.697
24437,654.999
9130,767.653
9089,0.0
15159,1576.629
8644,572.477
13492,1381.67
13071,8.773
28924,2785.102
16575,34.813
4965,1555.766
9536,381.889
20358,608.034
29329,2506.319
8807,373.147
24994,6578.107
18726,0.0
23060,208.692
7206,282.844
27269,1153.758
19301,4.65
13401,1365.55
14772,1602.669
29231,32.643
23603,235.724
9000,4470.014
12962,1523.185
7466,1744.835
21034,1875.934
11567,323.237
15066,6313.057
3810,2199.512
28440,933.069
21324,449.376
21866,3141.757
3980,2.976
27623,648.396
13868,294.593
737,4425.684
26604,1559.796
26905,162.75
18604,2299.58
24312,574.306
16673,1448.072
18316,2011.342
13757,-6.2
24383,603.911
11604,7051.167
1752,147.684
11689,5.828
29071,1202.428
25221,1198.491
28028,876.959
28323,1875.934
7146,38.037
4480,2589.368
22209,285.541
27462,920.173
28869,2453.991
5599,443.92
24336,708.691
20520,221.836
9607,3021.353
12398,286.44
21953,387.252
6750,546.0649999999999
13581,322.214
29909,2344.685
10202,146.816
27779,1813.562
20710,690.091
17329,75.826
17141,588.535
1145,3949.958
28790,1437.873
15498,39.091
6666,3463.01
9333,442.494
20832,159.34
3628,1256.678
4978,504.587
3106,3993.048
15979,998.2
11969,0.0
12570,508.617
5661,6193.831
25102,50.747
9606,571.392
15306,0.0
9889,2023.525
5431,527.558
19497,2149.633
21626,225.401
26072,143.84
2378,5912.63
4533,1794.249
18820,1060.231
1639,42.005
17114,4577.026
21138,43.555
14607,45.57
19954,276.52
10105,0.0
9054,456.32
8611,9.796
13470,460.97
21788,672.328
25557,304.606
16257,6079.472
7019,1551.86
25023,4000.519
3458,1198.181
16407,47.306
13417,28.334
1494,737.8
14343,12.09
8552,3723.503
19632,6195.381
1912,1743.936
24072,6493.849
6765,1412.825
1653,0.0
21674,4722.23
4233,200.725
28738,2506.226
23964,496.899
13655,125.612
14598,1593.4
17090,743.876
1116,2494.353
12711,4198.95
11981,0.0
23833,236.127
16874,1169.072
16010,8724.144
9941,3817.774
6690,208.196
20833,1784.949
9831,1217.029
20481,7106.099
2160,7321.301
3639,910.408
24792,528.829
1213,1973.987
23565,394.661
14084,114.514
15829,71.796
14687,2783.552
21037,1533.074
27401,65.007
15583,14218.212
27912,1327.575
26039,1327.265
10637,1160.733
22332,8062.356
16258,497.736
10120,1952.566
6928,134.261
18601,1360.218
28832,46.159
27235,2202.581
5982,1979.195
11314,173.011
1183,6021.471
29900,1493.797
11209,481.089
23718,2600.528
26659,881.516
16261,291.028
3607,6565.025
23428,784.2379999999999
15104,0.0
13641,275.838
7328,7995.519999999999
2588,1896.859
6111,535.091
27043,294.531
1856,55.304
27736,113.026
23858,87.017
3327,4547.7
27859,2065.22
475,843.169
19677,1985.519
1798,658.781
2186,743.318
7111,2683.05
14612,1032.269
4399,0.0
8894,9.021
10364,1903.276
18468,1497.114
10111,0.0
4201,34.844
18094,293.384
29533,1408.082
11892,215.574
28831,64.48
19831,22.816
27340,585.621
19155,14.756
22999,1047.614
598,2456.533
6282,2604.434
21939,1464.874
10749,426.312
4578,5489.728
4085,6447.845
8834,72.54
22072,1079.358
13571,527.31
26163,2265.945
23712,8807.968
4328,0.0
21607,406.658
27726,1821.467
16765,8671.041
46,434.868
6691,41.912
2386,1395.651
1028,-0.155
16483,3631.96
13784,569.067
20554,0.0
15688,5818.638
27303,4723.625
710,548.111
28355,0.0
20220,578.212
10601,838.891
18292,524.861
2321,1574.087
6,11406.915
10808,304.699
105,172.98
13194,276.675
15576,6945.271
6819,3489.887
2852,508.586
3223,4095.41
27816,558.775
23474,1877.298
22524,20.367
5543,847.261
17164,38.502
8068,26.66
21494,2818.799
10927,0.0
13807,4057.094
18772,501.766
25041,619.318
17656,5987.216
19290,729.306
1853,498.883
28566,30.69
27008,-15.779
19729,10.664
5796,62.155
29257,1538.964
3797,238.018
27942,583.327
27787,129.673
13794,1525.82
600,725.276
1016,68.138
5419,1626.136
25302,3291.084
4758,-20.243
22066,6435.383
6489,1897.82
24077,3817.588
16463,215.419
91,233.244
10781,1195.391
29199,0.0
9667,259.594
11784,737.8
21859,895.032
8387,0.0
22274,10113.409
20253,1522.565
5690,87.513
8787,87.42
21752,4354.973
9588,906.812
23408,16.461
7608,5331.194
18026,894.474
27332,1055.612
13160,4116.707
29067,1521.108
18579,131.502
23139,5666.397
6246,1081.001
13777,1006.353
7771,0.0
1804,320.85
11123,1357.521
27874,210.18
7625,10.075
3823,20.212
19920,0.0
22659,-0.031
23209,3555.39
23735,1509.793
14324,69.378
14619,650.876
17249,1571.576
10725,5261.754
5090,549.258
21667,719.975
26991,3863.127
17194,1055.364
18065,8082.723
8339,858.793
3923,3107.812
1988,1216.316
21501,1639.931
16154,535.897
7739,1566.647
18864,1405.726
10762,1531.431
12907,14.663
13750,3708.003
25843,0.0
19192,740.528
25218,1938.616
5150,4241.079
25203,3514.935
20549,307.768
19105,697.934
2506,222.766
15174,136.958
27696,24.118
22182,1340.533
12731,960.535
9803,180.11
16100,4808.844
16577,1498.416
18863,1392.272
5222,1558.122
5328,1482.978
29034,907.091
17153,555.551
23701,8025.434999999999
3627,1216.099
21565,36.425
4497,214.737
20068,2478.977
24234,3314.117
9403,258.075
16985,-5.239
13538,1378.756
22847,367.288
27892,65.937
18522,883.717
5883,377.766
24052,2302.339
5608,4892.358
7810,373.364
23213,1936.694
23926,5741.882
12687,6022.711
23744,1341.463
2190,0.0
15375,1278.471
10643,88.598
7915,103.881
23677,4526.558
2065,0.0
16839,603.663
22638,37.448
23147,339.202
20795,342.953
2104,476.873
13734,72.726
16500,329.158
19734,13.547
11011,4839.038
12250,-0.62
24260,0.0
5383,33.449
16864,6771.485
6894,4148.575
25325,74.55499999999999
25946,8.184
11397,1144.024
19469,3753.976
357,6023.734
28147,1367.255
27185,34.441
9854,3292.913
11985,10754.737
1800,24.056
29395,1402.843
27851,194.246
3989,4281.193
11903,48.143
7641,1389.42
23829,0.0
17707,0.0
20010,16.957
14386,1147.093
19131,1966.082
9992,24.18
16816,3634.905
276,5.301
15194,3.1
3749,44.268
20873,3182.026
13127,15.376
1155,271.56
2741,0.0
29680,77.438
12913,848.47
25061,0.0
24120,1025.387
20804,55.8
633,0.0
8901,1656.857
3250,1466.641
29839,1902.718
18320,1680.696
22569,1920.047
8023,3432.072
21355,3350.325
28241,2000.027
16159,829.994
4316,868.434
21461,437.658
4500,140.244
4241,45.663
23540,10.23
28437,175.336
18552,0.0
4647,1210.023
2048,1327.42
25327,33.914
9966,62.589
8748,495.721
26670,313.1
16112,508.803
27251,1376.741
27911,0.0
26583,2817.528
14115,2690.397
3170,2804.477
7455,5318.515
29192,520.614
29057,-0.868
21446,589.186
3618,508.834
7755,194.37
26685,34.007
16927,8010.307
3594,6491.276
13007,1475.538
24491,3012.983
3766,10486.432
10407,-43.4
26951,5198.235
13621,2194.18
719,1400.394
29043,4772.481
18773,688.975
24421,9.238
29783,3033.071
13055,1400.053
22475,-46.314
11579,80.569
7214,0.0
26205,3759.68
17791,5242.286
16088,1079.141
20565,1617.425
9291,4061.806
2358,8572.616
21511,2399.648
4522,34.41
12239,33.232
24676,7.409
12316,578.088
14220,-0.093
17728,19.592
17882,99.262
4853,1506.135
23638,440.882
28279,577.871
29571,533.944
29013,8456.769
22110,3123.932
14936,1186.432
1493,386.198
23410,327.329
15991,3913.781
5289,1001.827
8460,2299.487
27847,4170.275
1679,904.766
10224,4088.187
18665,229.307
23972,12.09
27302,593.061
5769,492.156
15392,105.028
10330,550.932
4663,5069.399
13405,163.897
555,1173.35
4314,207.39
9099,5622.935
20679,1546.218
48,694.431
28860,5.27
2836,621.674
1012,922.157
24847,2060.57
27293,0.0
16370,16.616
12368,2638.689
14187,22.94
23350,1410.934
18835,-18.662
19768,4178.707
21215,0.0
10392,0.0
15478,0.0
29364,143.778
22015,3679.545
13201,342.085
19914,1440.508
15035,753.207
28898,6294.395
7916,312.635
17310,4934.084
4286,166.253
980,1980.993
3540,1707.604
22034,1554.588
17909,8768.319
24521,687.828
29015,1811.516
17236,2455.696
14287,8813.238
26095,1194.74
19412,4715.782
10512,228.873
26836,4607.344
20071,623.348
644,914.283
3477,338.985
7346,2779.77
11652,1856.435
29859,4115.56
11990,1558.711
19515,59.489
10861,1839.261
14667,1303.519
14767,3309.715
20868,7107.711
1816,0.0
20867,4665.283
16033,4881.043
18975,2972.59
26663,1517.946
27327,5073.925
17397,368.776
6202,3352.867
15757,0.0
24257,2128.708
13608,1790.901
22991,1796.946
5847,5044.754
28043,1134.011
14378,6.541
16379,104.129
11723,741.055
28874,1291.367
28585,2837.058
21846,2043.644
1545,102.703
27797,7071.999
24443,2425.409
10798,456.568
24505,4781.998
14033,34.069
3621,562.185
16882,1430.154
7096,3376.644
20074,1910.158
3857,-0.031
15472,614.761
25187,553.319
11598,10.106
21746,1991.192
27832,488.777
11705,3763.4
27272,493.551
1414,874.386
950,399.807
26207,3.813
19537,62.0
23229,9.424
19593,1948.722
24596,231.632
15642,249.55
18977,1251.408
21386,921.568
16078,24.056
5199,6777.747
1770,23.25
26023,22.692
7898,74.524
11644,-28.365
25014,60.016
25293,1059.673
16534,3116.864
15013,614.327
15380,5817.119
28350,257.796
24450,287.928
23029,68.727
2086,1364.062
11580,0.0
10882,897.636
12034,852.5
5549,493.489
6741,1258.724
28949,314.185
24424,959.636
5375,336.009
12380,823.05
23429,4345.549
28181,362.824
25760,626.944
3062,1354.235
26240,1421.598
17908,2537.009
6569,302.808
26108,30.814
18000,4815.602
297,4439.975
28532,154.721
10638,1549.876
22914,1027.557
5914,549.413
20788,466.674
8444,5956.092
22591,659.494
11194,655.619
21533,1438.493
22232,465.0
20192,554.621
29225,639.716
10149,203.949
29625,1543.242
12057,139.593
12386,928.915
4019,1543.738
23353,0.0
17395,1016.862
5613,411.804
7259,1707.046
24678,2860.928
28486,5874.19
11024,536.672
8142,414.129
16353,3.193
25657,8822.073
6419,916.019
19346,99.913
7627,930.403
6965,0.0
23222,197.439
19136,7236.577999999999
24245,864.807
13287,574.647
8653,0.0
21298,1437.222
2077,210.056
19659,10357.875
26523,20244.922
829,649.264
27284,452.228
20543,1437.935
14507,1356.219
14728,1738.108
10368,2129.359
22908,5978.66
16603,308.047
24575,2085.184
10415,426.746
26949,21.886
18153,528.302
22600,881.857
18671,496.93
19798,2928.601
25964,1393.388
27914,935.363
13090,-0.992
21216,1558.711
11965,4.371
19631,0.0
12167,48.577
24066,2616.524
25006,329.933
24422,3233.92
12060,546.034
26793,0.0
6349,773.357
21612,208.134
11151,300.855
296,52.266
3034,0.0
19163,219.976
23112,944.601
22109,2923.641
895,3.1
7332,27.218
7308,256.587
1562,3349.023
11436,93.465
21610,401.574
8084,58.621
5975,3088.437
10605,513.639
26225,52.08
25923,275.032
1642,546.716
16345,524.985
2183,1471.074
18728,2325.0
20199,58.59
16227,331.731
2272,-10.075
23786,200.198
12024,-0.558
12830,3571.386
12885,3052.539
1735,4074.826
70,24.18
27508,1181.441
4149,5980.21
20811,595.045
12609,559.705
14641,36.332
16582,19.189
2623,97.216
14004,1066.09
18146,80.228
4607,4701.739
8960,1066.865
17030,1450.8
16891,321.78
23316,569.098
2188,572.601
10475,826.739
5680,786.439
21827,810.681
12453,420.732
29699,195.951
19114,1525.572
6799,817.78
18955,3961.366
10970,1535.43
7433,780.146
114,589.465
23443,5.859
27848,1846.98
18344,386.756
23789,11125.776
12448,0.0
24797,94.736
24308,20.801
25870,-0.217
371,3.069
15613,0.0
5915,37.417
24902,5117.79
28564,10.757
7472,90.148
2866,1410.097
10853,0.0
1685,44.733
5621,0.0
10015,2198.21
27309,4240.738
4063,818.741
24773,419.864
4212,169.198
25360,158.658
16835,2039.211
28240,12.09
976,191.394
14429,169.787
7392,0.0
6613,876.99
29886,14531.219
4790,557.194
22808,1521.48
4906,-0.899
8995,50.499
26317,561.875
12052,7536.534
12598,132.122
21012,242.761
27344,197.873
10874,7838.66
21783,145.855
1279,-6.2
5064,330.398
19474,4039.424
17565,1906.81
21498,1732.652
13408,342.798
14720,2904.7
27430,12.276
10085,5695.258
22379,763.685
14893,3919.02
22351,28.923
5991,12.059
19770,153.667
20501,315.611
21618,766.599
2282,1466.61
1571,277.977
12001,531.557
22361,0.0
353,2388.767
12566,0.992
12507,2761.108
3748,582.056
5381,517.328
5069,0.0
22532,1704.566
544,382.509
24745,1859.969
16942,60.636
3427,-27.094
23642,1946.025
10125,4169.593
5157,43.896
8815,901.883
14581,554.807
26486,136.896
27162,692.354
12697,301.041
21929,12.648
21909,114.886
11340,369.706
8344,165.044
20357,227.137
25800,79.794
3683,4029.876
28913,0.0
8267,335.854
13410,576.538
18259,11.16
24124,12474.276
9846,556.45
27968,10.075
4004,330.615
24360,473.556
19065,115.94
29441,3969.116
13395,-2.604
29120,3772.979
14064,577.375
7708,3013.076
16347,5189.989
21991,2246.384
23217,128.061
9106,583.73
10190,913.353
1112,2608.588
2146,406.627
14461,77.5
14316,1204.102
10470,1231.568
10361,9.796
17902,1178.713
7504,4162.432
15215,1804.324
21506,41.23
7141,760.244
14524,18.91
3913,3997.357
17995,2687.669
10741,70.029
28212,651.093
10359,0.0
19873,2595.289
2811,609.894
27869,184.977
130,124.0
27601,596.502
13487,6354.504
26519,75.423
18769,102.455
15590,44.733
26643,583.978
27027,402.225
8612,58.156
5726,92.659
4621,1620.06
14751,626.355
21016,100.595
26750,1013.824
22859,92.814
4850,893.761
11184,0.0
17600,6619.275
22812,2051.983
12676,1461.092
15447,1028.828
11369,72.633
3042,1402.781
12838,2968.963
27243,3924.569
17385,2067.731
26283,466.147
23372,1112.032
4069,128.867
24465,299.522
11513,2476.869
9467,5223.996
28546,2136.21
2828,-7.037
1750,7539.076
4619,169.632
14114,21.576
13714,254.975
9567,84.537
19450,1435.889
9206,2001.825
13541,883.004
28342,985.366
19263,84.537
18760,601.71
16508,463.822
19036,3040.914
3452,78.182
20102,1422.156
19674,5436.253
17581,1262.878
27282,358.081
3728,3.1
3906,388.027
25210,48.732
20368,942.121
20289,317.192
15836,2122.322
24292,8431.194
25697,12.09
8949,1401.386
9812,1137.576
23246,1817.809
21222,7309.769
27862,115.692
9649,716.131
133,7049.059
29777,85.343
2278,0.0
26567,3051.33
16873,1547.396
27698,0.0
958,137.609
17764,144.584
4388,-5.921
21093,10.106
26026,5230.289
27517,1247.657
26675,1471.012
8449,4191.665
5119,13.826
18208,414.78
29191,311.271
21916,4224.556
25490,598.579
1400,643.405
7354,430.311
20729,967.107
4882,543.306
1767,934.309
28836,1572.32
20013,531.96
21821,599.106
11084,1666.033
19813,1145.636
9550,7914.827
22817,1168.731
13463,2591.383
12260,164.548
18990,1367.379
9673,835.388
19422,2290.962
11242,0.0
10849,65.906
19524,173.476
29586,601.307
10765,322.183
28760,0.0
2286,7216.676
17738,62.62
19236,-1.178
28640,9351.181
25879,9.424
7874,6833.609
17278,778.689
8671,943.857
13760,1410.097
6818,3929.901
2197,356.5
5209,1530.315
25653,3.193
2527,0.0
25901,502.014
3226,248.31
16408,635.128
8868,1031.37
16056,95.759
29827,65.689
19361,3236.183
27582,1664.235
13657,2309.81
7638,1411.647
29240,1113.055
24135,947.577
5815,669.383
2392,263.593
24330,7765.19
21509,734.483
20260,3038.806
16936,1218.238
27007,1452.35
495,15.748
27083,867.504
20211,795.088
22390,216.783
18958,307.458
16743,2151.028
4626,0.0
6416,880.152
23717,1923.519
22578,31.0
7033,3490.383
24284,903.991
18457,2009.482
13936,2369.702
24928,1408.702
14792,0.0
8568,0.0
8381,807.674
21840,653.511
27684,528.519
20055,556.667
22313,1398.627
12640,6591.127
6446,1447.297
25387,3397.228
10181,529.046
9843,365.831
5124,87.606
19031,-0.3409999999999999
5017,509.454
5499,0.0
15677,152.551
3959,516.429
27013,276.458
13308,2031.12
7844,1411.647
28250,1121.115
12342,3488.523
25139,299.553
4809,1570.615
4560,137.578
26008,227.044
995,-6.2
12824,127.937
28668,121.675
15265,3597.488
17336,2378.475
7838,749.859
21773,5286.616
29475,3182.15
15623,174.375
17835,1498.199
25794,17432.106
15817,901.573
14239,195.579
18399,1524.363
9671,-15.717
8822,94.891
1296,1152.27
21264,4402.992
13785,2240.494
16887,5821.18
15679,197.656
19964,2515.557
13015,26.629
187,6182.516
21164,519.25
15645,1208.535
22761,2113.208
10124,4850.074
7175,0.0
8389,2286.343
8657,2825.371
4064,6.696
7637,1139.963
7762,12.09
15602,23.467
1305,13.485
11499,64.108
13115,831.575
6423,3100.496
18311,491.257
22436,213.714
15379,4801.218
21094,9189.547
10405,0.0
14447,2522.997
24882,3353.549
5664,6255.8
14875,15.841
3518,11903.163
16295,527.341
2756,837.0
1426,14.57
1398,459.265
15841,1756.77
27457,314.836
5473,919.956
9137,955.854
10965,1552.759
12743,435.054
6810,1892.55
13568,1436.881
26850,6524.415
9618,0.0
14601,583.978
921,844.595
19334,247.349
17721,2121.795
18362,824.476
18210,102.145
17197,276.706
22520,501.27
19554,339.45
27059,2777.352
22045,12.059
15793,854.112
29477,610.638
22065,2452.348
2720,2336.594
5574,112.437
26652,2039.645
16169,23.312
21450,11625.713
20924,0.0
24704,0.0
10332,555.489
27697,728.407
8717,631.687
24892,213.218
24115,491.505
28321,804.667
10467,304.265
20870,12.028
18866,0.0
12733,30.132
12279,2501.979
11259,525.915
21573,1819.452
5466,-0.062
4210,1121.549
18908,1925.782
24653,1066.555
3207,2243.284
19517,12887.785
17298,0.0
13367,234.639
15775,3265.478
11860,13546.008
27512,6966.816
25235,1018.257
12794,158.069
4580,27.28
18979,5.921
17366,385.33
4974,0.0
16039,12987.698
16166,0.0
9031,1132.864
7725,148.614
28351,3572.037
6614,272.428
17013,843.231
16235,929.659
25048,7284.504
29852,3905.225
15537,218.178
26431,84.568
14611,55.49
29904,981.057
3800,3085.058
20088,0.0
18645,965.061
16066,0.0
18889,31.589
19961,0.0
10640,3891.399
5731,847.199
9280,1432.045
27033,593.278
20766,3243.778
23960,16.926
20785,2610.076
12538,143.809
20058,1273.325
4859,1356.467
8396,48.515
20691,5.735
6054,25.265
11867,956.071
19403,5483.249
28292,51.646
21889,34.906
8041,837.0
25739,1027.402
23177,2762.999
2000,618.915
12969,0.0
29858,51.46
22785,162.409
23347,518.165
10395,155.465
21004,100.843
28095,0.0
27067,19.53
28136,0.0
16792,0.0
23502,4380.052
25769,2888.394
13288,2073.528
16933,6343.933
20203,424.297
23001,34.999
1922,263.128
21798,3581.12
18193,-14.601
14835,130.47899999999998
10314,503.347
25992,3596.992
7073,786.625
6146,0.0
14478,1812.012
12157,4083.568
22517,1469.586
339,27.342
19069,439.58
17213,3773.32
23666,4103.997
28341,100.254
8616,1553.534
4518,1037.229
8189,1489.984
12139,18.507
2487,3420.137
11791,879.997
25427,-32.147
13073,564.355
26352,3463.32
8989,13.485
5938,1609.117
6029,277.078
25857,679.179
429,6590.631
23362,0.0
29369,67.053
21013,1602.359
12564,36.208
23881,1588.192
27099,114.266
28777,84.692
11164,2094.763
21890,612.8389999999999
9657,114.266
25651,125.302
18530,30.163
8515,5648.758
5646,600.594
26570,38.626
11936,1772.301
6791,12.09
11498,12.09
20285,27.59
14779,6.2
1517,5529.377
8592,1533.539
2074,30.38
19971,1060.758
29242,983.94
27887,1145.729
25353,2423.518
7818,81.685
7490,176.297
27488,56.854
1362,7586.878
25527,2389.046
25693,-6.2
17757,1590.92
28162,0.0
23018,470.456
25537,3707.197
2882,18.383
16788,41.664
16715,772.768
26536,998.665
5750,225.432
1992,453.189
22071,9939.685
1973,0.0
28032,680.512
1451,12.803
12611,161.789
28347,2737.579
29767,4831.257
792,165.385
20531,939.641
302,1548.171
19909,1248.835
20904,271.126
18788,1091.82
2059,22.041
6120,12.09
14124,6941.024
1974,-62.0
3888,3032.451
162,38.254
17857,45.694
1799,4099.998
12677,947.112
386,0.0
8498,311.953
12389,81.158
26196,2997.917
16175,776.147
9937,5887.985
19204,1279.029
11854,63.798
25431,1473.957
1858,1538.189
26154,0.0
3991,549.01
14583,338.396
7284,640.15
26507,942.989
8390,949.809
29842,199.423
21417,2935.669
7551,395.405
13052,1586.797
8881,213.063
8721,442.866
10593,0.0
5024,1494.603
3715,0.0
13257,694.121
25529,12644.063
25059,28.861
1643,70.99
16102,4495.713
1881,1223.415
27876,2938.986
21104,2078.891
16164,1536.701
27163,3749.202
16092,1818.243
21092,8512.569
12759,1333.744
26689,1566.616
15365,1290.313
11634,522.939
6871,947.298
24900,736.002
14046,337.094
7747,4626.099
23146,2866.074
9750,2523.741
25277,762.817
21778,4145.134
3613,114.886
17069,1405.602
23590,1425.659
10056,901.17
17367,13865.153
27085,805.721
17468,1061.843
26847,15122.296
10892,583.668
1673,0.0
28953,0.0
2390,-6.758
517,431.427
137,222.146
5453,2192.816
13092,2487.223
27999,1069.035
16817,1031.587
18666,191.208
16146,5420.939
224,1631.406
8191,8.184
22877,1272.612
29727,0.0
17195,1196.972
12299,789.973
17455,89.187
12992,25.916
3963,969.556
2807,1644.519
24476,89.31099999999999
28091,4299.731
26747,4460.9
19492,0.0
9672,2510.938
1273,330.398
23588,0.0
23597,476.749
29526,287.339
14539,248.31
16700,511.5
18001,4155.209
1174,2534.684
11911,2926.183
103,1385.638
4739,1457.775
26696,1458.612
11968,1556.944
8728,0.0
25899,-7.439999999999999
21257,2749.762
2885,278.876
5941,2069.622
24751,561.41
25190,44.454
10955,134.168
24371,43.71
22700,1842.919
4029,3054.802
29376,591.542
97,2666.279
4129,1316.322
27555,276.179
26125,2547.487
13972,23.25
10288,5129.787
21554,453.995
18570,3587.63
3712,399.683
8687,0.0
14451,0.0
3946,0.0
5452,1073.22
26540,4929.527
23811,295.554
1561,0.0
5394,78.182
1720,4041.16
9960,5156.788
12383,2465.399
28742,9.3
5689,118.637
22306,1939.05
16513,0.0
24116,25.575
22738,416.578
1893,2013.202
24517,3221.458
7460,5893.72
740,3405.753
14013,1382.6
20808,2429.036
11727,2016.674
27526,5301.124
11562,427.366
22925,0.0
16114,255.099
13789,1239.845
611,101.68
21445,3492.956
7994,3961.49
13221,195.734
8092,5599.716
14872,1101.988
8984,2041.753
16197,507.501
2593,152.148
4076,1542.157
2744,607.91
6662,1413.848
21351,1515.745
25309,269.824
23639,3454.671
26753,12.276
13805,451.329
22030,7060.622
5805,2022.347
234,1804.293
2014,7.471
15409,15.159
24929,0.0
7647,2631.373
16456,1587.572
9146,39.091
24585,220.751
8122,28.179
10645,1341.029
17232,335.637
20316,952.506
19281,112.84
3295,556.078
12441,409.696
9616,51.181
6053,4455.847
24665,3330.33
16192,268.801
11089,0.0
16879,0.0
15697,1049.102
6620,84.661
3388,4669.096
20970,7007.457
13321,10.106
18285,93.868
28814,192.944
23541,209.126
11320,1334.395
4750,271.746
25424,562.371
23050,186.372
16329,38.688
3813,7.719
15859,599.354
15025,1032.517
28433,546.375
11546,5442.67
1556,1170.994
25526,547.677
20473,0.0
17686,493.768
16925,507.067
7203,15.5
14330,0.0
11507,4205.274
23990,752.649
17639,6979.929
27979,0.0
1971,635.438
1717,134.35399999999998
28235,9.796
24608,38.533
29346,176.793
28523,160.766
16244,91.016
772,341.806
15311,0.0
12915,1902.377
9246,250.139
19526,183.21
22653,187.023
11766,1516.055
32,2884.116
591,2580.905
4957,1086.24
9454,2051.394
16815,31.0
1828,597.091
21580,300.576
22669,510.322
8567,262.973
24283,2635.899
20312,17.887
17072,209.529
287,5599.871
18520,36.859
5187,834.861
18278,24.18
21729,3933.435
21333,4209.025
13507,-0.248
7692,5172.288
18719,1743.75
19320,843.324
3563,72.85
808,962.891
19872,440.293
25633,70.494
6553,20.305
242,826.305
22492,6448.279
7892,239.072
7337,114.08
29365,1791.149
19464,5184.192
12224,10.106
19177,638.786
28007,2766.502
12508,848.408
26017,8850.004
21947,7255.643
10030,504.525
22983,-4804.163
11534,1421.071
10736,12.09
26102,283.185
6725,2438.398
18643,2676.385
26856,907.556
22275,4058.737
22735,175.15
4924,0.0
9779,962.24
22472,1536.825
4162,69.688
7350,2205.557
23949,1494.665
3954,559.395
22016,233.709
26553,12898.79
22650,31.527
2428,36.146
26482,1269.078
23152,40.579
19717,416.981
14578,2734.882
14069,3922.926
11763,164.61
29945,1363.938
3386,60.791
17923,1533.663
18614,49.848
11573,715.914
1423,0.0
4600,124.899
14044,12.09
10426,1306.65
88,2520.703
20169,1834.146
5649,7.006
28802,210.955
29373,1828.442
22531,116.405
7729,573.469
9604,130.603
10388,2927.392
28057,76.756
29031,8897.651
15065,1421.443
25195,1647.929
16552,2474.389
17375,2237.611
16138,820.415
8907,335.637
29306,0.0
13615,130.355
26984,896.21
29211,1357.583
3160,104.687
29597,157.852
16699,579.886
24031,6304.067
23999,36.828
16480,2104.063
6958,12.09
25234,689.471
20887,4663.981
10435,1136.584
372,1063.362
8082,2645.137
25621,23.374
12337,578.553
13679,23.064
15060,0.0
24042,172.794
28986,101.525
465,6462.229
23962,126.201
14730,3029.723
3263,553.97
12492,5842.353
18365,37.727
20902,489.056
21933,3391.152
7495,531.4639999999999
5330,572.725
8168,6130.126
10232,1563.33
6116,639.592
8902,0.0
8609,22.196
22989,0.0
18404,303.397
5305,404.178
9051,95.232
29164,1560.633
14646,188.821
23785,2225.056
26887,2453.185
14320,4.65
20451,899.651
29430,248.682
22286,20.677
22316,637.918
19195,0.0
23852,282.875
19226,224.254
11614,2866.911
3602,-14.043
4633,-303.862
12590,21.576
2318,73.315
19393,310.0
7738,572.384
1760,218.984
26618,2688.444
14311,446.803
12231,371.969
13142,9959.711
28672,1806.091
22058,273.978
17901,227.881
27312,3866.196
7429,428.389
23874,2751.746
25133,919.274
0,121.303
11827,1078.025
14773,378.076
14508,2714.98
29814,2491.098
23073,12.09
29515,3714.11
20154,641.483
7720,4629.633
2071,823.546
29440,16.43
29144,77.5
29797,3051.64
23465,234.453
23797,18.228
10119,325.438
4697,1374.292
9971,94.86
8827,3651.583
23669,693.563
11856,2168.853
16277,3169.75
25567,178.188
24139,6685.646
19038,17.205
17269,0.0
15229,1242.046
20672,809.999
11530,0.0
12842,466.395
23398,0.0
15121,699.081
18299,757.206
23469,1832.007
17291,4358.569
3447,4497.294
5490,0.0
1848,207.948
19432,25.389
22156,2769.416
23983,1010.29
25417,1425.287
19277,10.106
18402,1655.369
107,22.103
24722,1452.319
19949,86.428
20116,1382.29
10401,5599.995
11825,1698.707
22656,5.301
19408,2777.693
6964,195.362
3641,2433.717
7084,3234.664
14555,13941.723
22478,38.502
22628,9.796
8053,2452.906
16187,1865.27
17400,467.759
19001,1233.924
26978,683.798
2862,470.425
7172,10295.813
19295,4569.276
21803,24.056
12779,467.015
3322,1578.086
8740,1322.243
13022,16.368
13435,309.969
774,228.253
16766,6861.571
5741,256.246
3914,3143.493
20433,3997.357
12934,869.7669999999999
1908,633.144
23257,0.0
11131,89.28
28042,0.0
19953,16.585
9498,-56.048
22754,2913.442
20825,0.0
27572,0.0
14453,1444.91
11067,77.5
16506,791.461
5105,5340.401
4768,0.0
9227,4514.437
13141,1150.472
12388,1007.035
24980,1566.616
25777,12.09
6421,2300.913
21033,649.45
2695,302.405
28318,3447.324
7523,0.0
11515,19.096
6434,338.241
21799,1956.689
25736,547.088
7276,1975.165
14266,6702.014
12514,1208.225
10713,4976.647
26364,5419.73
17831,671.677
10088,4226.23
12517,131.936
1299,320.013
27463,4128.177
18762,1828.101
26973,11.16
4930,1582.457
7224,1516.21
20317,4153.876
26578,922.932
10476,12.09
16223,1564.26
17604,9595.461
17642,30.659
7799,172.856
6128,678.032
7086,3550.678
10154,179.8
16246,3268.64
26967,1632.894
23450,288.641
9598,247.07
1042,1715.819
3884,941.036
27693,13.64
5386,223.138
26654,1458.054
24633,1736.744
1231,567.734
20689,-0.806
3932,522.319
14336,792.174
5402,743.907
849,22.506
3147,7161.744
28544,0.0
23720,569.749
22667,51.429
9711,98.487
16821,246.543
3299,921.227
21724,511.655
19476,797.785
25515,-4.712
15428,-3.286
9555,2591.197
21434,507.098
14480,2652.949
15461,12.09
25290,3209.771
447,1429.782
3788,1564.601
10265,0.0
24944,1954.333
18274,14579.61
26998,140.12
17652,1535.306
22179,2826.952
11607,0.0
26138,3497.327
5264,290.16
116,10.106
4628,1832.751
23219,7402.644999999999
5900,929.814
19126,859.32
16862,3718.915
5268,208.475
19941,854.391
17794,9.021
6623,1874.88
25362,1018.97
25641,1773.138
21152,5167.948
2837,1355.599
28965,169.043
4717,1870.013
1141,613.831
27785,46.686
20083,796.359
29168,1230.266
16450,4287.703
25544,2440.289
10246,153.512
1632,1033.013
19903,1387.219
24255,163.897
16791,2047.612
8446,620.341
29870,1703.512
5384,-1.302
26300,135.346
23932,22.32
20295,311.302
17741,1497.393
3694,1351.476
5555,3156.637
22870,24.862
7981,1511.808
17028,806.713
25241,412.021
28416,202.399
8228,474.982
13222,1305.255
6817,9.796
11837,55.8
1017,4085.645
18855,731.445
29152,20.026
14795,1846.918
3269,2885.17
16050,892.025
16778,443.61
9558,1615.007
208,2530.375
5859,1468.904
24576,1090.239
11212,15.376
25009,2905.847
1910,24.18
16602,277.481
9381,1236.373
23623,67.17699999999999
21946,10159.444
4279,52.638
1002,154.659
1023,307.458
23589,1360.466
18,0.0
15860,3337.119
25618,132.649
8828,-1.054
13534,2641.944
19834,4687.634
24418,1414.189
23906,409.293
28255,162.75
5406,1617.456
9887,730.081
8602,988.745
1513,0.0
25483,1558.308
17962,2424.696
5445,663.679
2647,2795.766
6959,7475.743
17330,639.375
8930,1194.926
15347,12771.07
16201,919.832
21902,1122.665
28751,0.0
20351,283.836
20098,276.179
12808,615.164
14389,1387.715
1712,4959.969
4308,10.044
1389,346.952
2536,0.0
8434,0.0
16286,821.624
8709,1072.786
24240,14400.771
27949,113.057
25553,7357.695
26845,2228.9
5596,95.945
14473,937.657
17801,0.0
6233,135.687
14106,1553.255
12685,1863.379
15666,762.569
22555,1281.912
11631,322.586
9484,1495.905
23770,0.0
15911,1684.106
22170,13595.639
22370,297.879
18669,472.254
23249,2131.405
23440,465.031
2824,272.831
9614,22.971
23547,0.0
8964,6034.274
16079,3014.099
3524,100.254
12325,0.0
2112,1489.798
2755,7882.246
10253,5315.415
9307,612.064
3859,1601.801
1708,47.895
21551,932.387
940,1318.833
19056,808.728
7975,81.499
23727,2574.24
27956,2986.602
13001,2184.88
5706,7065.737
6040,24.18
410,909.292
16975,1722.453
4136,341.434
4277,3466.42
28945,59.613
26672,126.821
2833,12.4
3533,1516.613
7757,324.818
28752,582.273
19688,170.5
15653,4193.06
2525,48.639
18034,24.18
23325,325.066
6762,6524.725
23752,1720.438
752,1489.116
9337,6210.292
4057,-40.92
3381,1253.671
15176,235.383
7849,230.733
16315,0.0
10010,4722.819
4448,1544.823
25224,1194.275
19326,1515.125
15994,128.371
29507,299.119
9389,611.444
10975,77.5
29343,10.726
19359,486.545
22922,108.686
29506,2040.544
28919,2354.543
12608,381.982
8338,95.015
12005,2478.419
24272,0.0
20806,2119.47
2450,2392.611
21045,5289.189
14353,192.045
24582,1807.455
10938,4277.194
3397,0.0
17837,2173.844
14360,2743.438
25774,1164.546
15455,8532.471
2576,2263.0
14245,2469.336
9478,1105.646
21323,1856.311
22006,1931.951
6876,2153.57
7212,2402.19
20673,3397.941
10867,4646.652
10143,730.67
28887,18.414
17826,1610.481
1810,97.712
839,0.0
22822,210.273
1223,101.06
13355,128.371
16861,0.0
20114,185.132
22347,383.377
1763,166.749
23255,3734.012
23201,1747.749
2012,-0.155
20247,0.0
5027,151.931
8910,369.644
27945,7466.226
20692,1683.207
16015,792.422
26612,181.567
15424,865.396
5517,147.622
21391,29.729
17779,1263.281
14745,1997.547
4746,66.03
22424,0.0
15004,538.191
20200,0.0
16872,483.972
7993,230.888
20891,1594.578
12402,144.956
322,43.369
24016,7493.32
22890,130.231
7598,589.093
13269,30.814
4990,2388.674
3693,1947.544
11619,3714.916
12579,7755.58
4987,1791.056
2889,9202.226
12511,3481.92
20931,12.09
10553,593.619
22664,228.191
16509,1383.53
6050,30.566
5320,531.681
12462,3929.281
16302,969.68
23562,178.87
17963,1629.794
9560,216.039
15218,780.983
25472,3503.093
9021,411.463
12213,4571.601
1261,11955.522
7333,628.184
20738,1797.411
16540,3713.893
9141,0.0
2172,495.566
20920,193.781
661,1328.536
3878,2702.766
11971,1458.55
13668,2381.761
21527,459.296
14876,33.945
1041,40.052
9065,6886.154
6685,667.213
11235,4076.19
19184,76.57
24327,468.751
8572,3377.016
2947,3918.989
10581,48.732
19183,1108.467
6878,4476.617
13512,320.509
28123,74.958
22497,49.383
10469,0.0
10185,960.163
5505,2717.336
1404,259.935
13226,1331.45
12835,6040.133
14459,930.31
24304,568.23
21486,614.823
1807,718.115
14116,0.0
8974,5.27
11455,223.014
20614,519.374
20432,1418.343
24060,0.0
2910,40.92
26674,1759.343
11120,77.996
4926,12.896
23612,235.755
3384,202.74
15997,3302.306
25345,2413.66
23863,0.0
1061,333.25
22463,366.389
18190,2110.263
28964,12.09
8103,0.0
4272,12.896
19315,750.727
29083,272.893
29634,2432.88
20824,45.043
2474,829.8389999999999
10572,388.151
3070,3078.517
26018,0.0
29682,468.596
11355,0.0
22677,8884.445
3896,2263.744
24499,1113.613
6608,9.021
15318,3283.241
23650,1257.67
21268,12.09
20269,262.818
3622,6524.353
24473,3956.716
659,13.237
21020,24.645
11277,0.0
3892,1555.797
22215,120.9
14088,401.791
27038,327.577
22272,1897.727
4992,493.799
3065,0.0
4130,3826.516
19233,0.0
21725,508.183
6982,97.216
9416,461.032
11935,137.826
7281,34.286
1834,795.553
12668,0.0
21784,23.374
13360,274.567
26868,286.068
256,35.774
19523,1378.818
16922,15.5
27170,77.5
22019,12.276
21658,1511.901
29058,14.415
24668,5674.457
20103,3641.384
18502,92.008
9519,1179.612
13934,242.761
6234,1019.993
4696,88.381
13611,1502.57
16802,1542.56
15730,218.643
8879,258.757
19238,1124.339
4409,2186.802
9946,455.328
29449,322.4
28485,756.183
2961,20.801
8484,148.707
4338,98.146
12400,700.724
1285,378.2
15096,0.0
1783,323.609
26242,172.484
24805,301.785
1569,100.006
11080,2338.02
18567,914.252
15877,1486.078
16929,473.711
4194,0.0
20139,2700.255
10618,853.306
26873,605.182
16916,1461.805
26805,0.0
2464,5438.671
29038,30.566
6604,184.884
14304,1728.715
1478,0.0
25766,93.093
11066,131.657
516,2130.909
20993,1565.996
27738,194.432
17369,7158.861
14639,245.768
5688,24.18
24346,0.0
15940,3057.158
19465,1696.661
23771,2184.167
25455,100.998
23892,554.125
193,454.77
28525,1739.317
8947,1698.893
15591,2719.537
4022,162.471
21415,3312.412
25132,2227.722
3816,1306.836
26910,0.0
56,507.966
5932,2563.173
13048,7357.292
1648,0.0
25700,25.482
7078,501.27
26044,4316.905
18245,0.0
25019,1485.892
5332,2480.372
20523,12.09
23525,12.059
8268,1485.923
26780,1303.705
1197,915.957
10674,2274.346
2415,31.186
8175,3421.904
18691,4992.705
25054,503.471
15909,3574.393
28972,5210.79
5122,-0.4649999999999999
26424,1046.033
10872,8790.112
18119,6231.465
25477,125.054
10123,0.0
21632,116.591
20578,2854.666
26307,2136.396
9902,0.0
4310,9.796
7896,1743.812
767,354.702
25594,5.363
1307,12.09
16555,2225.645
15266,50.406
16694,8218.72
28554,0.0
4669,1541.692
21536,612.529
4683,90.52
29247,1857.427
15253,7384.975
4747,60.636
10447,1993.3
27123,4196.377
14958,566.959
5010,1665.32
2666,212.536
5183,432.233
24239,4441.246
8138,9.796
29378,1339.2
16405,8479.585
16468,386.446
24689,3465.366
13173,581.467
13914,1091.975
4452,36.859
15051,615.908
29382,12.09
5301,1894.069
10858,548.483
13691,81.499
16981,232.066
28840,621.891
5619,930.093
23813,83.204
7947,2399.803
21642,2120.71
6284,3279.025
11675,1196.879
6720,5717.764
28904,448.26
12614,5918.489
20262,166.78
698,868.806
28435,0.0
15445,221.03
13482,1389.792
17658,722.393
19509,763.0649999999999
603,819.95
24543,0.0
12540,226.641
17500,1225.058
14734,2564.165
15619,1929.564
26889,1473.399
13623,1886.009
6776,4674.707
1177,3021.694
22987,118.296
17912,6034.77
1257,29.45
1304,221.96
2289,254.51
9161,5.89
28849,0.0
13469,1194.275
9392,5306.859
24696,221.03
4867,240.901
19134,3245.421
25707,591.48
25790,224.936
2411,355.849
558,533.448
22278,24.49
3828,180.73
2714,1073.964
5095,3955.879
29188,0.0
9171,1753.763
14775,0.0
7315,103.168
9320,1134.29
20120,3482.633
10299,2.728
4880,1339.355
18130,102.827
28926,1107.785
27115,14121.12
27795,1569.22
21858,0.0
14189,20.305
22240,-0.713
492,3055.36
26903,194.37
23577,465.0
12412,1277.944
24515,546.282
22897,140.368
2134,1078.769
4478,1219.013
13638,-7.285
22002,810.123
16492,264.275
19429,3028.514
27554,6216.895
3604,844.874
10894,266.6
27920,1407.555
28995,6.014
1281,0.0
20649,628.494
16599,44.95
1875,5084.465
4950,76.663
5708,1008.74
4104,24.893
11085,1317.128
23582,8651.015
7686,3710.793
8607,57.97
288,2197.776
24610,86.056
16176,2962.484
26765,0.0
23187,553.319
24026,1546.869
26362,4071.881
3549,62.0
1905,5743.308
620,1120.526
5533,951.359
1007,5153.626
16586,285.541
18271,114.607
28161,105.648
13663,4312.007
23606,4187.108
24978,15.469
11697,666.748
3855,2008.8
25018,1431.89
14771,140.213
12044,524.489
21221,14030.6
11251,2101.428
19045,1570.863
28823,6164.009
14047,2575.883
18557,384.059
13651,1773.882
12410,42.005
23516,151.621
16647,647.683
7962,515.282
1278,762.011
7015,590.333
13441,3421.129
12191,5291.917
23591,27.9
16350,-0.31
6828,1568.197
23373,453.623
29379,3680.413
13252,196.726
21109,12.09
7239,51.305
20044,6066.328
6865,3202.61
28723,68.231
25856,346.921
1393,619.6899999999999
9845,1991.874
8966,2421.968
12546,15.779
20626,4090.729
20112,4380.951
7569,10.85
24295,865.365
5237,7930.854
20745,842.518
17696,0.0
283,1658.314
1651,731.414
20110,4660.695
29103,3844.217
25945,1388.707
13063,0.0
3426,189.441
8199,3829.988
9687,6306.857
28167,915.74
3513,2218.329
12336,902.348
26960,77.5
8439,1506.972
15433,25.916
15721,596.502
6477,0.0
7693,2405.445
28629,91.605
12528,212.846
6884,805.752
20029,75.237
7614,1458.023
9811,0.0
10925,1528.145
13375,921.754
19814,-100.998
20955,326.182
18862,1527.649
18867,90.272
9851,1760.211
278,1576.629
12416,3189.404
11214,270.63
29889,1521.263
13309,3676.631
17709,196.85
6825,5377.911
23283,1148.054
28447,3393.291
3835,136.4
22905,4117.513
11158,5974.537
26134,4079.538
29848,520.397
17701,18.6
5308,2635.93
24130,771.094
6546,1640.985
27476,2015.155
5414,921.413
4773,258.509
25491,1498.478
28574,485.677
10001,1162.996
21601,2476.094
6573,3736.368
13940,60.326
29854,3283.458
19159,18.6
1691,-2.108
85,4030.868
5159,574.213
3238,524.675
5809,6241.044
22523,0.0
29442,1342.083
4865,0.0
2310,2888.239
29776,334.955
7732,3118.848
8541,3658.868
18967,107.229
15416,172.081
10920,2593.088
22261,87.358
8675,13984.503
10004,72.571
6524,1244.495
6452,1659.771
24252,572.074
26777,77.5
17842,4566.61
21518,347.882
14495,2835.477
26001,2416.822
22784,217.527
24785,7297.028
13753,3069.961
8214,467.976
29758,358.732
14694,2180.044
8944,1601.832
24860,335.451
26495,147.033
16687,7246.436
16099,2516.921
10248,543.368
13853,413.788
20727,829.963
25136,701.313
10,343.263
24984,1650.347
24589,92.256
24046,1408.733
2808,10471.552
8109,373.054
20661,1682.308
14993,764.367
2199,33.17
29265,912.175
18177,518.816
28526,869.271
27388,5724.491
1636,1544.296
9411,-35.929
26562,192.665
24732,1594.919
27310,65.224
7087,536.703
26101,1928.479
16217,467.914
29711,546.468
14662,0.0
16358,449.81
26888,560.821
16115,1870.323
1199,0.0
22805,0.0
16485,529.387
588,4078.825
11617,2873.483
129,1876.151
4110,0.0
29196,233.895
15044,552.079
29280,451.856
23734,0.0
4225,101.494
21793,548.39
649,653.325
8376,171.12
17260,555.83
26315,4133.788
17131,205.158
17748,1292.576
16211,872.123
16661,2973.923
26629,671.212
14652,180.42
18994,0.0
20237,74.4
20306,0.0
7063,23.25
8302,2529.693
25959,1866.541
675,2007.622
7161,62.0
10662,8.091
786,28.799
23327,153.202
17725,-19.809
5578,1857.892
19518,287.308
3818,470.084
13191,346.208
6586,0.0
16630,221.588
2063,5441.709
4412,1997.64
26834,1289.507
18242,2481.147
14369,1296.637
384,701.189
27827,1219.075
2147,1868.959
15457,3615.375
565,224.564
7133,1465.556
24156,3371.622
18209,3461.584
28345,2533.661
16739,793.631
22525,0.0
16136,10928.678
18848,652.333
18936,2367.873
28623,1896.58
21686,2655.553
1459,469.557
14783,10.478
16803,723.23
8533,53.475
26384,121.582
19602,334.49
24617,2619.128
707,380.959
5367,5259.398
29559,779.4639999999999
15389,39.742
2649,62.0
4327,1562.431
13904,0.0
15674,715.17
25416,4254.533
25585,7.75
3820,184.574
8666,1517.574
884,1603.847
10922,416.764
20037,389.174
4983,2336.563
9874,4869.294
13497,20.46
22158,57.536
21510,204.104
26704,1622.974
28374,153.45
28145,333.126
22202,288.765
18641,195.114
14347,5195.724
1586,465.806
9113,1556.479
27909,348.378
556,162.22299999999998
153,6472.025
4687,5302.922
2061,158.813
14550,494.078
1903,1086.984
28259,1212.875
21481,661.323
11811,1593.4
6617,1126.199
8864,4454.731
11672,514.104
1256,12.896
22918,1529.54
1133,1399.929
19148,7575.687
13562,419.151
23034,73.656
24040,909.664
10008,811.797
10704,2225.025
1814,2667.147
6946,1301.721
7105,878.757
20257,311.891
27191,2130.909
20580,2170.341
13017,-0.155
365,-0.279
27636,12.09
19783,0.0
20268,0.0
24010,229.772
20085,0.0
21980,1920.14
2157,2301.316
717,2151.958
3208,392.46
26959,13058.037
14404,0.0
22788,892.428
23037,2148.734
7894,2046.062
4091,953.963
19781,97.588
11781,63.519
12551,2644.455
1040,2.17
5071,225.494
29148,3505.449
3055,174.964
27095,590.7669999999999
1365,558.651
23651,6503.211
4563,871.286
26155,396.769
27546,15290.781
16212,0.0
10438,6773.345
17208,2153.105
20983,5524.82
9388,1479.103
19142,101.432
21279,8.184
13456,0.0
24399,7526.955
19424,55.459
28739,-4.278
1630,2077.062
22563,3517.446
15956,1296.234
14706,3117.019
18720,1368.929
7519,123.349
20908,5494.347
5906,2088.501
20251,600.501
6518,22.444
10684,2102.451
5643,12.09
15852,837.93
29472,1112.652
7463,340.008
19202,46.376
3978,5632.049
1073,1476.065
20347,292.082
671,398.567
22180,755.098
13927,6303.54
4331,1167.832
21476,1788.607
27181,93.434
23947,1956.689
21606,301.909
10083,5704.682
6356,543.771
20953,1365.767
18336,100.347
20004,-11.253
6173,692.013
28112,5188.935
12672,1193.004
10614,748.526
13900,4905.595
26430,2541.349
22258,66.34
13392,1437.284
22426,35.34
28755,273.172
17987,3093.583
6103,0.0
22717,0.0
5597,9.393
25382,6319.35
8213,992.186
13214,1261.979
15899,1753.205
11528,1158.191
23834,940.726
7632,4192.719
13315,143.375
7053,1102.484
19053,680.76
28649,4211.071
14444,29.853
13272,0.0
12098,5607.497
13168,1569.468
24365,255.44
13755,1740.464
5482,63.178
6841,3087.383
11096,6880.76
4984,-0.155
29367,178.715
9481,654.441
8624,24.18
7761,78.182
18302,-0.589
3021,248.341
11493,43.121
27283,503.657
15863,2294.031
7513,3694.115
18088,4776.79
22825,81.065
19241,9.672
16920,69.905
14381,2723.102
18785,3229.053
10256,0.0
3317,226.3
2802,887.809
27578,930.868
930,2120.741
16220,889.7
8159,6882.0
13166,6020.262
7305,11.718
16995,957.9
25962,3285.256
24296,26.04
11247,61.814
4778,10908.59
9916,1838.61
10403,622.821
12262,729.74
5598,2561.468
16209,4693.4
26174,141.577
10092,924.606
6275,303.087
26533,269.886
11661,1099.074
28276,264.461
23491,321.222
18940,2552.013
25619,10.106
19371,646.877
27878,113.305
18528,592.193
10497,156.86
29377,27.9
19940,108.097
25965,151.249
28915,207.514
111,410.564
27842,2162.374
14757,89.559
881,0.0
15015,636.43
28789,905.603
951,2513.294
5337,2231.318
11094,17.483999999999998
9629,2544.046
28073,435.178
11880,0.0
6516,281.852
26079,4.34
26272,151.497
5830,5997.322
22061,654.627
15095,7984.949
6966,11.501
24992,528.643
28850,961.341
22409,475.819
27296,945.655
110,3282.249
1405,204.848
27897,1412.453
17445,2887.867
27393,12.09
8373,505.362
14035,34.193
18183,3836.932
4546,1694.553
29040,4867.558
29815,1037.167
3895,815.455
20348,1065.656
7366,4178.273
9330,2039.149
23665,1843.601
7848,4115.405
11765,32.86
19578,36.053
23448,526.473
6961,1530.935
5309,953.963
25541,7501.659
13606,1061.564
9185,1641.419
27881,328.538
7361,0.0
24780,666.903
12443,923.242
12189,556.016
21964,1823.823
12281,700.073
20492,115.32
13787,826.46
10989,336.319
24089,12.4
18117,2718.018
6426,280.302
14672,1358.358
4512,2051.456
21616,776.426
3407,68.262
13320,7815.379
12966,16.12
827,271.405
11809,1591.85
14210,70.99
27545,30.69
9261,656.301
20460,721.246
20000,1308.634
6756,1571.08
16276,861.335
15850,2286.002
28791,3988.429
25407,1190.183
640,4599.253
9297,2223.661
12173,1389.048
1434,652.333
2377,469.495
3372,-2.046
21843,1040.453
16296,1118.325
11423,11.811
22357,1346.516
11606,897.419
5783,1894.193
1336,1320.073
29714,2799.982
15475,1576.195
23611,65.844
11230,654.596
14681,1520.395
7959,611.537
23978,47.864
20648,2570.706
26826,1013.018
18158,355.291
13474,1793.226
21741,1500.183
24053,541.508
6743,148.397
14269,546.344
4638,2359.503
19608,2521.168
24701,583.699
4916,3341.831
2215,331.7
13958,74.4
19218,806.372
22942,1.736
9829,1888.458
29918,4025.288
29952,722.052
25747,615.257
19725,214.489
18474,15.965
28539,5.828
20197,218.023
8114,1449.095
7095,5037.5
13635,87.73
29025,4589.798
8573,904.797
24065,3454.175
28482,160.301
9661,440.758
4711,353.214
26230,887.22
22296,12.493
6031,14.663
9179,11.129
4249,5.115
2469,3035.055
25291,165.168
9790,532.58
26471,8.122
7873,4051.948
18740,6107.589
3287,1488.31
21331,285.541
17200,395.064
22389,0.0
23831,35.588
6147,-121.768
20541,1528.052
27957,581.281
15659,39.928
6346,0.0
28106,68.603
1287,427.18
24368,693.904
7782,1068.291
2437,63.767
9105,13296.737
18132,96.503
7097,38.626
3794,631.966
16199,600.811
13918,320.85
25652,0.0
24878,4255.184
1822,1308.2
22508,0.0
24228,25.792
29030,77.5
10356,1386.909
14742,193.719
1018,-1.705
12819,1394.287
11330,1619.254
26003,625.611
8990,18.507
28779,656.549
24507,10.106
29277,744.093
15848,272.955
1248,2089.834
24285,0.0
20376,5321.15
21684,1472.81
14853,1010.011
413,423.708
18845,1997.64
22680,8554.636
8306,361.088
10107,50.158
28301,0.0
14966,140.895
15785,1495.037
25454,1477.553
1214,128.154
29341,0.0
27682,651.62
17787,2393.975
5665,3693.278
6595,1657.136
14075,6983.494
11642,22.63
679,900.023
1769,17.639
9954,4243.869
8318,317.068
3669,0.0
14496,737.1179999999999
26073,0.0
11383,296.391
23496,325.035
1515,202.306
27484,3478.262
9496,1957.154
26132,8.834999999999999
19525,497.209
19356,0.0
2120,2395.99
4090,6927.973
20590,71.982
21078,3474.821
16495,1379.717
7752,71.3
1356,1296.265
23511,0.0
14100,840.224
29880,288.269
24843,29.171
10929,3516.516
25674,17.576999999999998
15011,301.568
15513,3335.445
12692,171.058
27830,387.748
21128,672.948
7502,209.25
17271,0.0
21458,110.298
12043,219.17
25265,1246.696
19690,86.645
25367,6536.846
27468,233.275
2956,159.712
20061,1612.31
6486,211.048
29132,24.304
17994,1133.36
24740,3657.473
15735,2991.221
28908,2775.089
15007,967.727
6431,3.069
21556,351.199
14613,1344.594
28019,129.704
19993,6237.913
29340,1304.015
4198,0.0
25242,5186.827
5241,1664.39
23313,1349.864
22869,12.276
23817,6756.016
23527,866.202
26607,3111.284
26678,1168.111
29523,3058.987
11377,553.908
22786,986.637
19488,2713.74
22592,414.687
8012,5747.369
26349,1.674
8911,814.184
26705,970.052
27998,0.0
18047,6996.979
26885,47.988
22121,1573.467
29200,1531.741
8115,931.395
22459,76.88
26648,4227.718
5089,42.594
16972,673.63
3780,306.9
3542,615.443
28118,1187.238
4976,2873.328
15608,1653.602
12226,1699.885
3391,3589.366
22946,818.927
26528,6117.044
4026,7274.491
27708,2728.465
17302,1520.891
24947,1511.281
11795,851.229
18125,5691.414
21832,43.09
19049,4038.091
9007,592.317
28809,2384.582
9487,110.67
29443,4141.538
17128,5815.6
29771,583.978
24485,1565.5
4945,5449.645
21805,1746.044
15981,1315.702
27720,321.656
24799,7.192
27055,71.858
13439,1177.349
17095,738.42
28918,345.65
17340,604.5
23657,1899.277
22372,321.191
10014,99.479
8164,83.328
26038,881.578
2896,4532.231
10703,5.146
28313,-5.053
16953,57.722
13728,789.415
29741,1485.148
24167,3075.696
2699,186.031
11673,7178.05
6387,1426.186
9894,606.515
11415,1287.74
27155,85.932
2587,170.996
28761,770.257
10002,15.221
16786,332.041
1435,1046.312
26055,0.0
915,0.0
12531,556.512
8152,3007.992
16800,2193.622
18077,44.361
18470,1387.002
3747,2514.565
24039,1878.197
16811,2821.496
24112,957.993
28877,1353.832
19839,2284.328
9633,3974.448
8648,74.4
20677,3948.47
17201,849.462
16893,88.66
25021,4090.543
24836,6764.355
14452,54.25
6833,531.557
27778,1084.504
18745,57.505
20596,15.5
25837,-43.524
21472,103.354
8688,35.34
15059,1834.828
143,376.929
23699,1169.227
1655,497.023
17852,-22.537
22631,723.4159999999999
10624,2590.577
19478,53.878
27180,3876.705
3345,77.5
23078,3195.418
5428,738.42
20758,3056.228
28487,1236.373
7845,3205.338
28249,26.598
17969,64.139
23041,1941.716
5504,974.733
9990,122.326
2275,192.913
17081,2440.847
748,12.09
11079,7091.374
17824,715.325
3441,0.0
8814,348.347
8954,795.119
27880,2499.375
27519,5815.011
12826,8212.798999999999
25035,2787.303
24851,955.079
3681,515.871
21431,1352.096
13162,1383.22
22311,237.15
7393,35.557
5092,369.21
4230,3.286
24222,5116.302
24338,-10.602
1489,326.492
13519,355.632
8492,251.007
16287,214.675
23100,3034.466
27820,865.551
9042,26.474
17989,1729.056
29600,168.423
4879,2334.176
741,32.984
23987,572.105
9655,521.358
17258,108.221
405,119.598
20616,3739.189
3831,119.195
17133,172.36
18012,496.403
29838,7020.477
11956,13.547
16734,1495.812
20876,1526.471
14479,1166.902
25709,0.0
5964,1862.387
8362,1499.997
5778,54.839
18969,0.0
810,2172.976
5553,33.232
14398,450.926
17913,32.55
23486,572.88
18244,24.18
24486,55.738
11844,1429.224
22606,909.137
28879,9425.767
2165,336.598
10795,1433.564
19620,257.858
11275,2076.318
11174,2608.681
11916,6428.904
28265,408.642
18507,1386.537
6935,480.872
4457,4019.243
23299,2954.052
17303,621.209
25376,465.744
26199,1559.672
7004,502.448
6190,2163.614
22380,7353.572
25661,2660.637
4485,632.648
12909,169.88
6900,3327.447
11295,2289.009
20826,2595.382
8350,-0.093
12198,279.868
28759,16.585
17409,173.662
29129,307.427
14827,370.977
3860,3534.217
1739,489.459
6069,12.896
25364,420.608
29414,297.91
9302,391.592
13328,9.3
6864,205.933
4943,102.455
29182,207.576
2995,5398.154
3296,91.357
10595,1377.919
16105,1096.47
8504,2466.949
22239,2949.96
12846,224.223
25046,5.828
10255,1200.816
3865,916.515
10243,271.467
28417,1959.138
28401,0.0
15464,1283.834
9767,2549.843
1134,488.684
5984,61.101
264,313.565
21110,3859.066
29091,1430.247
22955,3499.218
22014,1043.925
15577,1421.04
6217,25.916
13131,142.848
23791,1874.198
4,267.127
21348,2776.36
26907,4336.652
2927,1343.571
8996,571.671
26865,8711.527
1549,3592.745
5820,4585.923
1332,0.0
16666,437.41
5949,177.661
3380,92.628
5589,862.978
14331,626.758
18019,758.415
8078,520.273
19932,-5.859
2315,0.0
17539,1445.84
10346,287.866
8367,289.075
27046,13.95
1480,2932.135
12890,205.933
28548,6094.786
8093,27.9
8767,1503.407
14935,114.39
4762,878.168
21346,641.886
23211,6.541
25966,1867.037
8418,3100.651
29084,419.833
15138,455.979
29217,51.15
10577,1490.015
2064,-0.744
29177,195.951
3095,639.003
8445,1327.017
9746,93.062
9517,231.57
4682,0.0
1989,4021.289
13462,0.0
29544,110.546
28353,1454.241
14170,887.716
23149,8967.06
2869,340.163
19419,0.0
6601,1363.07
11525,324.198
14137,1759.002
21329,5.766
27052,286.502
14372,487.134
15344,4150.59
8714,0.0
11223,0.0
23311,6680.748
28813,3435.389
28617,12.09
11630,1025.914
27868,5189.71
23604,4156.232
18896,23.002
4847,12.09
10837,4178.211
5823,1506.817
16697,4303.141
24254,137.795
10687,988.125
6323,30.907
16754,266.693
19390,4913.314
9048,2138.101
10843,4388.701
25996,462.892
21898,577.375
24703,0.0
8096,1468.718
2941,8958.814
15900,2824.596
20521,31.0
23981,475.23
738,2878.319
21174,5.828
847,1477.057
17614,104.346
12784,1373.92
20792,912.299
13827,9981.597
5279,1510.506
27054,6030.988
26355,0.0
29104,327.949
10406,2672.448
14858,2951.355
11459,0.0
6289,534.533
4505,2334.176
7622,12.09
29323,262.539
10077,609.894
12478,498.232
5925,376.03
12548,4659.641
1833,1823.389
4231,4763.584
8413,1393.543
12249,4391.77
4423,8068.059999999999
20165,481.275
2779,248.0
27716,1055.488
23847,17.546
17605,152.737
6621,91.791
12287,6.603
7126,507.067
16186,906.719
23594,0.0
795,3008.922
17432,7396.631
1097,0.0
2262,233.616
19331,106.609
722,0.0
16897,2823.852
10165,2016.829
604,0.0
25377,0.0
6787,-1.55
27644,49.197
12980,790.004
24322,2367.842
62,774.597
19792,921.661
16545,48.546
3760,650.256
23461,228.904
11393,3964.962
2989,945.655
1117,580.878
14267,13367.045
17936,2548.634
27835,6081.952
23230,1801.937
23513,287.37
15639,179.428
451,14481.65
14042,9327.218
29278,37.138
9256,120.218
15904,568.974
29949,9.765
15939,172.236
21759,353.183
29483,12.09
29060,8993.782
5214,1412.267
71,1806.277
22491,4275.83
27250,146.785
6568,996.774
22654,4289.253
27535,1188.819
3460,393.545
18080,7604.641
18731,6737.695
2031,1014.165
3491,6211.718
17796,195.672
18263,5719.655
14070,6.293
16795,3432.351
14509,404.643
5052,0.0
6472,1272.767
15738,1871.594
12457,290.129
11601,763.251
1600,76.694
23173,1546.59
11877,2319.761
18982,519.374
17353,0.0
28495,4217.643
27360,2615.501
13232,244.497
23079,367.257
15941,0.0
14200,1091.82
7138,1505.05
9086,933.131
27807,4467.472
1677,5132.453
24657,31.682
28744,100.161
16903,1189.873
16971,561.348
27446,244.528
21786,3305.251
10774,908.641
8212,0.0
29546,74.4
6237,3670.462
29204,587.853
25797,4895.117
18813,375.038
18944,3565.589
25282,2820.256
7222,1803.58
28923,593.619
6853,30.876
3,1456.69
13756,319.424
5566,556.7909999999999
27209,62.744
9455,259.501
6509,24.18
9976,103.354
7910,209.188
29053,0.0
28124,2273.199
1892,0.0
24955,4171.298
6324,178.033
10830,1798.527
9848,66.557
29765,6724.613
24164,5368.549
11608,12.09
26310,-15.872
29042,462.83
28569,8.184
20639,4831.102
25793,73.687
4688,515.406
373,712.597
11820,1476.499
2719,103.323
28859,817.098
22353,16941.035
23090,10076.736
24875,1673.132
1613,196.788
16412,5031.176
15022,111.476
1944,6296.131
13186,2618.446
4845,1527.401
3243,1374.385
21258,1436.664
13228,275.218
25579,6989.88
13368,479.105
18369,39.091
27994,2973.427
1326,4272.513
29819,794.747
13817,102.517
21423,821.376
6359,615.164
3580,261.609
26262,1349.988
23955,-0.124
4721,258.85
11371,131.316
5651,204.848
9083,2573.62
10757,1619.037
1163,829.2189999999999
2466,105.679
11767,32.86
5940,1206.303
25789,1466.827
12745,17.112
875,948.786
25164,690.401
19785,56.978
11862,56.947
27952,1849.15
29416,-0.186
28993,2747.437
8188,50.933
9101,2966.266
16458,223.727
8112,4460.776
16770,408.952
11250,3930.335
11946,0.0
4307,1540.793
27051,16.771
11898,146.227
28026,1425.194
21919,3037.163
11263,0.0
2606,12.059
28644,1282.997
13850,2393.169
19597,1045.072
6163,310.341
20273,197.749
21373,39.339
22069,91.233
18781,1053.628
14011,3545.594
3141,5133.662
21358,407.309
5605,4326.918
3291,9.021
19955,8174.327999999999
12473,2884.209
12413,124.217
24840,2112.464
6527,108.438
4991,63.054
11187,0.0
27061,2852.0
12110,1503.531
27735,625.3629999999999
22077,4671.979
9572,3384.952
9476,7984.391
12168,513.36
19992,61.535
15077,4327.042
17206,1468.439
1563,498.728
14063,556.078
2716,-1.302
8085,5608.582
21349,8500.51
16208,112.003
25724,2980.061
3996,1245.301
3778,1971.693
1859,1049.319
24339,0.0
22972,386.849
10133,1128.586
2860,257.424
11322,4843.812
18580,0.0
25444,-9.517
19765,12.09
6660,27.838
1320,200.446
12627,159.867
16041,772.024
10132,840.038
4258,890.661
25831,155.062
13576,1320.166
25817,1347.229
8706,9.238
4796,14156.708
23005,3670.71
11026,782.099
27798,137.206
29487,1521.883
20301,1499.377
12243,2906.777
6034,135.036
27154,661.4159999999999
23333,0.0
7881,4776.635
25426,1428.046
10852,0.0
17536,1563.051
21977,32.24
7731,631.718
3234,171.213
27118,28.551
11309,2432.043
13883,906.874
1440,1501.392
16983,494.357
2816,1207.915
24341,0.0
10285,1295.459
14161,220.441
15496,1887.311
23705,119.567
28093,138.756
27255,3191.047
3259,4080.499
5322,113.336
17440,243.908
15400,7713.482
23281,2767.742
29092,355.601
28699,110.515
9922,300.266
15926,2506.288
7484,4923.079
528,-0.248
28674,51.181
27988,948.259
19776,0.0
24248,1528.951
9603,546.034
27044,4661.129
12354,2892.145
13726,630.881
27661,739.381
28912,567.734
16326,11593.318
1849,34.441
14630,61.566
26198,0.0
29413,488.126
3517,30.907
4217,79.515
19963,3822.486
9363,10421.549
6694,1600.592
8014,8517.25
4532,724.625
21469,50.809
7329,548.948
25463,2092.252
1968,1084.535
22933,13.051
5868,4621.139
28429,37.634
1150,12.276
28720,7641.778999999999
7039,1317.779
18640,2619.965
19795,219.015
1877,965.092
12120,804.357
21983,641.297
28387,0.0
28432,0.0
3601,2172.139
19898,6601.791
14313,456.351
28642,275.249
660,438.65
26743,560.139
23484,105.927
15961,1534.097
14358,2715.693
9441,3.069
14698,681.876
11155,0.0
17513,9479.211
22642,305.722
19787,44.888
15169,876.556
89,266.073
28955,6059.415
18354,1196.197
10672,1985.829
19829,0.0
13169,77.5
9781,2262.876
21849,406.782
11772,171.151
19349,1012.677
18521,249.426
2599,0.0
2923,1556.851
5311,0.0
12628,7840.396
9865,2705.959
22947,2185.252
17035,1075.948
9875,1836.285
12647,3431.824
27179,1605.49
25686,1431.27
15202,626.727
4073,2199.946
27291,277.698
22127,0.0
6378,0.0
4840,1207.977
2457,892.459
19430,940.385
21178,5282.803
16002,18.6
13136,68.882
3341,1428.976
27266,127.41
13078,4406.092
7316,2430.338
21515,855.228
28376,0.0
15778,1141.048
10365,26.226
471,11351.983
22861,8690.013
4951,270.289
23454,2859.285
6687,1465.339
15706,1564.911
6122,214.241
13554,6313.243
8073,87.29599999999999
27963,2758.876
8334,1592.935
4516,12.09
28022,502.417
28824,5082.481
22589,2043.086
18215,529.232
14312,1444.755
18261,1792.265
5579,283.526
15971,428.265
3359,4314.332
21186,73.439
1456,757.733
25243,3064.133
542,892.1179999999999
22993,123.442
7683,6.789
10805,1005.33
26809,295.461
27184,1317.841
29054,874.448
28980,3146.903
14748,864.776
20194,2079.728
9859,1144.675
14769,2162.87
1623,65.224
15336,167.71
16871,0.0
29678,922.87
9871,5099.841
5735,54.498
7450,0.0
21985,889.7
28261,6642.494
25064,6359.154
291,0.0
19309,10.695
16449,357.895
14606,-6.2
27638,708.412
20929,193.967
9262,45.57
23809,7506.711999999999
6297,221.154
3666,905.107
29118,10948.456
27665,4972.741
16877,1120.588
22624,2494.26
23780,2486.169
15808,730.825
23304,57.97
4232,1685.749
26229,0.0
18360,-52.018
22671,993.581
8938,3146.314
15131,1574.955
18544,623.813
19313,0.0
6890,1450.986
5034,11.408
4302,808.728
1020,2151.338
11189,129.394
21060,1438.803
2787,0.0
19766,1459.201
26759,1248.556
7667,199.981
21790,1291.429
21659,1837.277
28319,5343.16
19513,49.259
10772,420.67
25951,1760.118
27276,929.783
18342,20.925
18595,3075.293
9460,1238.233
27767,27.28
16569,55.8
12009,148.397
21096,11661.766
3937,1117.488
9952,0.0
26514,332.971
16984,266.135
17357,4836.0
8190,97.309
29596,34.844
28575,711.233
10289,1504.399
21545,931.581
25546,285.572
295,6024.943
27495,477.307
6627,142.073
1945,15.469
14471,1539.46
16160,684.17
22743,2110.79
25685,1542.808
26920,5067.291
4183,731.259
15050,1970.98
6063,8.68
23821,6975.868
5273,2061.004
21286,12.09
29165,233.151
20109,89.776
21125,1150.999
26009,659.959
23497,406.472
9610,13.485
5926,703.731
26530,278.752
6391,504.029
27941,914.5
21353,24.18
15431,3637.044
13415,1455.14
3233,0.0
965,9139.637
21760,1475.228
19138,4094.883
23794,2135.559
25332,305.691
5844,1799.333
19752,0.0
3473,512.554
24557,169.57
27336,679.52
17243,567.61
18110,1072.724
10457,2208.192
16283,3626.473
25938,4527.767
29111,525.884
8282,0.0
708,324.756
22227,2753.482
23643,6058.547
28096,532.828
10231,1785.817
16926,954.459
12741,881.02
8915,103.943
27398,4317.742
25365,7527.947
7151,297.321
20973,3786.867
24856,10.013
355,858.049
14250,195.021
22035,636.027
29527,56.265
21689,219.077
25251,912.919
13976,4739.28
11440,220.534
29807,5043.731
18415,2461.183
28810,166.346
23402,201.469
24140,371.256
1640,155.713
10921,0.0
23214,0.0
29628,459.327
18718,2494.167
12302,545.259
21907,331.452
13922,0.0
7292,9.827
16459,3161.566
3515,3434.366
17670,2468.84
8730,1416.979
20214,581.808
20889,1593.245
22529,109.864
7621,854.329
14525,1507.468
3337,242.606
24979,15295.741
26719,2990.539
24707,2417.535
19825,1968.655
18746,2302.866
5107,259.966
9985,160.053
5546,5094.881
10485,96.875
29632,782.378
25369,0.0
5607,-1.984
10935,48.67
20052,146.971
16020,950.026
2296,0.0
15415,7599.185
892,880.648
13648,4411.021
8404,73.005
29511,1525.944
25601,2008.552
11735,841.371
6183,-0.558
8562,108.004
6191,601.09
7899,1828.349
14573,3523.956
637,681.566
16091,102.455
7696,9.765
20267,863.319
26932,845.308
11466,2072.846
21083,203.639
1043,2818.582
14031,34.224
6593,2518.812
5154,148.335
7756,233.151
4439,1045.94
29846,4193.091
16814,375.999
10394,53.537
13795,605.058
28973,0.0
8758,769.327
12626,329.158
3830,1309.533
12164,793.228
9152,547.15
2566,268.646
22282,1090.239
22041,768.769
5497,1500.927
20488,1414.282
18252,1484.187
14833,140.399
10508,24.149
15913,0.0
22596,708.97
16300,4309.031
26830,628.401
6312,130.696
26286,0.0
29660,1480.715
10811,5933.586
24206,1526.223
10031,10483.394
3576,17.05
26980,732.623
28984,56.699
11954,910.315
19918,1566.709
14704,346.983
12355,1274.534
8705,12.276
21029,11695.029
11643,0.0
12366,226.207
4165,274.784
10910,3415.735
12038,2364.37
4520,1536.546
21665,516.243
13778,6560.995
18382,250.666
16655,555.303
23247,2461.09
16348,0.0
25740,77.5
8919,444.571
29261,597.277
18662,13.33
16024,1921.442
25792,3022.5
1616,0.0
2749,18.538
10820,-0.062
19927,144.987
1222,42.16
23555,-2.511
4189,306.745
26151,12.834
23264,1639.714
3503,9.796
258,1927.27
10957,1274.224
217,2457.618
24828,8821.236
9342,1106.886
23537,2374.259
29575,1065.284
28186,773.171
2256,72.044
28711,895.559
19514,651.806
1940,63.519
24603,609.708
24411,67.58
12878,0.0
16478,598.951
11738,80.91
8385,371.163
16413,93.682
9689,146.661
9464,232.159
6316,130.851
11361,41.664
10053,1869.765
10723,3497.42
10682,13.981
25746,248.31
26686,2181.563
26340,981.863
24644,13.485
27953,2921.595
651,444.788
682,132.029
2127,1078.211
24949,274.443
29648,15.469
24834,-5.053
23637,7121.134
19865,80.011
23709,355.353
23369,597.711
26651,1568.693
2013,12.09
25252,713.713
27683,470.177
12591,280.023
3362,12872.967
9,0.0
14318,447.547
29501,4560.472
17337,1184.882
4593,854.36
700,0.0
9436,1407.152
27400,25.916
26234,140.12
13652,1115.907
23132,-0.775
29903,619.752
7263,348.068
7846,23.901
10309,430.404
9485,66.898
10992,640.305
15106,1368.557
20066,0.0
16319,2262.597
6071,816.54
5773,1230.235
18347,294.221
14413,1271.0
22720,-82.15
15532,2017.697
1264,3790.866
11465,506.23
2082,15.19
4133,5416.475
8809,709.435
16848,3767.864
28197,941.315
20674,4113.793
1873,848.098
2171,1482.544
25082,3294.184
25285,1084.752
23053,0.0
19395,8.091
24629,85.25
6236,2843.258
25459,1361.923
16318,717.805
7043,0.0
14943,0.0
369,639.561
26053,248.651
7574,65.441
8569,0.0
24081,726.981
5454,5824.559
28356,890.878
5654,-6.448
9819,147.87
29943,7408.163
5109,0.0
8952,2574.829
21099,5.828
1683,20.677
23157,899.093
25803,2963.259
21103,248.744
1003,0.0
18236,325.252
13533,809.596
23218,1570.584
20063,26.412
27169,5481.978
27200,2390.317
17211,305.288
3770,54.281
8746,819.3919999999999
16504,2605.054
16340,517.39
3578,227.044
2886,749.27
20115,595.262
2025,2151.152
12634,0.0
21541,455.762
11988,81.189
4569,5083.442
11019,1245.611
1064,907.618
24506,2298.65
11291,831.823
10660,294.097
18735,1874.105
1099,1140.862
11115,238.39
19216,31.31
18619,892.645
3401,161.2
21393,1870.385
20377,2434.802
26123,97.123
11578,1893.046
4117,527.093
15383,1450.118
19600,5360.923
7700,1155.897
26069,1696.351
17545,416.64
21306,25.699
581,1109.335
9143,3640.826
23154,1862.542
9126,5235.869
27042,8.06
8132,775.031
8715,2996.429
15572,7981.353
8967,631.966
6901,1565.996
15546,306.714
12818,11.78
28297,24.056
8321,1993.765
25692,898.039
12411,-0.3409999999999999
25347,1221.307
9181,783.68
15307,12780.959
6831,251.751
29061,4054.707
29645,1797.721
12132,3582.763
15388,731.383
28935,1292.669
9559,2150.098
28021,2788.543
28515,782.874
22762,546.003
24777,3132.86
29766,449.903
3328,125.55
5167,876.742
28114,7732.919
3173,1418.436
2829,6262.31
24935,116.126
16708,1471.384
27710,425.258
11318,593.123
29115,60.946
2538,32.364
24611,4868.426
29715,5160.57
18464,30.845
13343,339.171
486,212.815
12414,0.0
27776,93.0
4980,0.0
1131,0.0
4268,914.283
10751,1361.303
29145,4735.777
22134,429.629
5350,242.668
7100,640.646
28991,2519.494
24744,574.027
16693,1325.87
988,8888.692
7503,1645.945
1874,13.33
18472,4071.416
19074,1831.387
26370,914.748
26057,363.072
18960,1517.14
14467,503.44
2281,3239.314
9921,92.504
8295,8177.676
25223,1171.707
415,697.5
21575,4309.589
20533,1303.426
19217,34.751
21401,1845.244
24014,0.0
8121,591.48
14636,509.454
10011,11363.887
13247,5009.011
26409,7300.19
213,878.757
3247,502.076
12519,30.256
24808,392.088
16536,524.086
27865,1351.569
21050,28.396
16962,1250.881
25841,647.435
6178,1893.759
12012,5273.968
12158,1563.423
22365,151.28
28503,655.154
26994,-0.155
12177,2089.927
18906,2040.079
9043,1218.021
29725,2032.608
23182,4681.961
15783,2292.109
20033,189.41
3642,1598.515
28607,268.181
26033,1801.937
9622,0.0
11682,178.281
1713,5096.958
11069,2323.791
16438,947.577
26166,40.021
1958,117.335
4705,1313.78
27072,286.378
5056,313.658
17308,69.099
3335,651.124
6625,607.848
26444,452.352
27114,1988.898
14383,243.846
17161,7822.974
23241,704.444
6681,4367.528
17311,2521.571
21972,80.569
24756,5014.932
19530,4108.368
25137,0.0
9564,1974.545
3153,0.0
4292,2719.227
20099,4050.708
9724,470.239
23613,1250.261
18107,2599.412
14329,1725.398
23795,1694.491
26368,584.846
10443,545.197
11808,5.115
24215,213.497
12076,69.161
5936,1069.314
17881,5877.755
13264,-0.372
16898,4417.779
18501,783.277
6474,227.354
21363,17624.492
20665,222.022
7567,375.937
21738,5721.36
15946,54.095
16591,7160.349
21421,11125.807
24416,32.333
17168,127.782
22051,331.483
21603,2441.064
19384,-1.178
25103,24.18
13921,1628.616
20687,5944.529
11552,6520.323
13046,8471.37
26171,88.939
18877,6376.173
19541,476.191
27861,175.274
22004,82.336
14197,4221.27
13906,153.72899999999998
28581,1490.914
6682,3869.42
5077,5321.057
1086,10989.686
6795,811.27
19843,708.288
28466,9119.58
12084,-3.503
28500,1505.732
21102,818.803
3659,2287.738
25859,2445.032
27852,2915.922
14456,44.702
18385,309.597
3664,1129.268
8048,889.111
1930,744.248
29764,2180.199
14651,563.983
25552,723.478
20676,12.276
25215,4071.385
27057,1586.983
21142,356.686
24705,8583.28
8584,4757.57
26342,6744.918
13953,668.856
12301,702.832
3875,2799.114
2408,1110.265
24326,5155.145
22298,0.0
14689,3995.621
11058,480.314
11590,303.769
25373,145.297
22322,995.906
28541,2997.266
14230,637.701
7871,737.397
19027,3887.493
29078,2489.207
16854,0.0
11878,59.458
19187,45.725
9801,1408.95
1851,9434.199
24172,10.106
806,30.938
18924,79.608
5615,1089.061
15988,74.4
9970,0.0
18635,261.981
1711,59.52
14127,1164.825
17143,1933.284
20528,600.749
24717,6665.403
21917,182.652
7680,0.0
16592,7123.18
15234,1812.911
14281,6423.355
758,778.193
1001,2537.815
23629,252.061
7870,1965.586
10280,0.0
29518,323.919
25666,386.787
1583,1535.926
27315,1569.22
1663,-9.672
10260,567.145
29079,0.0
28154,1163.771
14856,530.286
29738,232.531
29370,1807.269
24024,924.637
24048,2025.199
9643,1413.755
28097,0.0
22415,7901.9
27980,107.57
19636,29.233
2440,-0.248
8290,2306.276
7247,438.774
5378,548.142
12003,2552.106
10555,2467.104
14977,633.02
20324,1637.544
11509,2552.788
23288,64.325
20755,15.5
28606,415.865
23634,-0.62
8981,3971.162
14110,1394.411
19310,161.417
26363,8106.562
3709,2619.004
21073,142.135
17464,438.185
27307,4889.103
1153,331.855
25165,914.376
12420,353.679
19855,1336.038
28514,2993.515
1358,15362.329
11127,10.106
27561,12.09
2575,1803.766
1950,2738.695
6594,1480.002
21524,533.82
18558,8.184
7398,501.766
7698,3105.704
6345,1935.113
3899,2127.499
26464,446.927
27972,4499.278
14543,12.09
24807,2702.89
22777,173.10399999999998
21908,119.319
3183,25.916
15747,927.799
10177,700.445
2395,1425.442
6482,435.984
10974,16.275
427,6.169
25952,9234.59
15714,446.834
29888,6.2
24379,181.536
28017,7208.306
1380,1457.0
16503,1805.161
13684,1536.05
22405,20.026
9120,1700.102
28324,16.058
4598,842.332
26870,1212.844
927,1560.602
21278,2942.396
17270,2289.753
11744,160.89
14825,3662.154
1219,2771.214
16959,453.468
21183,482.236
5219,1516.768
1793,159.774
1379,2221.491
25184,16.771
15889,1964.656
879,474.114
17284,3318.364
29633,48.236
1548,943.609
16696,3475.813
23262,24.676
1955,270.382
4087,342.24
7833,3289.441
7722,146.909
15773,45.663
27786,0.0
11234,1264.738
21412,165.013
11864,2343.383
25592,3213.956
15719,73.098
17775,3068.535
25480,68.138
10214,1540.359
1218,264.647
3457,6137.783
3165,0.0
22291,6037.157
23432,282.193
24161,5035.609
19261,41.695
19366,680.543
23835,5687.384
766,2531.615
27003,1855.877
26002,87.823
1397,159.867
10980,939.3
7580,-57.505
21185,122.636
3428,-1.364
7461,5950.047
5696,3776.73
9124,1572.01
11469,866.729
10338,7.068
29553,6373.569
1100,180.296
1409,48.639
8906,36.611
13461,14.136
29831,25.792
27213,347.324
5756,465.124
1719,1523.867
24541,5427.17
29153,425.971
26068,189.162
2601,145.483
10591,4237.452
494,265.794
10928,3345.954
20148,177.072
18830,26.536
3311,319.827
303,371.008
11568,583.885
11215,1920.946
15411,21.514
5131,509.516
6379,2569.621
9974,3158.094
29574,233.213
20874,16711.852
12291,0.0
27903,870.976
1529,4.557
11108,5190.268
17781,0.0
24730,2144.084
5059,1906.934
9356,2361.146
9822,0.0
24790,60.326
15137,2250.383
20396,903.96
5998,419.678
26343,26.66
10880,646.846
29017,0.0
18270,6380.544
15089,0.0
9443,83.328
2355,8585.605
11831,1215.665
20062,1388.986
20459,170.624
17680,260.245
11419,1097.989
11305,2753.792
21059,9743.858
24452,61.69
26820,837.062
6073,3887.586
18021,30.721
6439,0.0
5804,129.611
26046,672.824
27119,4719.44
5388,4871.061
17138,3475.286
11315,483.104
12345,3286.31
15839,1358.11
18126,2653.693
1208,1605.862
3416,1546.559
14650,46.376
29654,1397.17
8547,0.0
22644,19.251
4188,212.629
26130,216.194
24906,64.542
2782,62.062
27020,-10.261
5471,1064.509
6517,1875.221
27371,25.916
20019,53.165
2129,3368.46
12843,137.919
24307,645.699
26501,367.66
11544,14.756
10556,182.187
7790,1698.397
26412,103.726
19512,990.605
9761,2755.9
1373,2103.567
11740,178.529
16606,749.301
10807,32.24
18169,433.659
9252,621.24
23802,19.592
14735,1700.908
13527,1488.589
2635,2192.382
25497,1.178
26237,101.525
14078,203.081
2799,481.213
1868,1426.527
13629,2714.391
13891,1822.614
12404,177.94
7626,36.89
3104,-230.578
20625,1517.45
28368,18.228
15163,842.766
10890,1495.378
28089,9261.343
25949,0.0
12553,51.956
22452,3653.908
2348,4073.586
7314,4714.232
8386,8.184
7817,604.748
16334,197.439
9562,612.87
5106,1976.901
20830,0.0
29250,2658.188
2292,-6.2
2163,1915.583
21817,1061.75
13830,985.676
9520,362.204
3414,5708.464
8033,934.557
7769,3538.464
14948,9.021
19719,1939.794
23156,1007.035
9522,1559.362
2535,6218.383
29381,3147.926
25550,2250.383
21579,0.0
11197,1161.198
25355,73.594
14485,4717.425
1967,4926.52
24351,250.666
16615,935.89
3026,2487.347
5710,125.705
522,37.51
20255,2793.968
1786,669.29
6753,776.953
25782,-5.487
15732,1297.877
12939,3863.84
16373,12.09
11948,10272.315
11452,153.233
21956,5251.338
11900,591.635
8937,3270.779
19254,27.435
12559,150.071
9697,53.537
5958,10276.748
23499,10.106
7589,518.599
108,5314.578
11711,0.0
9972,12.276
29302,2810.925
13018,15.5
14527,0.0
8065,244.59
13915,158.751
2068,421.197
29021,0.0
28158,10.106
24178,1768.24
20573,43.958
1184,12711.023
4267,6358.689
18902,0.0
11843,12.09
14638,980.747
1805,74.989
3839,1871.811
1633,59.737
24032,1826.799
13954,728.438
275,2129.669
4575,0.0
1964,0.0
12675,255.657
15958,187.891
5961,537.075
15256,6811.072
22970,22.816
27534,12.09
26396,48.112
19706,1010.538
6279,0.0
24211,0.0
5070,3912.355
232,3186.8
13885,4315.541
22132,12.555
25907,6691.102
1340,238.607
2057,538.3149999999999
21361,39.091
17058,1568.724
22402,2030.004
23820,14135.287
17023,1079.234
14390,953.715
28987,0.0
6048,75.95
12460,312.914
20760,103.509
1344,191.766
14454,42.439
4474,5837.517
6065,782.564
17766,2298.836
17937,2930.399
22747,60.946
27387,-49.042
11938,20.181
10784,1577.714
26067,472.13
2326,1407.648
19529,29.202
12613,23.033
422,317.347
2070,248.744
16044,81.468
3092,6708.679
6913,8467.278
3185,1444.569
26334,832.536
18120,335.761
23889,890.475
6923,761.949
20933,352.749
13561,590.736
7940,540.95
25088,749.611
2402,23.312
7543,640.491
24246,13602.645
17119,1234.203
25135,0.0
26136,86.92399999999999
7182,178.87
17644,1150.813
2027,1428.449
11267,631.036
12996,119.753
10800,2506.505
9265,1881.855
4553,714.147
12419,622.139
16047,1963.974
25561,3227.534
25428,1323.204
87,118.606
14306,1577.869
19560,4883.864
3417,1721.058
10896,31.775
25217,1576.97
27178,-5.921
8878,175.243
6362,625.704
27188,1075.514
7803,1483.753
20644,2763.247
8734,1393.357
26314,244.466
14108,7984.143
1847,970.455
25411,38.75
3824,2251.22
10334,127.41
16068,2099.382
7190,141.36
26109,832.164
29693,74.4
6313,79.98
21337,1546.807
22678,12.896
525,52.452
7357,6634.682
4466,2325.651
29932,1567.484
23423,5070.05
11063,3704.903
4351,432.016
1931,12.09
2303,1604.281
8509,1662.499
15474,0.0
19585,0.0
16639,626.634
3720,768.862
9780,80.972
16338,1363.349
22652,1274.844
25380,2388.209
601,12.09
18948,1969.802
2287,1089.805
18029,1409.291
10962,3605.052
9810,227.633
4549,421.414
785,974.051
430,2848.714
2242,1979.939
14160,838.364
8570,4127.619
1068,66.929
17674,1585.433
21623,2801.501
24316,88.598
16074,2871.406
26987,3855.222
27385,108.779
29729,6099.87
29236,498.108
11076,0.0
29532,-62.372
20364,172.67
19824,150.567
25276,2462.454
389,35.061
27944,88.288
28169,88.381
27991,2483.1
9343,92.318
26779,58.683
7178,1877.298
13030,111.507
23335,37.2
20976,2218.918
5194,519.622
23515,119.66
22249,29.822
24802,3698.61
1522,2514.441
830,62.217
8890,3961.211
15220,112.127
24864,3355.037
11006,2455.51
29510,0.0
12823,236.623
8804,0.0
2314,543.771
23690,1376.4
7498,652.054
26099,6643.331
17237,3107.843
19007,7635.61
29437,0.0
16937,270.568
17930,2476.125
778,1483.598
3941,76.539
20693,416.392
583,2410.746
2849,169.942
16650,4731.406
7825,22.041
4062,0.0
1995,466.55
11307,1553.41
20162,6562.328
28960,2047.457
13427,697.686
6596,239.289
5609,1554.588
25202,1616.433
27214,456.289
93,27.28
7990,4682.55
13254,794.158
5481,620.0
6574,21.08
2841,314.371
12946,5.177
11623,128.681
25458,9955.805
15240,12.896
20918,1369.983
25523,424.266
29298,58.032
29694,15.035
27295,3563.512
6001,75.95
19538,2836.035
5521,121.923
7964,526.256
7765,39.835
21646,1542.932
2026,9452.117
9340,223.169
9442,2418.868
23179,293.694
7995,346.828
8783,6982.223
13209,9884.164
16420,4628.331
22688,5.115
25469,125.519
7823,166.935
8471,2350.854
14891,5.58
24184,139.004
13861,549.165
18015,223.882
13790,117.955
2003,3059.607
25507,6487.029
15261,13.33
25076,118.42
26730,137.392
15053,2097.026
17501,6715.282
28535,695.1129999999999
7887,959.171
21523,769.885
27347,394.072
15268,3246.227
24160,469.34
24558,0.0
11004,0.0
15158,1263.56
24951,467.697
9354,259.873
10979,781.138
20188,1419.087
7115,900.4879999999999
18283,492.993
6177,18.538
23844,486.018
2625,1659.771
18014,12.276
26786,29.202
15881,3410.558
9928,1324.506
27376,610.731
18348,265.67
25450,1401.138
24119,4629.54
6308,-0.155
28664,2320.257
26928,2221.336
20310,9150.58
5793,3438.954
22262,2059.423
3843,1270.504
8104,123.256
28885,91.76
29337,4255.246
6772,2444.691
14603,1460.224
27105,1457.806
29568,450.833
24242,25.916
2831,365.397
24361,1742.851
20104,5738.999
22054,1639.125
15833,67.487
7893,964.751
328,1562.276
19108,4656.324
4005,32.55
22177,2195.11
29928,10800.152
27199,2246.353
22465,356.841
15325,3672.477
17641,95.697
1715,1415.553
13811,72.261
28003,1564.291
11163,36.456
17193,7.037
24667,190.774
25310,1059.177
25521,0.0
24880,29.202
11310,5934.206
10058,1882.351
2613,2263.992
1210,6564.219
29466,1478.545
9521,2356.775
342,74.18299999999999
24520,36.332
7415,0.0
686,24.18
12879,209.25
20577,1279.246
29285,5854.443
9215,0.0
8876,4809.061
19178,79.701
18505,821.097
11395,48.422
11694,1537.073
18755,1822.304
6859,1646.596
11091,1453.869
12468,399.156
11122,609.646
28636,-3.844
4780,0.0
12066,6117.912
8591,171.151
18122,32.55
11407,234.856
11337,0.0
3242,461.435
551,874.324
7492,326.864
7148,2302.091
27588,487.94
11417,1065.718
12329,687.518
19726,200.973
5045,3956.344
1129,1458.643
13105,6936.963
15112,1491.72
17540,6.417
10950,3034.094
29444,655.743
12712,1227.631
11339,0.0
9799,269.514
349,554.683
16946,4508.795
3716,0.0
19479,40.641
6372,2427.083
10216,2433.903
12568,3866.382
231,627.285
24742,552.079
12376,91.233
26785,1497.517
19389,369.024
26665,664.175
9095,1512.831
19097,429.815
23170,5700.838
21539,1575.203
5972,59.954
5477,2594.917
9200,5010.313
12202,61.318
9053,3183.607
12463,222.239
7300,2420.759
18964,1157.85
4844,556.698
1645,1268.861
10860,242.823
21438,5484.675
22579,140.182
21368,2706.703
2005,1494.789
9243,956.567
16955,149.42
23490,169.198
7464,2357.55
23434,35.774
9818,0.0
8708,2243.594
19840,-2.976
975,1537.879
9406,0.0
13587,1355.444
28331,118.637
3938,942.865
26972,1271.93
6459,27.466
24426,8796.033
12610,2487.285
23019,7654.365
3220,1109.986
15199,3722.232
9545,19.096
15075,2356.465
21546,2126.414
7672,620.93
26925,430.187
7795,39.184
2628,872.836
2702,194.401
16451,121.334
4639,1510.289
2790,499.627
16090,2873.917
15076,1217.06
2753,101.711
4177,394.94
15150,2009.978
29684,1431.735
13508,891.653
13599,5607.621
29151,807.891
12056,661.695
19173,10639.355
21864,3867.839
17663,1.457
5067,124.93
23269,0.0
7227,3692.379
3200,213.435
12855,530.503
26273,6490.408
11264,15.345
23355,229.338
1575,2954.641
3023,3161.132
24981,33.79
29955,4288.075
7453,81.406
11375,1838.021
13458,661.075
29312,544.639
22080,1578.675
15882,5983.0
19224,184.636
9293,24.707
19604,1341.308
10557,1963.633
9157,120.404
21913,0.0
15349,1961.711
6512,99.603
5924,1728.963
13925,1069.5
3073,1142.784
26746,116.963
20118,3932.04
15074,363.568
14617,20.15
22062,0.0
21408,3983.469
28940,704.413
3162,0.0
12892,262.973
8200,2242.509
27450,4727.345
13044,2386.318
18127,5306.642
17860,3720.0
19981,138.694
6716,9181.766
24549,200.601
14549,788.144
6003,66.65
437,1916.017
6755,3116.554
11584,45.88
3557,33.542
27501,1675.581
20020,246.388
22461,221.96
771,9.796
14439,5025.658
13628,11.78
15547,3172.85
25683,664.051
7819,3743.777
11687,12.09
15010,253.022
10829,518.506
2795,55.149
6005,2083.541
15628,8566.509
14020,-24.862
5479,383.315
4519,4.526
11592,1652.92
8123,837.62
16865,10.106
16364,325.779
15184,3328.718
2689,710.6129999999999
26090,94.953
12713,454.522
19385,369.21
25213,86.304
18525,325.903
19260,-0.31
18489,3332.686
15903,138.849
19912,365.49
17793,586.365
9596,3282.063
19972,1822.056
25306,10.106
29156,29.078
20182,726.578
25320,52.142
16293,236.902
16710,5135.615
14718,3439.45
346,42.47
12764,756.4
12500,1505.918
19944,625.053
17814,1314.617
28685,3160.667
27490,489.583
17832,3734.849
20422,5534.771
12111,1125.362
13895,0.0
9862,104.749
23011,0.0
8377,15.283
17961,175.429
22692,11930.226
21262,2531.057
28827,2452.255
25578,515.158
19167,133.579
21884,484.499
21819,1266.288
11441,1341.215
20944,115.909
25453,1229.553
19468,110.484
24169,524.675
18753,0.0
24877,1972.592
25826,12.09
26658,1228.468
18996,6151.671
9495,5382.53
16410,3905.659
29147,0.0
8711,599.85
12791,3256.023
11639,1522.472
25326,12.09
12718,2277.322
4735,5636.234
17364,0.0
4605,40.61
15148,1578.055
4332,3431.452
8195,1438.183
15284,3.317
11824,44.206
21420,3314.241
19850,3294.06
25256,1679.704
15201,127.534
16476,1090.239
11761,787.989
21756,31.465
11603,944.105
5717,365.707
21460,182.528
7617,570.307
6503,73.16
8245,4773.814
22804,2571.109
29754,1591.85
17943,1114.822
13843,865.954
16256,3407.489
19527,2692.598
25037,145.638
28476,45.229
22327,806.0
22266,0.0
2194,551.552
5112,4054.18
18049,471.448
6182,1659.74
12317,883.345
19463,3318.085
21153,1540.669
19812,3777.908
29289,1268.923
20664,523.559
25110,12028.279
18927,-2.759
11674,2696.194
24776,4586.326
11733,570.4
811,3077.029
22171,0.0
6038,823.825
5339,24.18
13674,5401.626
20969,448.849
27215,556.76
4940,30.163
25167,705.436
9222,12.09
23234,539.772
16780,570.462
6172,999.223
17140,2532.731
7451,827.607
12072,1178.837
9279,1452.598
17458,6955.997
12467,3864.677
1105,205.034
15270,338.985
28878,2714.329
29161,498.046
19879,309.69
7616,4364.645
22595,42.935
20469,1413.166
12739,1450.862
21842,841.154
28246,6399.826
21861,3583.848
29128,541.694
29206,1569.995
12077,662.997
472,90.737
16109,552.9159999999999
29649,872.03
19269,2175.518
20170,7.719
21367,295.337
26635,1459.387
25615,131.378
19314,953.405
29155,5504.174
15005,10414.078
19268,81.344
20761,1460.596
6567,887.282
23557,434.899
8067,5281.749
18811,2599.04
5013,0.0
25751,2459.726
22602,135.563
8774,1665.258
4541,2487.254
5864,5287.329
4528,1017.482
25784,4.092
6583,8880.539
10320,2084.843
6158,739.505
18875,5198.266
8165,4147.552
2222,77.717
14257,3869.544
7139,608.933
6466,147.653
2954,1363.101
2920,3116.182
16870,207.142
13737,0.0
11233,876.99
1845,5347.128
13290,2864.4
15358,0.0
26093,2417.938
16062,1572.351
7862,1787.367
23118,251.503
8586,1580.566
2249,2812.537
14541,130.262
10665,2119.625
16796,1321.127
18695,1548.884
25711,331.297
17322,863.846
20355,479.601
23047,5092.339
24614,6516.2
12807,8989.845
16108,1289.538
28310,12.09
12899,1060.2
14984,6039.916
25034,175.119
3166,333.684
8265,665.88
3851,32.798
17900,1941.065
14251,23.87
13894,0.0
1801,32.581
18289,433.349
8548,99.107
29877,155.0
17636,3840.776
21636,659.525
19907,118.575
53,1283.462
21512,1908.298
14050,1515.435
6786,-1.488
3574,1660.577
18046,16.275
16999,2241.486
20394,214.055
5547,1551.333
15519,2906.777
10743,515.189
10700,536.114
24727,1477.894
8343,1908.515
7577,11.78
9774,53.599
22119,4977.143
13031,5456.868
9840,985.459
2513,465.589
20888,4631.741
27686,30.535
24321,4802.613
15633,0.0
3678,409.014
22448,882.477
13075,95.945
21710,771.435
3751,-0.155
12346,953.839
6844,419.988
1700,634.074
17724,143.251
11192,235.6
19387,116.095
26966,1307.828
20221,758.043
2775,5490.503
1505,3127.745
19723,1994.85
8360,478.857
11274,9240.232
2360,838.271
2336,50.623
25134,809.627
26952,5047.42
15313,890.444
28182,92.101
13086,6218.011
20947,2368.772
26526,682.0
16124,6033.84
5880,45.167
29311,1339.634
27202,454.863
29358,0.0
25808,6022.773
18449,874.758
19587,301.63
26638,460.567
28346,1432.293
12574,1267.652
3584,0.0
15855,3850.386
15407,1120.278
22149,143.964
4473,2092.562
28588,444.912
1855,270.537
27595,2429.749
11512,209.932
26477,637.174
11062,2514.441
7620,607.29
23985,137.733
20256,61.969
18353,37.417
10771,1479.723
12353,0.0
11134,7201.889
27743,2414.373
20472,917.104
26838,2171.922
28673,0.0
29823,351.075
452,7926.421
6168,185.814
24600,2918.712
9422,1243.627
16491,189.782
1052,869.023
10758,254.386
4898,0.0
13620,1321.344
28844,837.465
10363,143.964
27770,187.736
27960,617.458
6179,818.71
2018,1578.582
8826,7672.593
14800,1664.979
9766,0.0
4159,1113.086
20592,1465.432
25185,349.804
24356,0.0
3796,0.0
13887,33.015
9328,902.348
12108,340.659
11547,5008.639
3756,-6.2
23745,3931.11
20776,12.09
23354,288.889
1693,5364.798
20177,337.59
5604,12.09
6542,1269.729
25940,46.19
5231,1222.547
4182,37.913
21988,1313.687
7987,985.955
13041,1213.619
19009,95.821
24990,2602.667
7290,2457.587
28041,2880.644
26794,102.61
11518,516.367
19341,583.172
1544,0.0
26248,0.0
417,459.141
14356,2775.306
803,206.646
24607,62.031
19610,863.505
10676,522.474
14998,4075.787
6712,9315.5
5099,145.514
13612,892.428
24989,29.202
2636,323.609
26326,213.497
24825,1431.518
11780,587.7909999999999
22662,152.954
8207,450.089
24817,672.607
29368,1441.159
1740,4321.586
17076,2445.714
8464,491.257
20668,5433.897
8839,593.805
15799,1494.138
20235,12.09
21291,2168.636
3054,11.16
6159,1248.711
25438,795.615
27299,1866.789
509,27.404
18834,1359.009
12016,429.908
17150,628.928
7831,492.249
24832,926.683
25106,6989.818
2139,1824.071
13394,30.38
28932,4912.601
11458,895.435
1829,12.462
14554,389.019
22252,1704.132
13798,1517.698
2095,3081.276
15185,498.852
26671,2514.069
14976,630.168
9535,7.037
3829,0.0
9479,452.321
24372,233.864
3596,1270.814
2512,0.0
25240,1528.796
14536,1468.935
21189,328.321
15725,620.93
14045,29.264
7425,0.0
3144,688.851
15436,1378.787
23512,2447.729
563,3358.881
26476,749.58
11502,3511.37
27671,1945.405
28204,6666.55
2335,1127.78
29131,0.0
28326,4219.503
5909,778.441
4488,2788.636
22479,1116.992
17384,0.0
9813,427.924
15370,310.0
23973,938.494
16342,1964.966
29185,294.934
10460,3143.462
7917,1883.622
24362,388.616
11113,12.09
12073,148.242
13689,27.311
19686,0.0
17262,48.36
6777,3268.113
5962,1748.927
11670,1520.426
16193,107.942
15552,3057.065
23049,276.954
14628,309.07
21489,692.943
15273,5857.636
18201,3784.449
11479,238.204
26676,3334.36
11005,139.996
753,1343.726
13475,1483.133
9135,-58.373
1030,34.317
20726,2990.663
24964,553.66
25838,6720.583
2327,29.884
9556,2425.626
12041,1587.293
29948,56.482
6096,1845.523
6742,1357.676
3827,1262.63
945,491.474
5472,5283.082
22190,2697.558
12387,488.188
21235,5049.28
28857,1124.029
17368,4453.46
5047,1122.355
17602,936.138
17817,2011.9
8795,152.613
17552,27.869
10669,977.306
5011,172.236
22661,64.449
8557,324.694
24830,1012.739
794,1449.25
12896,3061.126
10158,4635.74
6407,0.0
23702,799.025
28601,28.489
18546,864.59
18634,143.809
20680,1309.378
14132,659.06
6370,3154.622
8951,163.339
7895,389.205
8066,916.794
2364,1868.463
20688,1137.793
18373,0.0
3195,355.849
2909,1257.391
15317,493.613
26164,0.0
9873,1287.275
2330,52.979
18713,287.773
25554,1449.033
18892,3.069
18581,355.694
16085,511.004
1391,48.36
3102,480.562
28191,74.4
28757,2633.202
5850,1917.164
29867,1576.195
3579,6.386
21553,6226.319
10044,981.646
5172,2359.751
16853,279.031
22366,4833.21
27606,309.318
20605,1557.44
18882,208.661
29585,12001.433
7362,2698.705
13813,6917.65
21035,10.106
11248,670.933
5442,5957.642
15959,4612.893
8000,7556.001999999999
3084,1718.144
5225,6634.0
21305,0.0
16260,355.26
6891,1752.616
2748,0.0
3172,557.6899999999999
17158,159.65
28773,-0.031
26031,805.163
14273,1314.834
19889,2837.554
21648,1084.473
6684,481.306
17993,193.099
9674,6642.091
26233,1734.047
21986,3427.143
11676,109.306
29399,24.18
8016,2436.91
28568,5325.304
1237,257.548
10748,360.158
2766,2539.148
12841,541.074
26985,1477.925
1738,534.967
21622,111.197
3415,3899.18
6047,597.742
21631,3450.486
21762,580.754
1592,2192.351
8319,1473.027
24782,0.0
15543,-186.868
9359,745.86
16824,3141.23
20328,2662.342
3470,321.501
11100,7884.292
14109,1535.771
24247,604.438
12381,37.572
23127,786.966
28560,1342.951
455,1241.054
862,75.95
7272,580.01
28325,1193.345
10542,8044.903
3333,600.718
13385,2218.391
663,159.247
16620,193.099
26040,3066.675
25720,5563.973
16989,119.133
27796,2537.071
8912,3442.643
26955,1280.3
28175,31.868
6156,4063.976
18334,1605.738
14464,1553.255
14141,695.361
17451,1176.698
6287,1196.724
4158,2954.982
29542,1803.89
7979,877.579
3844,710.551
12171,2772.02
29760,392.491
22434,6266.309
20356,217.589
1710,879.873
8482,4785.594
15670,0.0
10266,26.97
2991,2808.786
23191,930.806
12272,61.845
15612,12.276
21873,3648.793
25759,4372.116
8317,638.321
21097,5896.541
26778,351.633
6318,340.132
7152,1527.029
25977,707.544
13239,572.322
28005,262.074
15303,5724.15
10685,5331.752
21920,1640.954
10209,977.151
8399,46.624
7032,10.075
29116,28.489
26613,634.632
3632,2259.094
28647,2178.897
16153,434.868
11443,2332.254
3079,1324.94
20434,73.81099999999999
6263,10065.483
9395,2079.914
17203,24.18
14093,3295.362
14828,10954.036
18192,-30.535
25953,445.811
10721,3586.824
16443,2942.985
28402,123.814
21973,1460.317
19596,213.497
28661,1559.672
4856,702.522
13886,4499.278
18637,44.981
21432,1227.724
11984,0.0
9310,0.0
18368,669.228
2759,550.002
9311,2988.276
19832,455.607
5085,939.021
21072,79.639
6804,3849.518
2771,1359.97
18185,264.895
22640,175.584
14538,177.413
787,82.088
5224,644.8
22031,10.168
2622,805.814
11726,323.33
3799,461.776
1622,381.548
23695,3965.768
1149,64.232
8433,4575.042
12197,127.875
22193,1888.365
3148,1552.077
9277,7428.623
19908,20.212
4925,12.09
15147,999.564
12639,14.043
9360,355.105
20485,1808.54
28963,1259.406
3190,541.2909999999999
2962,1474.236
20440,47.182
24348,8128.385999999999
19372,749.301
10549,967.386
9682,1736.279
19411,2604.961
15744,1873.454
12253,1166.809
23439,134.633
8738,-9.3
15263,32.24
18485,2184.167
19968,58.9
23057,22.041
7052,1493.766
22966,184.326
28856,114.111
23061,1149.945
14739,15.779
4402,1587.572
6811,7272.259
15629,478.702
20984,3986.662
4376,666.779
28168,785.478
25468,581.591
13278,77.5
7836,45.477
12449,0.0
4237,59.799
3394,5038.43
23026,6999.8
28542,946.027
5931,22.165
3326,542.376
5212,928.233
6829,305.66
2397,3936.194
10006,830.831
5663,9205.853
7966,1958.642
775,919.119
14722,2615.067
19919,5457.085
25630,0.0
2002,860.312
22637,107.663
20790,1836.316
27976,1581.992
1491,4826.204
15509,5947.815
29907,45.725
11114,42.036
17653,7045.401
27242,438.247
14066,1763.559
29082,0.0
11793,575.236
19900,113.15
24214,568.447
28269,2317.095
15947,1941.933
18033,295.337
28366,1879.964
4740,0.0
28373,3211.321
10612,66.929
20814,12.09
22994,483.321
29436,2571.14
11129,3106.944
21319,6456.463
2713,841.433
5182,2715.29
12425,51.15
13159,0.0
3140,0.0
21276,174.282
19182,45.26
27068,5863.898
157,6076.961
21694,1560.726
20736,588.597
12103,1096.873
29531,108.686
24221,217.341
24729,32.581
24154,1093.773
14054,399.714
14163,153.233
14632,500.309
311,4442.331
6394,1038.19
2412,-21.607
11070,6.479
23730,3269.756
28576,19.251
1546,1434.432
26508,1775.401
20122,58.59
20223,105.028
17608,12.896
22898,36.084
25214,104.687
22792,1293.63
26546,-0.155
5854,121.52
11770,274.009
14811,755.377
9772,2712.934
6266,4.34
15890,5671.977
211,0.0
733,9.796
21166,4192.037
17456,2115.688
23013,24.18
5592,-0.031
29896,1894.658
24993,67.704
17805,578.491
1347,13654.694
9748,0.0
6886,1512.273
7867,5720.678
3673,838.302
21544,1538.189
28762,2393.324
17762,2686.274
15652,284.983
11582,557.659
2845,5628.05
15892,7994.403999999999
11374,198.462
4521,1608.683
23093,3577.4
5041,2682.089
1776,69.626
25564,132.06
9205,37.262
25303,5739.433
835,49.538
23653,33.728
6683,6681.151
1969,25.73
28360,5054.798
11379,269.483
23883,450.802
17982,98.022
27965,4427.358
15385,54.033
3245,0.0
9935,942.307
24236,166.78
9505,695.33
12437,0.0
18275,682.0
4642,58.497
24335,686.805
12426,83.545
16161,0.0
6106,5988.022
14974,566.215
18397,12.09
27298,1547.241
12039,1482.079
3976,16.43
10623,24.18
27615,1221.462
11708,588.876
28893,3124.552
2308,1674.651
29051,1057.162
18716,1616.433
15038,468.379
5828,4070.052
24133,77.5
15508,268.863
2407,80.383
29316,166.47
11549,1910.158
5595,636.523
25356,7179.321
25065,6243.927
28128,1938.058
6015,506.788
15814,1500.617
6105,3537.937
15915,266.352
7021,3315.357
3562,3858.167
11048,1523.278
26593,458.304
24435,2.046
13146,0.0
7473,2505.048
16511,526.163
29201,701.933
27161,180.978
16910,12.09
20807,7025.003
13965,144.119
29160,1552.635
1374,66.80499999999999
18852,193.471
21115,0.0
5650,1169.816
23519,283.371
23424,146.32
21032,700.321
5695,79.856
26582,1261.638
6842,11.253
21625,9.207
4176,1891.465
15902,0.0
11910,0.0
2730,-0.713
4168,764.987
20708,33.108
24008,4303.575
5393,86.149
13198,4.588
9653,4492.582
25013,238.7
6532,3053.252
18607,31.0
15507,625.766
8772,850.361
27127,1185.502
567,219.201
5226,107.849
7134,1708.1
21875,847.757
14846,275.621
6405,524.706
18891,298.406
23224,20.491
25937,12.09
13685,8512.91
3464,150.133
18438,1988.402
28067,839.914
14731,0.0
1947,10088.795
8057,77.531
29218,585.435
26011,1954.984
22515,619.039
10978,35.836
743,1334.488
19461,272.8
25283,456.227
23965,905.386
13383,545.817
17182,678.838
1994,268.367
24444,0.0
7760,5709.084
29746,-357.895
21206,1074.584
5218,5247.742
26276,1881.049
3072,9.672
9451,76.291
27653,132.091
12484,933.689
15916,5868.517
13356,1333.837
3530,828.816
10848,931.953
10993,40.3
21449,5161.841
18061,1204.319
20314,1883.839
17498,892.893
10276,844.254
4570,696.322
24959,0.0
21055,11397.77
13072,1325.684
18235,1850.793
5202,66.743
552,1572.165
22609,40.796
15302,-0.093
28881,7191.69
23790,20.584
8846,1479.258
11313,1454.365
10114,2624.057
24942,73.191
4223,68.386
19924,4011.896
1074,-0.589
957,192.386
2879,211.048
12936,612.498
19892,2407.77
1160,2186.244
789,1706.984
14819,1230.948
10060,932.542
20408,239.723
25915,1116.186
2921,788.051
5495,329.964
10995,4865.481
457,743.194
13867,836.194
14871,3435.606
22360,213.59
23145,36.673
6943,1762.412
6392,16.306
2901,790.438
8633,1454.706
635,17.05
26833,1803.425
15136,4314.332
12908,5334.945
4878,2888.053
7946,1038.717
11304,248.0
10176,20.925
2861,894.784
17687,395.839
6363,0.0
21207,137.547
22297,-4.774
25012,45.88
18226,-1.984
16288,5683.509
454,2421.999
29691,1633.204
25322,2368.555
5785,4268.545
1080,1902.873
5267,569.656
16517,11555.033
22160,443.579
9469,0.0
22398,1577.559
23804,1397.976
8763,905.851
26610,0.0
4139,928.915
23984,3179.081
28219,-0.093
6248,0.0
13106,79.949
23228,2021.355
24415,4090.636
26947,2008.366
28422,1482.792
28393,2412.73
2924,535.897
697,272.552
25801,211.792
27230,7744.637
9913,198.462
20045,520.831
15563,8101.106
20733,0.0
10562,1448.971
27487,109.244
7719,356.345
3955,2188.321
20881,0.0
21256,0.0
9148,432.605
25714,32.023
2307,274.784
15985,0.0
28092,-2.17
19491,474.424
16141,282.162
24223,3002.226
683,3300.508
16632,10.075
25638,140.709
13799,1391.373
3837,891.498
14117,204.848
18756,810.898
14869,833.621
5263,4843.378
15289,2076.349
5179,16.368
26768,2205.96
7763,1491.038
15693,1482.296
23277,2085.06
190,1856.931
18312,0.0
5168,-1.922
8209,0.0
25119,6373.631
26241,832.04
19034,2507.993
13108,2518.812
17188,12195.865
12232,5299.884
28228,0.0
8962,147.343
27157,1406.625
24023,296.05
17074,653.387
5232,226.61
28838,285.603
26979,1796.047
7724,-49.6
27232,4276.512
2062,2034.84
20615,143.84
2555,15.748
286,1875.562
20027,613.552
24238,5327.691
10531,1963.788
21493,22.599
12165,1536.081
18987,11.098
13857,230.392
4782,1498.261
7804,2021.138
1948,1564.787
24181,4370.814
15041,248.837
17821,399.621
20352,5509.816
7768,177.63
2596,450.12
3698,1535.957
18610,3677.344
13371,3495.994
11426,1850.483
7419,0.0
20660,1650.936
5148,172.546
10402,1061.099
7900,22.816
19503,15.5
20012,6120.516
29142,239.723
11803,717.154
77,9.021
6251,377.983
16202,4746.224
5536,91.326
10519,31.682
11801,1435.3
3819,99.448
15042,2306.896
10036,355.973
23559,37.665
24201,1524.983
11548,1698.986
8813,820.88
13094,2101.738
13246,325.965
1704,1871.811
10543,714.953
10166,203.918
22196,940.602
17116,696.043
11853,359.569
21130,4216.992
13098,0.0
19672,6645.191
18647,2443.513
2234,1155.773
11169,2817.094
11211,-26.567
26435,420.391
10567,596.905
27037,9091.711
23468,513.546
11093,3283.737
24025,1211.294
17528,501.394
1143,77.965
19456,635.314
1431,1577.466
23520,0.0
5981,2249.515
22876,666.159
10670,1835.231
16741,260.865
29908,976.624
17655,-0.868
25852,3107.409
22264,11.16
21471,44.392
1880,2787.768
8817,159.619
19715,0.0
7631,4514.933
3525,2179.083
721,246.76
6212,347.231
22973,1404.703
23409,137.268
15275,7780.07
12898,17.515
4161,10.106
26438,27.342
1756,966.549
12866,613.521
4368,3404.265
19213,1637.575
17144,10.106
11609,821.314
24985,733.894
5501,446.431
23436,243.102
17279,4880.144
4040,354.113
23765,-4.65
29252,2934.832
19745,7.626
24787,688.789
3315,8005.967
19175,3702.392
17564,1351.631
17111,417.415
15933,2014.752
29919,1591.013
8312,1797.535
12369,3113.702
10343,529.108
2568,1834.394
3772,0.0
8518,1293.537
28660,1784.05
26855,2038.746
22151,3499.9
18375,1887.156
23641,183.117
26047,1450.242
22746,827.08
12828,3554.057
21464,1491.348
16019,528.364
4263,15427.367
11915,1007.717
5627,9.796
26304,2642.285
8594,287.122
17727,60.76
5075,99.076
5550,-62.0
16266,-9.176
22413,3078.238
24105,7172.067
24890,1471.26
23042,724.284
29197,579.204
17442,2422.929
20151,0.0
27256,0.0
20243,409.789
29081,1204.846
17957,1911.863
21751,43.617
440,10.85
29828,47.399
1286,2014.442
7619,567.672
9574,1439.33
677,2231.659
10262,1525.572
25820,4457.955
24597,7764.725
8897,3026.406
6296,1981.272
14782,3.193
19030,2134.35
1083,1458.674
10411,0.0
3489,45.663
2520,1447.979
900,0.0
16784,467.945
15168,260.4
5602,1755.406
1865,681.938
5903,2638.658
12665,7895.049
27081,44.547
13569,18.6
5694,3404.885
9773,4667.422
28538,648.179
23839,929.907
14939,87.327
3508,1480.56
10999,784.3
2271,37.045
14474,273.854
29125,0.0
7099,1466.765
14371,29.729
21080,650.349
6344,2550.494
7885,662.129
29383,251.069
16549,222.084
7303,758.167
27511,584.536
3634,1940.569
17038,2119.501
7951,12.09
7444,1200.506
19878,10417.891
3038,5305.96
15789,1097.741
3060,1222.919
29589,1231.723
26127,1485.024
15794,2515.712
5707,2672.2
514,569.005
12967,8.68
25482,114.7
19960,0.0
2570,0.0
22503,79.36
14870,2270.874
1428,2358.759
11051,220.937
13893,1231.413
28283,0.0
3482,1497.61
6090,102.362
17974,4186.643
18461,71.145
10901,461.373
29429,2650.5
8969,312.573
21015,542.5
5558,3309.25
10251,186.0
9384,132.649
21978,1147.806
27023,1721.864
20922,3155.242
13422,719.293
14243,3018.191
2123,9950.442
20129,750.975
4939,633.981
7618,363.599
9723,832.567
11382,155.434
29822,945.438
19021,4644.978
19697,-0.124
21077,2975.132
3912,130.107
16949,7683.908
3270,854.453
924,849.121
15320,83.793
27208,231.322
15832,65.906
18376,2258.443
1641,357.74
9426,3.41
24919,12.865
5136,509.547
20402,1481.676
12573,241.366
23757,618.574
9527,37.107
4215,71.114
1836,612.56
9817,12.09
26718,2041.691
3087,0.0
17438,2470.576
21761,4685.96
16312,3427.825
12328,6408.134
11370,787.245
5586,2352.714
1288,452.259
12350,387.996
10193,28.21
20331,48.267
15094,5213.642
1508,14949.75
14642,27.869
17919,5906.43
18154,23.219
14695,636.802
4319,409.417
6942,72.695
29463,52.452
26773,13.671
12751,279.465
6771,519.467
23686,7723.711999999999
16313,372.899
29576,27.125
1036,344.379
4645,163.897
6463,-1.116
19586,228.315
26625,302.994
15113,72.633
10926,10586.469
14766,1938.182
1594,15.5
5060,1460.41
15000,1582.457
21513,1569.034
25,1476.22
9546,445.656
10944,12.09
24812,25.792
16388,323.082
11842,42.191
22920,622.108
5389,3649.878
15314,949.933
15230,3868.087
25642,898.721
15687,671.956
20155,310.0
2581,2914.775
10217,3523.15
7681,44.051
3977,290.098
11561,1640.83
12893,0.0
8933,997.766
20959,550.746
17264,2075.326
24649,-21.762
1900,849.028
202,416.144
10987,6370.438
18144,636.957
24397,-1.24
23044,368.9
9357,243.505
14450,4351.997
7582,2.418
6018,0.0
17294,-4.619
3283,1270.039
18092,6917.557
3805,139.221
2662,1860.155
23776,11361.004
26862,10508.752
11527,12.896
21792,4464.31
9860,19.592
9868,2428.137
17883,1287.12
29385,32.55
6926,0.0
6277,21.142
7391,83.111
6420,305.443
11894,0.0
4491,1022.256
15376,10.416
24739,2275.834
12654,1184.82
13350,6847.559
16111,2228.9
10096,143.871
6919,112.995
16668,1729.8
18176,582.366
19576,251.627
20827,18.538
4576,8.928
4551,11827.43
25731,180.823
13240,9.331
29591,649.729
4981,6176.099
28561,77.5
14037,0.0
15099,5556.843
1021,4427.637
6374,855.414
7405,488.808
27622,5698.451
9237,4092.744
28270,1509.886
25671,43.989
27273,467.108
23045,2125.701
1144,3064.195
26414,1233.893
12064,710.365
3957,1101.709
13969,6320.776
6973,198.059
15856,1789.909
18859,-0.186
481,4072.377
4186,1573.684
3905,3500.706
7961,0.0
24803,0.0
28656,5301.186
22998,224.781
8364,1104.747
25534,166.09799999999998
23101,323.733
15695,112.623
6500,286.719
9435,248.341
3853,62.465
7737,2704.688
17486,116.963
6948,5478.661
21407,0.0
21621,263.686
10812,43.183
6954,1127.842
18518,457.343
27674,480.283
28829,0.0
3177,234.174
13856,385.516
17493,0.0
8642,3774.064
15107,1506.6
2739,1371.13
14970,655.123
23263,3988.119
13552,0.0
17694,2874.475
5687,5.022
7125,9556.866
24007,3511.99
26867,814.928
4205,78.182
17933,107.632
853,1386.723
2196,29899.841
11105,37.076
16723,1506.321
17190,1352.499
2914,512.244
11258,842.053
6812,682.837
20005,5725.855
6112,62.217
14633,0.0
21547,1011.964
14448,178.46699999999998
5198,1718.857
4035,0.0
2794,0.0
14899,12.276
4611,1463.386
21592,0.0
16267,3378.504
28166,3693.309
25437,0.0
29826,2591.817
779,0.0
503,593.991
1353,718.6419999999999
23927,1484.001
1430,1565.066
11141,205.22
26744,274.412
26339,96.255
5072,228.873
16628,418.996
23466,4377.293
20547,1092.037
27210,635.655
12825,3438.675
14526,7.099
27221,1536.329
16306,147.219
23204,8577.111
25149,248.0
1889,0.0
22257,695.578
25357,419.988
26581,74.4
14959,53.196
4113,576.476
4539,4768.823
18356,568.044
3677,525.729
20025,624.247
23205,8332.025
25430,9652.78
17156,1115.628
10602,2165.443
24103,439.301
16297,1214.952
3675,11.16
24862,463.45
16029,692.912
28327,17.856
27413,3909.565
10150,1541.94
24868,2372.709
589,181.071
19676,79.484
6004,12.896
22793,136.524
14813,31.0
5335,1414.034
14743,449.903
5836,704.289
24634,6299.758
4620,122.822
7721,0.0
1965,128.216
19977,10800.307
6814,987.784
9114,45.663
2261,6679.787
4370,2066.088
4044,885.639
25573,573.066
3107,7280.876999999999
6849,168.981
26605,1451.761
26961,765.979
19410,93.0
29239,22.041
21439,248.961
12556,345.898
4794,672.979
6377,4381.726
21192,1426.155
42,58.187
11442,836.6899999999999
24472,264.771
1599,1483.443
16968,2056.757
26956,3224.868
21120,298.592
29317,79.546
21955,1442.306
25932,492.218
22849,0.0
28774,5720.957
18585,1287.926
4143,20.46
3890,2487.75
13650,194.742
26840,2669.534
24261,41.54
22369,147.622
12275,-0.806
26167,5436.067
11826,2782.157
207,95.728
20278,309.349
9987,241.118
27660,808.914
17700,5278.153
24945,107.539
29106,1327.265
10463,0.0
17573,46.314
11324,-10.261
17869,1836.657
26186,0.0
19317,527.248
25665,4487.994
24966,272.893
26120,15.469
3180,343.077
24157,308.109
10840,5480.862
26403,6746.716
11300,556.419
14863,32.457
8222,3534.713
19803,0.0
978,173.321
15173,193.254
15849,419.089
3651,5773.688
10844,21.7
10822,6838.228
24163,-5.89
22112,368.001
14062,21.266
27538,55.18
4993,505.92
1170,288.455
22921,648.396
5779,2866.167
9116,24.18
8600,2076.287
6986,158.689
8862,407.247
23859,0.0
28329,12.276
29411,12.09
25617,1253.609
14460,4909.16
10583,91.14
29683,1236.652
4209,1676.294
16021,4427.141
11373,2502.94
9961,564.82
4002,2514.999
809,83.514
17849,74.4
6952,0.0
25289,2073.311
26572,599.509
19727,2905.103
8917,35.836
16892,400.303
1547,945.531
6680,169.88
18069,1227.538
1333,97.743
16498,1159.772
11218,360.84
10417,2361.797
14768,526.287
15459,1826.148
14918,36.27
22462,69.006
28054,51.15
6668,19.933
26426,3705.43
11883,4.216
20125,181.443
8089,810.185
25678,2509.698
6951,200.942
10103,10778.576
29910,888.398
4513,1468.594
22852,-0.372
796,0.0
12170,1929.502
23645,1.55
20975,6158.553
21036,1482.854
9400,92.659
1612,2778.189
24725,0.0
25108,344.007
21996,1112.001
9085,6914.395
25328,636.74
8900,252.433
15530,1796.853
8274,227.168
27382,318.99
10702,0.0
2237,112.964
13260,2010.939
24126,865.024
2092,89.838
28467,1436.788
10899,508.152
19721,1563.547
10515,1474.918
18199,410.161
24922,7.626
2650,4.588
7389,724.408
18089,1780.516
11353,610.638
7002,0.0
13961,150.908
859,626.758
15561,65.472
3702,12.09
6304,479.632
22481,1198.026
22750,240.963
22131,27.962
16432,794.437
832,4726.818
26159,48.174
17649,751.409
26197,9.796
18454,782.533
5156,146.227
16429,16.368
18895,181.35
6648,6816.404
14394,5295.513
16173,1173.567
3268,575.639
14498,1606.606
7487,416.516
21293,77.5
22823,1419.707
9304,170.407
12811,2185.128
17407,954.273
22728,0.0
20152,2605.984
28144,0.0
18696,840.41
15117,4426.149
8779,4335.722
3081,1347.322
5874,6418.023
1479,-0.992
10621,4.65
1570,756.4
24293,483.538
19759,160.394
27543,10621.127
510,39.091
27107,2855.999
28140,29.481
29254,1750.663
15593,387.779
8194,1918.528
13696,343.666
4296,592.131
27206,547.77
18815,4628.672
15823,0.0
25043,4347.223
25471,1320.476
1228,395.87
19561,4254.75
22833,5.146
3132,710.148
28244,2782.436
5205,3384.921
23501,782.409
14126,624.867
27516,796.266
8667,35.185
17657,1964.47
2203,485.522
142,314.061
17479,687.3629999999999
28937,0.0
22648,17.05
11999,5702.109
13902,2695.76
28410,3716.404
4948,6046.178
8283,741.861
26296,138.88
1914,0.0
3511,1353.522
5256,5.115
21918,36.301
21318,4463.814
3189,703.173
17884,2712.097
21521,397.761
25625,237.739
7375,4523.117
11160,86.211
19896,1263.467
10761,17507.467
4297,26.35
2187,331.7
1864,234.732
8950,192.107
12512,3011.836
20642,1884.924
20478,5637.97
5097,1417.568
20899,56.916
10617,153.14
1742,-0.155
26821,110.577
21825,2162.622
28210,22.506
29772,1670.776
1582,171.678
11624,968.316
21816,3899.552
19162,25.296
27077,38.316
6533,512.74
25226,38.75
2654,31.403
17843,1501.361
2008,0.0
24967,3828.035
8982,23.777
13157,879.532
11587,1245.363
17630,4414.059
7554,44.795
1541,0.0
5110,2719.351
18307,1407.307
19609,412.517
21931,1338.115
29651,123.411
13245,441.626
5033,10451.185
6230,4492.923
27841,862.358
21655,950.46
11555,2416.977
6348,2917.534
16387,35.03
13604,440.758
4895,1792.73
28593,2375.251
28709,0.0
23495,574.0889999999999
27958,57.753
6555,1775.029
4170,423.274
10465,839.914
19090,1125.021
14052,0.0
18435,0.0
2945,2866.632
18378,484.809
28678,6286.273
27781,626.696
24693,3118.6
2435,1746.571
335,4447.384
12870,77.531
2047,12.338
15678,468.41
16194,4224.339
1669,392.119
7407,0.0
20447,5101.856
22011,372.961
10097,16.244
11148,313.968
5980,229.183
17870,180.017
19942,534.285
10301,1855.071
12027,563.766
18999,126.573
22984,82.336
16375,2722.916
19777,822.616
25748,2571.884
8263,170.314
16773,1346.454
14586,2988.183
1846,1074.584
18711,44.144
23035,20.057
27345,239.072
19174,152.024
12976,880.338
17861,74.4
17582,0.0
25535,2492.462
6670,651.837
6189,0.0
12536,2400.95
18829,1565.128
3037,63.085
29753,1650.254
23633,47.864
24905,0.0
28074,1577.373
9979,395.529
24788,45.663
16957,12.09
22621,1707.604
20981,39.091
12749,6503.862
15589,1515.9
9127,16.368
29041,8021.684
12964,1.829
7483,2430.586
1997,3762.594
14842,-0.434
3617,12.09
12303,750.665
22857,5975.033
18286,4969.052
26911,2776.577
20111,150.257
26331,694.276
3703,464.783
16611,2258.04
15934,0.0
10318,909.416
16354,71.3
7780,325.934
3648,24.18
17042,1247.657
25663,57.66
26254,128.681
5435,4744.922
15974,488.25
29735,408.332
1730,92.287
23749,3214.731
9515,5817.615
11917,725.834
1265,1403.308
25754,2631.28
27453,38.316
5626,608.158
23099,0.0
9284,4070.61
10986,2826.518
24769,2752.955
16119,-10.23
17508,2769.137
8752,5514.683
21063,-9.827
8803,621.364
28088,3441.744
12804,1427.271
3655,3455.973
4911,279.62
22256,11.005
21967,498.79
10207,899.217
14559,2341.027
11434,0.0
12602,1485.737
16886,12917.018
3762,2115.657
20658,352.098
378,2168.047
8588,0.0
23225,61.163
13207,2176.014
11986,922.87
25835,10.106
10016,545.755
28821,27.032
7546,2142.286
16007,93.0
13082,7463.095
20040,1553.069
5956,184.791
23967,62.093
19442,0.0
8234,246.605
16103,0.0
21250,1746.137
5152,249.829
2846,4396.916
16833,1520.209
22527,0.0
8797,162.316
17910,1460.007
13255,140.43
13597,1029.262
26886,2753.172
23877,412.114
13522,12.09
24656,1492.464
24447,133.331
27839,2149.354
19354,474.269
17683,5128.175
26945,342.333
11480,2409.32
27910,2784.699
21932,3.286
18915,218.612
5631,8630.555
16272,2320.66
14486,283.712
12942,147.157
18707,1860.992
5493,330.832
10169,31.93
23890,971.788
5265,20.801
136,540.764
15212,545.414
21081,37.696
6142,2851.473
7527,7634.804
28307,2147.928
1511,487.816
24554,1759.374
16025,1395.868
6052,4.65
4837,9.858
29354,39.804
11884,84.816
8913,234.267
8019,56.079
26555,492.962
1733,2624.584
21928,32.24
19125,183.427
6673,534.161
15233,1835.045
29220,1203.265
28928,1123.502
9512,3035.148
22247,711.729
1530,524.582
28229,830.986
9006,2643.184
13176,576.135
15774,1267.931
24174,2505.792
18771,576.972
25855,2226.327
15868,3440.814
2473,67.766
12100,144.77
13466,901.418
18444,290.687
28268,888.181
13062,581.405
1796,6447.442
3461,6189.739
3600,0.0
3103,7476.921
21999,2576.72
5329,266.166
19801,618.326
22000,497.147
12858,13294.071
1970,598.858
17629,4999.587
4998,0.0
3488,966.27
24970,0.0
3442,21.886
4256,4374.162
8888,2255.994
2224,0.0
21369,1875.5
14711,191.177
15609,698.213
23998,4360.522
17823,3051.268
20589,30.659
17477,1519.155
9534,1178.961
26025,1516.706
15512,153.419
28201,943.795
22988,460.04
26729,4634.469
1239,89.59
11610,3483.78
81,725.741
24101,23.529
21295,12.09
11483,2215.105
11680,7078.602
6778,1493.239
12659,2826.27
22095,4671.142
14305,1502.353
3907,1473.43
12958,1864.836
7082,0.0
21467,616.621
19652,169.911
11914,317.812
2533,47.43
5463,0.0
19880,560.6659999999999
1118,-4.65
2294,800.73
3921,551.025
7572,4484.088
2903,2342.515
26316,2028.051
12897,1015.25
19180,11282.264
13480,1917.381
18338,267.468
15008,508.431
27097,1782.624
14296,0.0
15452,12.276
10236,4627.618
4213,2264.984
19641,1538.623
10362,2723.381
14327,2452.069
6651,127.131
1815,1864.03
15536,111.197
7011,2903.739
29673,1134.29
5996,5627.802
7454,1066.555
2838,3772.607
25545,6049.34
19039,489.893
8101,60.76
14655,396.025
16992,591.821
6540,2762.72
2354,90.148
29695,0.0
11885,114.359
18767,35.898
8800,253.735
17272,48.856
26210,2981.673
10239,25.978
5432,1168.111
13329,33.046
9975,0.0
7396,527.93
11812,5677.309
27047,48.98
24850,22.785
3392,2577.278
9670,1476.561
4877,208.754
28263,3290.526
6705,2015.806
3222,54.033
445,1156.424
8615,1584.813
27857,354.702
5314,329.282
1901,1768.426
10471,6325.612
716,2509.884
485,5504.174
29937,670.468
6638,4253.758
12002,0.0
1497,1858.605
13038,4080.685
7624,548.824
11632,561.193
17370,7577.981
4709,3953.244
22026,6165.59
29143,2455.231
23716,0.0
12832,1651.866
4464,607.507
13323,873.89
25593,4539.392
13579,156.488
10436,336.443
24772,6917.681
26898,5063.137
10884,2860.711
24337,2761.914
10597,7166.797
19240,191.952
21715,4131.308
5716,-54.25
4889,797.258
15040,162.936
1724,3550.337
22269,690.029
26775,259.408
4382,380.525
17866,0.0
21071,2324.535
19378,12429.977
15564,1246.107
9040,873.921
18471,749.549
15023,253.208
27774,342.829
21649,9.982
29627,194.99
11406,1620.308
11273,160.828
2604,1497.548
4066,788.547
25715,2638.999
11446,43.028
27482,5652.199
14932,2428.943
634,1441.066
23700,29.016
26968,0.0
534,74.741
20160,1884.428
1481,121.644
10421,3757.789
21529,0.0
2926,12.09
29876,10.106
19084,813.4399999999999
7534,1375.78
493,877.424
27562,24.521
2616,922.777
3297,258.168
16806,829.994
28450,48.484
20651,1430.278
10240,2968.467
20641,116.839
6848,5262.219
9706,794.282
15410,0.0
3723,171.12
19035,1460.379
22268,2558.213
24531,11544.276
1055,584.412
29342,67.89
12760,4749.138
8796,291.865
24082,13279.439
29505,3566.24
3640,842.611
23753,0.0
20209,14114.083
17698,5727.715
22568,5650.773
8113,170.934
9216,899.093
18018,1105.801
13113,1746.261
28769,168.547
2678,1408.299
16610,477.307
2283,1047.242
421,5259.491
26783,1523.309
13122,84.971
8829,-474.548
19951,191.611
10187,2071.761
150,2685.437
14049,5110.567
1487,1518.349
26734,609.367
15573,497.519
21851,2177.781
29543,1981.241
7049,796.886
1721,1754.848
1688,582.924
17259,1739.069
6223,591.511
2341,2750.103
15204,115.165
11394,1539.677
4712,3858.229
8885,77.5
11979,634.2909999999999
7171,37.014
11349,390.693
20261,-0.031
4243,-1.054
15931,1959.231
29294,666.686
8220,557.101
18239,149.234
25522,3300.539
2925,744.434
15970,305.257
22340,0.0
521,-1.798
26639,2106.14
3555,33.263
27873,1647.712
76,1327.978
28257,2106.605
2940,3762.408
3685,2030.469
11414,4226.044
27381,271.188
5197,2149.726
13763,3154.901
21926,223.417
10110,1095.571
9019,491.288
25600,4453.15
21283,32.271
5746,193.502
29397,99.417
2241,276.675
3349,718.301
7279,1063.331
25049,1439.361
9807,1141.978
6025,3746.939
18649,494.109
9656,578.8629999999999
4086,4203.197
9996,-0.186
15681,3409.907
24390,753.455
9254,2223.32
8046,870.573
4743,5045.591
5128,109.058
4797,502.169
11478,955.451
3409,235.786
9457,0.0
17446,95.852
16046,3802.522
15279,297.042
29605,7246.87
25414,9215.525
15319,617.551
18749,1639.838
26133,5242.348
24852,1923.643
6615,195.331
26348,528.736
28800,2121.95
19274,3007.806
2085,1771.185
29047,16.43
15477,0.0
21007,355.384
17327,0.0
19099,54.436
2629,7464.49
22164,102.517
8135,217.806
26792,1664.7
25230,741.055
3924,255.006
462,645.0169999999999
28389,441.037
18823,542.128
16294,940.416
7800,17.174
20522,0.0
12014,424.731
18918,152.148
27407,93.496
25878,7192.961
24908,123.473
1232,1417.227
10035,58.59
19075,637.236
18355,823.608
13332,9348.143
26939,12.09
18928,1197.096
14342,24.025
582,44.423
14663,271.839
12288,5507.584
23377,2173.782
28363,4296.414
9973,1085.961
9786,3078.114
29696,399.745
27135,9.3
13229,173.073
25656,3436.536
24131,1275.774
8197,3093.831
20292,1899.618
22587,6228.737
17356,1715.199
2231,36.394
967,30.876
21374,742.729
6957,2002.166
11532,0.0
1280,1197.685
3768,0.0
9405,3306.77
16174,498.573
19473,3112.09
1140,105.4
11490,10912.496
7742,41.788
11787,309.38
13028,12.09
28597,61.473
28214,7911.417
2427,1541.785
17402,2661.753
2906,15476.161
8301,0.0
4369,62.527
11665,2626.599
12225,2059.206
11487,142.29
24428,562.309
11806,1418.405
18228,616.001
27985,171.337
8216,256.091
24816,1308.665
10473,10.106
16535,298.189
1920,0.0
26382,802.9929999999999
2902,1487.597
10047,107.136
28213,2975.566
8452,7532.101
6637,4192.223
2598,19.84
26640,4771.892
15631,30.814
24230,6847.931
28208,99.82
14007,918.592
15957,581.8389999999999
5032,1489.984
26880,4958.977
662,32.054
25576,1420.017
14653,240.808
16748,1633.948
17017,1570.119
14022,1397.294
2585,1090.797
15257,68.262
22374,725.338
13373,1830.209
13471,5201.645
23726,55.831
8421,3624.148
2999,43.586
4748,1088.596
10439,175.646
19744,217.806
17360,0.0
18315,560.635
29066,203.794
13276,1587.417
17049,869.519
17312,932.976
334,637.701
10080,3075.665
28002,1317.128
2504,24.18
28396,1299.954
25337,0.868
3017,189.069
20872,-10.974
9082,1418.901
28770,118.544
13898,1556.82
6365,649.016
6917,67.797
4804,1309.626
24084,133.424
20982,0.0
1577,1638.505
14441,3463.661
29333,9.3
17541,89.125
23814,150.846
8034,6.82
16224,1521.232
6264,7166.611
23014,69.595
28567,1364.93
13165,2992.957
2899,525.7909999999999
19232,1128.834
27433,109.368
868,3260.952
26551,12.09
12746,0.0
28605,2913.473
3589,470.146
4043,843.975
24070,1207.171
17554,-23.653
18545,856.778
9936,0.0
25233,786.346
26468,23.219
21502,1247.316
1658,23.901
22388,4536.075
12972,2085.37
8368,708.691
3371,2485.394
26953,2308.787
19799,1051.117
9060,114.142
19400,756.834
26713,53.537
13184,1383.53
19308,3912.82
17576,19.592
14862,216.132
21900,1829.31
13946,932.263
13218,299.987
23069,5161.903
11684,2081.309
656,428.42
26280,276.737
20878,564.076
18934,4552.443
27035,818.4
3154,31.248
29728,380.711
19047,230.609
4542,1308.417
28978,4884.081
3077,1104.189
3093,57.133
4972,1765.636
17448,0.0
25001,43.4
15840,778.255
14954,3444.565
11210,21.669
22393,815.455
6643,358.639
6996,642.971
4786,3325.339
24804,958.737
29635,1833.03
11927,151.435
6206,4381.23
3708,1469.741
6493,5712.556
10275,3662.588
15272,164.517
12864,245.954
4195,1488.186
12845,6926.795
4436,1407.09
16737,25.73
18441,1550.062
28812,1710.983
16479,1583.573
28383,2281.786
5288,3175.919
10263,1532.113
13580,551.149
9632,2128.398
19621,1497.207
13348,44.671
13751,17.762999999999998
18395,1418.033
18857,643.622
9587,9.3
26126,383.408
5343,1583.108
18978,2117.951
18884,1132.523
18722,1666.002
26586,0.0
19982,54.839
6718,325.531
8632,687.797
16346,150.536
20754,274.133
15248,0.0
12761,18.011
13872,9263.079
14193,5420.257
16490,440.045
26160,1843.446
23144,62.062
9468,4410.432
15003,78.771
3310,4187.046
23782,824.29
25622,1100.965
5897,0.0
6704,810.123
6676,2728.434
6711,0.0
26692,10095.739
22012,319.021
13511,1363.411
20809,540.206
18053,2245.547
17317,38.192
25442,1742.882
20700,2295.643
14647,861.428
1258,9.021
12498,1261.08
4631,412.331
21041,5280.912
19557,41.23
22484,160.828
14709,2889.665
14920,0.0
12104,898.318
24871,185.752
18850,3302.089
9373,642.692
27664,154.969
11923,238.421
19531,822.585
27076,3544.044
15562,23.467
2405,6236.239
27004,92.628
21248,252.495
12127,62.0
8684,420.36
24870,516.367
941,39.091
8884,4388.112
6085,834.768
13152,827.948
22572,0.0
7306,2561.313
13768,1501.051
19480,29.171
2725,5538.615
12183,85.126
7439,650.473
1090,699.918
18984,6875.583
15232,2461.617
6548,58.063
6043,2191.731
9664,-57.66
3662,32.55
19347,237.305
4061,3978.571
20504,1436.726
4548,6277.686
5166,341.0
23360,3711.32
20730,144.801
27391,881.485
21945,2902.375
13645,1412.267
26459,372.186
23532,11618.862
7794,595.014
1823,5757.413
4934,12.09
22536,100.936
14370,1193.066
9830,46.345
22608,651.031
12931,5580.496
7489,5042.367
4742,-0.248
3904,4.03
4353,1098.237
24534,15.5
12906,3918.772
17915,124.837
11332,130.851
14571,1432.386
5496,4061.837
10663,896.551
9568,289.013
4986,1598.329
27368,790.252
6008,0.0
10071,189.565
21451,13.485
10814,0.0
11526,27.094
3129,3807.11
29539,49.042
22634,1005.64
11392,1533.384
15951,2121.795
15569,10.106
16721,1529.261
8415,1502.942
27934,2268.177
11961,284.952
7291,570.989
21277,113.584
21002,382.075
74,94.488
14915,7372.451
22505,294.841
5137,144.863
13688,894.629
22181,120.466
26359,318.773
3577,0.0
7559,43.152
7682,292.485
29356,379.254
19821,0.0
15978,3054.926
5725,1966.764
1138,3379.186
8506,558.5889999999999
15604,2857.022
27614,442.463
19459,1287.461
5,1996.4
25729,3806.986
12019,612.963
7355,8.184
10603,648.117
18254,1898.068
13999,105.927
29232,36.983
19594,3762.966
6478,4813.06
17170,2972.218
17740,661.323
12228,546.778
19739,482.112
3357,3323.696
25297,4890.808
14468,221.216
14801,189.317
4823,2495.283
9919,934.464
7594,15502.79
10862,1501.423
10340,54.622
27849,2115.781
191,608.375
16366,1457.651
29906,639.778
20239,771.094
20812,2535.366
8461,1996.183
10598,2128.429
18824,1011.747
28434,0.0
3074,502.138
17778,318.618
2672,2257.73
4935,473.928
20800,12.09
24137,5352.305
425,349.122
18333,487.072
3344,0.0
4126,1448.537
24958,33.108
20817,8.928
27840,312.046
20389,532.332
8732,476.997
21051,7184.529
559,1772.952
29407,450.864
9281,2605.674
28981,115.196
13202,184.791
8355,603.508
17782,11116.011
6510,9080.117
17055,3940.875
27314,2416.729
27159,116.281
19169,12.09
24822,1141.885
8686,1570.398
27938,1156.889
6404,1087.387
27658,1730.699
17917,378.634
11987,582.676
29019,814.029
25479,0.0
20865,60.171
10270,734.607
3680,10314.351
24943,1501.051
1615,9.021
22708,0.0
20258,1580.69
21251,2691.606
11255,0.0
11905,8611.893
16494,546.685
15288,90.52
13364,1963.912
7840,337.776
23894,2.79
200,23.25
10729,173.662
29136,3040.077
5418,55.831
19861,1243.875
17673,3697.897
12184,13.02
22907,15.965
8720,56.172
24873,12.09
28296,945.686
2475,1540.576
12785,1448.661
2389,163.215
26037,168.392
3378,54.746
11524,1174.125
8262,707.451
4179,205.437
23310,88.288
20202,290.098
28522,32.55
26958,42.346
3643,848.098
18808,5576.497
28267,784.92
1686,4149.908
7318,3410.992
26157,195.114
8133,3950.919
24837,46.128
1512,1600.561
527,4985.947
813,772.551
25725,429.691
14626,2049.782
6981,1570.367
24941,367.257
7531,89.404
20149,4659.114
10191,1967.291
22229,2271.277
26327,373.395
7866,1954.519
27416,0.0
11504,1172.482
7549,563.89
25623,1273.852
106,189.348
24578,3199.262
14067,6596.397
29126,1415.212
3096,121.365
14809,34.069
19150,65.875
13265,39.959
19312,0.0
320,1809.222
12660,760.957
9789,4416.787
24612,1215.572
3956,538.036
16472,0.0
20835,1425.907
1590,125.984
17650,1963.54
16736,2697.651
16896,833.373
5050,516.429
15425,1504.027
5684,4910.896
1081,261.175
26645,2060.601
18141,867.845
18455,201.5
29469,403.744
20828,202.492
19544,542.5
16076,73.439
8880,1211.263
1509,2512.364
11081,53.909
23294,2126.259
7065,3478.572
20966,474.269
17799,211.699
9531,897.543
8643,123.318
23452,391.158
13294,11.036
7183,596.502
1178,1579.698
24291,2004.181
11101,17.112
7189,331.483
23510,1811.888
6337,2430.431
15551,11700.02
27378,3666.897
26036,779.619
120,1426.124
4835,683.984
9867,3340.777
12393,68.417
18624,7003.861
3811,0.0
15950,5827.132
1308,200.57
5094,1476.809
12702,9505.313
20482,5679.634
22931,7277.994
27039,314.526
22835,2395.618
6789,5648.262
26739,4081.243
1179,1523.464
7643,445.656
26385,8.68
23624,259.129
10561,18.538
23708,102.765
21923,131.967
29509,5621.385
16548,611.568
4082,0.0
18211,5293.56
7302,2002.476
3732,2247.345
1681,110.329
27565,1503.624
423,3254.318
5507,6731.588
27552,730.825
15006,1478.545
18446,626.014
7587,952.289
2255,438.619
26433,307.365
12497,5214.541
22930,77.5
935,652.922
28153,165.35399999999998
25378,572.446
11088,6.2
25359,160.239
10507,3386.006
13266,1084.907
25030,550.808
11612,1447.483
29088,495.566
2350,8198.942
8651,908.982
21419,10993.406
7128,4969.052
16218,1532.95
22891,0.0
26969,1355.041
9959,1397.108
22566,8567.315
18093,5054.023
8598,1754.538
4536,0.0
22148,1395.124
29327,335.327
11221,1981.148
11350,339.76
7919,5993.695
11188,345.216
1603,-0.062
6609,224.564
16947,335.513
18172,24.862
26049,2461.493
15129,74.245
22483,7791.23
6278,802.869
28336,265.422
12332,197.718
26302,2759.186
10241,0.0
21161,10.106
10159,2398.036
4686,495.907
16361,2069.219
5575,326.554
7285,1136.398
21701,880.524
14512,-2.387
750,0.0
16805,1422.156
15987,2538.962
27699,0.0
12684,17.794
20550,262.012
21652,27.652
19431,1510.072
18564,2149.323
9835,19.344
909,2474.947
22063,1189.005
1075,2942.675
79,0.0
28260,12.09
8775,0.0
19086,311.984
15127,4567.385
13529,123.845
24492,1385.111
18223,1848.127
20443,484.809
24764,33.728
26954,178.808
3660,46.035
26563,-1.457
19063,4267.584
17009,137.454
17502,2502.103
11220,104.222
4095,22.816
18206,0.0
28202,10301.889
4833,4081.367
25294,1037.167
28023,2.387
16588,90.458
7359,73.036
26569,12023.381
11280,224.13
8508,325.841
13577,1482.265
23897,541.136
5282,18.6
15671,691.393
26152,1299.582
14519,3738.073
11454,485.305
9929,335.575
24235,437.317
29502,499.472
25677,1719.787
9729,954.211
18810,16.802
9573,1980.559
6268,74.4
13271,20.274
20322,12.09
10828,5080.807
15676,969.432
21627,-0.062
4060,65.565
26150,47.306
20303,2858.665
15708,180.141
18025,1529.974
24927,3776.296
21860,104.687
5318,26.939
22245,599.323
22469,15.965
23087,4887.708
1452,49.073
27753,2608.247
7955,569.222
11116,2128.987
16876,593.712
17827,173.073
5898,179.8
20315,515.003
6332,3787.983
28900,5302.767
9983,7806.141
11776,507.501
13084,35.309
28632,1270.535
29676,13.671
7516,12.09
888,756.431
14716,831.668
23456,368.032
20096,778.162
21272,145.824
1008,613.335
12945,984.932
18790,4161.285
6035,3595.318
3316,232.655
4866,302.529
22929,4112.739
25559,0.0
9563,208.165
14295,2965.088
22108,1749.547
17349,247.38
23349,3925.902
27093,97.061
27275,3676.91
1537,12.09
6184,618.326
17231,1391.807
19440,88.35
12154,930.155
12405,107.725
26082,1338.27
28343,1448.134
6169,0.0
11139,24.18
12323,-5132.98
26745,15.438
1963,139.035
4301,114.08
6909,1857.799
16646,1514.164
11056,0.0
17112,-0.775
3138,2391.402
18345,486.886
19891,33.108
12596,3052.942
12304,1641.636
15189,3166.867
17592,1588.099
18379,4.96
206,12.09
800,11.935
7585,1768.054
1991,14073.535
13380,172.887
2772,51.181
5824,70.494
20527,346.27
2905,2313.065
6475,12.09
7164,886.693
21198,3827.694
23168,223.975
27925,1383.871
16190,1466.145
11966,513.825
382,3118.414
7982,855.073
14367,593.65
16714,1123.533
17373,530.1
26853,1525.851
10333,0.0
29121,612.994
7857,5091.44
17431,0.0
22494,3148.236
24669,2078.922
22745,11.16
7210,0.0
29697,400.582
1361,463.233
23575,89.68299999999999
6259,3025.104
27742,1502.663
13478,477.307
22769,7383.146
24532,6617.973
8920,6007.211
25983,4126.565
6338,2404.918
16559,166.315
29355,453.034
6784,420.732
7847,1503.748
1349,253.704
13654,2173.503
1072,4598.571
9577,218.24
11651,1891.434
28971,200.88
1005,91.047
2446,155.775
15217,3489.67
1254,6023.331
2960,10.788
10870,1268.861
1726,1986.139
17202,342.302
26238,253.487
21126,0.0
11785,705.157
9758,911.214
2159,5196.685
10329,623.224
16825,261.423
16425,2973.117
6824,410.502
7948,2166.776
6757,0.0
20608,185.411
26795,1031.339
17818,171.244
13828,159.805
21459,1497.052
6545,172.515
5559,665.26
4118,332.785
10960,2414.001
8280,946.337
23070,0.0
20198,12.276
19337,1792.296
11941,3039.488
16368,1024.085
9950,101.246
20208,1187.238
6502,182.683
11718,36.828
11508,50.127
24869,159.185
18030,1570.987
26668,111.352
21669,0.0
12122,1616.216
14937,2203.015
4685,84.599
15017,49.6
5246,362.452
22741,93.31
28299,6362.533
650,0.0
9030,873.735
7154,1958.642
16464,378.076
9449,3641.601
7367,2956.78
2311,838.023
11200,2569.838
24088,6.014
24282,3228.743
27510,77.097
6763,1956.038
21404,203.763
13978,1162.252
21520,2138.039
12054,12.276
2217,1611.876
26657,1993.827
7042,301.165
21787,165.447
23221,0.0
9432,12.741
20105,6193.459
29610,35.03
26926,1555.549
16729,173.817
8597,882.787
25216,1195.98
23121,0.0
9224,0.0
15734,871.348
26266,472.254
26496,1365.271
3850,0.0
11477,790.097
24441,337.218
24536,291.927
17484,10.106
18481,-1.581
17877,1737.891
15172,2359.627
26584,30.969
3028,51.274
13457,2333.959
9855,700.569
28970,213.9
183,1798.744
29134,267.065
917,0.0
17094,1459.945
21572,1382.383
16117,714.984
27459,4596.215
19191,3415.456
26202,3843.907
21212,1536.701
19170,570.09
24250,92.628
22201,11.966
24203,140.523
13694,-12.121
14199,60.171
24263,890.599
7676,760.771
15740,6.2
25582,962.953
29756,8048.716
13557,136.307
2034,979.941
13818,10.075
18912,830.769
14786,189.286
9247,554.342
15492,2860.432
18216,1087.108
29836,279.558
20697,25.42
19673,270.692
14788,5499.121
16058,1036.671
27131,1043.646
29630,1025.325
8668,-18.476
23380,0.0
16747,490.544
18836,4352.617
20629,1122.324
21927,56.73
9348,3017.788
14627,57.846
21084,6006.963
7571,1016.211
14242,937.595
7805,6560.53
25627,51.925
17618,1432.479
26434,2937.095
23292,0.0
29018,2671.549
9502,0.0
25104,9959.649
12588,436.945
15729,9537.15
2814,1343.602
4514,3525.816
23267,2851.442
13758,1601.646
8831,189.906
5081,18.6
27029,1782.655
3605,2599.412
23914,1187.641
7077,4224.866
9611,9.021
25401,316.975
6097,1798.248
26358,1134.972
216,-29.326
9241,3139.029
17113,-0.093
23910,579.39
8682,1075.545
17192,1394.876
23287,2680.074
12315,0.0
13933,1555.58
7150,844.471
16745,969.99
8889,12.09
14829,21.576
21637,27.745
15378,835.698
14900,575.081
25871,-219.542
11995,0.0
22238,3.317
25928,1358.11
15622,1658.19
21379,8416.748
19157,2189.251
11693,3737.608
27823,0.0
9183,489.521
6983,1855.443
6610,5148.201
596,8311.472
13985,122.605
17125,25.916
16104,6177.618
15502,594.487
28890,5562.33
6806,245.83
24998,12.09
17180,9.796
7820,221.03
29154,1878.228
25329,0.0
25157,1016.459
597,0.0
2931,2669.844
10733,-0.093
24122,906.254
20404,9.796
12882,3074.456
19627,2551.765
2429,25.296
161,12.09
7687,6872.421
123,9454.721
4178,2156.639
18323,110.36
17845,92.07
1371,447.795
17676,2994.29
17253,620.713
7586,465.961
21941,72.85
19275,382.137
9816,600.253
27810,2947.697
13589,226.238
27238,16116.931
12476,73.966
23959,1589.494
25074,420.391
25126,3119.313
8942,920.731
14802,12.09
26386,2980.805
3774,4705.118
5863,41.695
2486,0.0
18443,104.129
17635,2828.44
21098,24.552
29339,3570.921
15686,1002.044
28423,3360.369
12256,841.433
24781,234.329
20487,4291.051
13705,358.732
22954,11.005
7813,107.415
19842,601.586
25816,2150.222
6735,293.353
23178,1654.966
17250,1335.201
1576,193.471
12995,2084.099
21364,154.225
13774,11808.923
25947,48.05
5439,563.766
21779,71.238
6010,45.198
10170,2150.78
17928,1086.178
3267,2439.328
16750,320.633
2540,1464.843
29787,12286.633
24855,3744.552
8970,32.271
1025,4746.069
8571,1493.146
17772,10145.959
9217,29.76
28985,0.0
28312,95.697
9736,390.383
16303,12.09
4680,0.0
25339,74.586
28194,91.171
5169,906.998
12607,12361.653
26287,0.0
1267,750.448
14787,1390.815
19978,4140.329
2595,15.19
7628,1597.151
848,4684.627
15250,1514.288
14225,1584.596
6027,675.397
4244,2006.94
5015,2688.63
5534,180.017
8249,91.419
18736,704.847
26715,21.731
9067,17.019
12620,0.0
1070,45.787
7562,368.156
15280,12.09
20196,468.906
29690,3442.736
18945,1169.289
13997,4459.009
8347,7217.854
9079,129.58
1863,1544.389
4266,6359.65
11182,2577.898
15762,1569.933
16139,659.091
26927,10063.468
21841,47.027
2083,3286.868
11759,15.438
7785,0.0
1872,3698.672
13338,0.0
17145,1850.514
15283,36.642
7499,852.407
10360,2600.9
4280,12.09
11368,514.6
1387,437.472
6032,70.37
5655,0.0
12415,2353.303
20206,1194.337
22342,1489.767
12013,841.371
10480,5283.64
4202,3894.065
877,183.644
5513,529.821
25494,0.0
18010,0.0
17135,591.976
2892,129.487
28483,2064.724
1857,6347.963
8664,97.34
22376,3310.676
28459,642.723
12258,133.827
29849,14086.121
19661,1692.538
6697,532.146
7051,948.228
26788,3797.066
7198,921.072
5851,910.036
2066,2339.074
8794,176.793
2423,975.322
21452,1522.689
22809,2.48
20374,211.234
4403,1646.441
1300,1761.017
2398,4644.234
16703,8968.269
6993,15.438
28224,141.701
14814,244.683
5877,1326.49
23293,7.192
2122,5110.505
532,126.263
28969,526.566
3547,617.241
15329,10519.881
16997,4763.305
28207,188.728
13454,1539.274
25196,1243.441
7202,82.553
23383,417.012
12904,12.09
16608,1611.938
9429,2365.052
14754,6067.475
28930,0.0
13016,2431.299
7110,680.76
9783,4017.6
2738,35.216
19860,1165.786
27877,3509.758
7766,567.331
18922,1303.55
19528,787.028
14362,627.626
12861,1398.503
7209,296.236
4235,6647.113
16690,3676.197
22100,2332.719
19267,199.051
4078,215.326
21177,176.855
21836,3119.003
4042,84.754
152,6.448
6425,4306.21
12501,105.121
26782,1674.217
25815,0.0
5416,5630.344
1449,1909.6
323,817.191
13261,38.533
684,7665.556
1378,5966.291
9111,1255.934
19140,1653.137
11942,13066.624
20014,7671.787
17719,1443.174
9191,643.901
17292,11.78
5737,3484.121
10791,1854.699
26058,1061.44
11409,208.754
12107,194.587
28138,1195.949
4098,4476.276
6471,0.0
19323,1295.893
27844,338.365
23551,0.0
2864,2192.63
13761,15766.011
12997,100.44
4381,4476.307
23570,270.01
24609,18.91
27366,3626.628
5451,1524.27
2379,2524.919
12347,1336.069
26282,27.001
4443,3412.232
3066,3.565
13443,187.395
11581,20.181
7195,736.622
15118,2295.24
9965,1555.394
6967,494.76
22576,2513.604
27261,0.0
6187,1412.918
1360,242.358
12929,6286.552
14135,1543.955
19979,1843.322
11653,424.173
11576,59.148
16497,41.23
9654,841.96
954,74.71
10101,68.045
7169,124.093
6659,4512.453
16988,768.025
831,753.61
12305,0.0
25028,93.93
5079,23.374
889,4632.795
9927,129.642
13388,1029.665
20945,3973.89
26817,77.934
17010,210.955
9412,327.546
11908,5754.437
16521,9414.793
8100,0.0
9615,2669.317
7506,0.0
15154,62.186
6132,1019.621
14423,2551.579
12721,0.0
7841,845.122
22450,543.833
25779,94.86
10945,10086.501
16671,360.313
24086,2304.819
5580,355.26
29806,6408.692
18156,1024.364
15760,963.263
28446,0.0
21881,3513.974
8574,6057.679
29270,-5.735
17815,1514.288
4470,584.598
14712,1540.669
1475,4406.619
5400,1505.329
21168,1728.963
16327,489.18
1999,266.662
15539,680.016
4121,33.728
20739,847.044
26143,2070.893
28643,3897.909
24646,12.896
1887,656.27
3845,112.778
22384,4238.816
24419,1318.399
14924,645.544
16310,0.0
8035,2029.26
6257,2309.097
12327,12.09
24625,2150.408
12887,45.663
23799,-0.279
11173,4350.199
4157,24.8
12396,407.278
19849,389.36
25519,285.045
27747,2350.73
21714,5410.089
22493,163.897
26918,447.64
8691,4840.805
26710,20.398
13179,2838.732
14282,1487.194
20610,213.962
17704,1186.091
21076,168.64
11034,341.713
12547,1522.193
18632,2446.923
17840,68.324
29470,883.624
17346,2351.443
19984,66.836
3035,12.276
4164,359.073
27141,242.296
20034,92.163
26004,12.09
35,938.215
17427,532.208
25055,12.989
26963,259.873
20439,143.034
16230,110.205
26983,1814.678
19330,428.916
2597,293.694
14341,863.319
18296,44.764
17343,3703.105
23473,425.32
24344,0.0
4477,188.976
20015,0.0
12875,4960.186
8707,449.004
14812,1797.814
17376,2034.995
6834,2293.411
7868,568.168
28075,976.717
13124,0.0
3374,196.695
24102,707.389
23142,4266.53
10326,1435.331
3199,1878.507
27783,435.395
4273,1893.759
11317,1067.919
16191,143.747
6460,587.698
18272,329.685
24936,2304.819
14424,1408.361
10776,4857.173
10939,78.42999999999999
9362,3434.118
5952,3199.014
15200,2121.175
643,8569.516
15998,929.597
16527,-4.898
14026,4995.929
8743,0.0
13572,1082.334
8232,204.166
9778,986.265
29423,2799.703
29560,80.786
7536,616.125
22681,5265.102
2519,4755.524
3294,2495.748
23523,5739.805
701,179.18
4112,0.0
22838,1226.887
14217,32.55
12363,346.983
16415,0.0
10652,0.0
20403,30.287
23711,11.036
10050,1128.865
22932,740.9
3188,40.021
22622,0.0
16939,2673.099
901,125.116
2240,2860.99
280,46.872
27609,2168.481
17062,1456.008
26045,189.131
15661,338.396
27165,9511.916
19364,3304.879
820,24.18
13820,1485.086
26129,4934.115
6367,3525.382
25249,2483.565
8669,1320.631
8055,55.583
17046,1825.9
29248,301.847
22435,4567.664
2936,1004.555
20942,281.48
8009,12.369
3879,568.571
16899,2240.339
7491,78.461
27853,3761.199
362,1417.754
27241,277.884
28670,5431.2
17973,196.323
28997,2387.217
19760,30.38
9117,1572.351
19864,301.878
2218,211.234
6057,7.688
28943,1228.685
29712,500.619
5672,3007.961
6822,3306.398
2006,60.76
13845,3241.298
2874,0.0
18993,83.08
8204,335.358
17350,1463.882
17257,1952.628
15356,2524.268
21571,3360.09
17230,3268.423
13896,838.736
26726,485.088
28516,394.444
25194,351.323
27240,0.0
843,0.0
22694,2050.092
16004,4705.49
14752,0.0
27025,52.545
29326,68.107
18976,1503.779
14285,0.0
5700,0.837
13865,15.004
24445,2350.141
12941,3933.094
18181,9994.462
17634,0.0
9880,4913.345
5494,8834.69
8505,40.393
11523,2021.82
19355,3015.308
19675,15.438
18613,287.277
16445,2290.993
27993,2757.667
19796,997.952
8604,0.0
22154,1470.175
25093,879.098
24601,971.013
10084,3598.17
19623,621.612
22693,4235.809
21678,1105.46
18090,8.68
3230,2183.082
5424,387.965
25391,161.665
9263,737.49
17854,1264.304
25348,268.646
13876,0.0
5111,788.547
2232,3458.484
2706,921.227
1247,82.67699999999999
20707,8011.702
23904,552.606
21852,45.601
22403,2596.622
19583,0.0
11511,337.342
18387,910.067
8203,619.504
27186,981.119
21280,1166.344
1238,3679.979
13832,0.0
14298,6429.586
23365,159.03
6061,2852.0
1157,0.0
7541,101.06
13555,0.0
2020,4575.166
2611,0.0
13100,279.0
24898,1363.07
25679,12.369
9969,3104.433
25486,-2.883
1473,10.106
13404,9.796
15680,10.85
27259,17.98
18832,2650.252
16726,0.0
20657,4486.599
5600,1298.807
8124,882.57
28225,2656.638
3721,614.544
12646,2837.244
3551,1468.067
23279,342.519
1596,36.704
21577,1791.862
10509,9092.393
23148,1792.11
16034,-0.124
21588,1549.101
907,695.361
11683,0.0
2191,13004.097
26284,109.74
23356,890.661
13500,0.0
12506,41.013
21284,1428.914
16772,746.015
4604,1569.468
12648,2676.602
9541,735.475
5916,0.0
27142,256.525
426,296.081
25718,857.832
2490,11.16
13224,0.0
13686,1392.923
15754,193.781
9896,18.6
8893,2883.155
5826,1600.034
18668,146.754
14493,4282.681
28430,0.0
17089,1352.437
9665,74.4
6144,110.143
8760,486.793
10503,3065.869
29545,1556.51
13476,12.09
3300,622.263
28845,29.574
16755,734.824
18589,5821.49
21137,8.897
177,1514.66
456,2202.054
5016,2175.642
6270,2033.6
12998,1344.966
9775,654.317
20379,294.283
21698,1555.022
1187,38.192
3444,159.774
28641,2829.742
13181,2569.931
11796,2013.047
25440,1501.144
12352,422.809
29203,526.814
24569,115.878
17463,455.266
11285,0.0
15685,1216.781
26892,7132.79
8186,92.504
2571,0.0
7673,1342.61
8579,8342.844
21317,2195.42
14322,490.978
14535,2519.773
9589,77.593
26417,0.0
27974,2204.751
21782,1269.729
10038,-1.24
27409,6781.002
5622,6398.679
11734,12.276
3237,98.177
17412,1825.59
1638,2200.101
15854,96.906
11269,3121.669
28349,1403.401
13718,76.601
22236,155.744
16093,2695.667
1618,3410.961
7923,278.132
8,349.835
25885,185.628
26372,178.374
3169,322.617
13595,880.555
21483,0.0
790,786.842
9084,6679.229
19025,1397.139
9292,585.218
25129,186.496
4960,8.741999999999999
27090,0.0
7828,1715.788
23,170.872
4483,4688.626
12172,15.128
2179,325.903
27723,60.822
4357,0.0
10488,409.789
20313,5.797
24056,745.4879999999999
23315,55.8
11539,24.18
1885,0.0
3001,223.851
24380,619.318
27108,51.615
14563,3994.226
7467,829.932
10230,299.119
316,1482.389
19754,662.408
15842,2383.435
28635,0.961
11729,5799.108
26185,2050.34
274,0.0
269,424.514
11124,4540.88
28061,3380.023
21638,5687.508
4525,4846.726
6395,7.316
23674,2052.572
24523,1108.095
27986,141.887
1293,192.82
27641,1339.789
11257,214.923
11118,2186.182
27883,7323.998
22574,3251.838
20217,4006.254
16907,1129.268
21822,510.105
18803,2549.285
29384,1506.321
11228,1935.826
24045,954.149
2162,446.586
12454,0.0
5965,1820.475
16063,3513.416
15181,9.3
28892,1187.982
26603,837.5889999999999
22443,3258.844
12786,262.88
18532,47.492
16486,1438.865
10696,482.763
16813,633.609
23997,1553.844
11391,4304.629
21495,884.058
6708,3238.446
14231,616.621
12669,789.539
10213,1424.233
28895,0.0
20054,517.669
22350,3680.599
15183,1656.733
22856,315.704
17714,809.286
15293,81.809
3727,3490.507
15161,555.52
11934,3.875
13950,3078.021
16838,364.87
21850,0.0
12451,77.5
7544,347.913
26270,13.609
2856,1311.052
16537,234.422
1345,2411.335
3886,4920.971
19043,826.584
27831,932.449
22392,1062.215
1607,8.184
26445,408.704
2372,36.611
6603,674.25
6893,1869.796
18923,1905.694
28121,559.178
23878,465.651
26720,99.107
21647,135.067
3647,1633.359
19186,362.638
9814,1117.86
3274,591.294
18186,825.9639999999999
4238,61.442
24281,12.09
24463,98.797
14513,223.324
7180,42.594
7482,6.727
27691,2631.745
7123,1028.549
20598,10.912
19807,1837.494
20892,1740.402
19881,2270.75
14125,394.196
15707,6270.06
7,368.156
7365,61.132
3085,9.3
16679,717.402
24267,4291.299
21753,50.034
22806,2353.458
11380,61.132
5640,2047.643
28293,3513.261
4886,186.961
9173,22.785
10156,10.106
2454,11932.489
23872,16249.921
25474,3430.181
22855,1376.307
28465,0.0
5123,0.0
14873,0.0
14909,151.342
29390,1516.861
21371,113.398
26660,592.069
1504,224.626
21031,13237.62
15386,4410.37
29731,208.568
13203,814.68
19802,681.039
4125,137.02
12753,1381.732
2399,6.82
9533,1565.407
5724,819.826
20340,15.5
15061,180.668
22604,2613.238
25806,-0.093
24170,527.155
21217,5179.914
12133,0.0
29540,4876.858
12123,4687.882
20392,389.701
1484,2212.098
21886,2289.319
18860,1564.136
19939,510.012
3541,171.306
21223,252.123
22731,45.911
5867,3811.264
22940,134.881
16391,382.726
21651,9110.28
5404,1360.125
11813,80.6
11833,3836.777
29045,1570.522
28101,1814.833
11461,20.119
18724,297.197
22210,24.18
28148,0.0
8877,410.223
12834,1600.22
13148,5914.49
14396,758.229
15368,0.0
18888,3501.078
28818,802.745
9910,132.959
17665,1829.713
29014,226.548
27529,12.09
27906,74.18299999999999
19884,1859.938
25280,444.106
25860,5937.12
8293,829.405
13151,0.0
3947,1595.291
27505,756.059
23094,1124.277
28493,4120.892
9350,-6.2
18234,10817.078
7573,1615.751
19297,2496.74
20150,46.717
28187,2164.327
3510,819.33
4834,6964.522
25145,720.998
3071,159.03
11896,1901.261
2646,10.106
6580,323.175
5946,3361.206
6157,0.0
13506,20.584
5960,33.48
15927,862.0169999999999
2010,3998.008
12011,77.5
1608,182.745
24986,569.718
997,0.0
20503,3949.369
18700,2180.106
27584,160.704
20757,1003.005
18844,12.09
10203,479.911
16360,771.435
21079,5216.959
18833,3842.233
17011,237.708
14713,1292.297
964,463.047
27458,2526.717
21654,2231.225
22703,8048.747
7538,1543.18
24818,41.478
5233,651.093
8314,1429.1
29613,2425.564
10425,14818.93
27812,3024.67
1560,338.799
1263,8.184
11020,6434.701
11839,2920.758
16832,0.0
28288,148.583
13543,35.154
8383,517.886
6317,823.081
7050,1549.442
18657,480.469
18352,106.206
8939,554.745
3387,572.322
14057,824.073
1185,115.134
6699,778.317
15418,77.5
9229,772.086
20215,12.09
5633,2768.269
13372,3408.233
4450,258.571
12430,567.641
23366,97.061
8559,2903.088
24885,77.097
29065,2824.813
6977,58.714
15021,4599.284
8330,3601.208
22818,9743.579
6298,120.993
28277,958.241
5873,10421.89
11125,0.0
26515,0.0
17505,6330.355
13143,4402.744
22888,223.2
29519,730.391
25070,625.58
23595,4028.946
24062,3170.742
26279,10.726
27826,1613.891
7524,120.838
10479,0.0
2178,3184.785
593,1511.157
3771,0.0
11557,98.115
26756,397.42
11117,70.525
13493,367.722
2526,0.0
8450,1466.145
25505,-6.696
21705,3015.029
25889,2055.951
16337,10.819
5817,194.37
9015,144.677
20948,5045.963
24270,555.303
26789,0.0
20719,328.321
377,335.823
19110,1542.56
26425,65.689
2686,2229.551
5610,51.739
12423,51.15
2698,692.137
14405,671.832
20455,2204.224
14904,45.539
14236,74.4
5816,3751.279
26074,350.393
406,820.756
20560,12.4
1234,8378.556
19816,821.345
21774,858.39
29315,276.117
8851,0.0
7104,92.752
29565,2202.829
4375,0.0
27466,920.917
13772,211.637
17152,318.215
3018,1923.302
26869,1425.101
4557,826.553
374,5371.277
19852,739.97
7880,396.986
16732,1564.849
9076,1014.444
24019,57.97
17365,624.278
27896,6081.208
14753,5163.639
20321,1229.119
9641,418.5
8512,122.14
21963,243.815
11873,661.106
272,0.0
19791,1198.77
29795,2646.346
16664,408.921
12561,0.0
22641,0.0
17229,99.975
16722,252.681
2742,288.734
22382,-151.714
3939,2319.203
8255,9.238
20798,12.09
15664,-45.291
27386,1078.118
12280,16.74
19231,0.0
5459,6528.972
2376,0.0
18991,2548.045
17124,56.668
1113,391.623
2418,3367.809
29736,2915.271
22233,0.0
20233,1226.205
25191,1541.041
25883,1226.143
6910,1953.124
19493,2108.434
5174,202.864
25443,1303.922
4699,2338.981
17389,258.974
12935,0.0
14886,4972.803
24952,5857.884
7858,2118.199
16263,1591.726
2094,2599.443
16383,899.806
891,421.941
21868,1966.175
23192,904.518
1236,740.931
11336,1299.892
2762,488.219
22331,2103.412
24815,382.292
5890,554.28
19158,2857.859
1824,7.874
19628,339.14
16417,2258.04
8737,5203.536
14180,1301.07
23290,96.038
23055,9827.744
7770,842.301
8154,0.0
2684,1229.119
26176,6013.256
17834,3580.407
14911,51.553
13312,1366.356
20597,1547.706
25696,105.431
13517,161.262
17761,2947.79
17032,140.771
16311,0.0
25456,198.276
22550,51.77
28262,495.721
14949,907.339
26432,1525.045
17662,1195.019
23320,0.0
14551,4876.393
25341,542.376
18497,1256.864
18147,784.827
17862,62.62
15402,0.0
19508,1352.499
16149,4267.057
23636,3084.376
16171,0.0
29517,411.339
11132,1175.954
25205,1648.363
12143,8802.914999999999
17435,1102.453
20417,6105.853
29829,2391.836
8802,185.969
1502,0.0
25254,414.935
9866,1519.806
16557,1369.487
28180,136.09
9617,16.368
3961,-0.248
22760,1472.407
3228,3335.569
5780,14.26
2322,1454.737
16121,1073.592
1778,854.67
22488,338.768
9002,617.644
2445,528.457
11432,1133.701
5682,793.29
17246,6163.513
7422,1630.042
8393,0.0
12081,1732.621
3363,186.217
5213,335.73
27465,5717.578
26096,4105.516
17914,207.576
13603,2596.808
28379,108.5
6021,54.777
5376,4483.034
17693,529.077
15560,1927.487
2729,967.727
3198,4624.332
8005,2352.993
24488,1558.525
15030,2529.042
22173,130.355
7517,45.601
10690,28.799
17916,5271.271
2410,62.31
22277,86.769
9169,4684.937
24533,2826.456
11994,5481.699
12631,66.898
28616,123.38
28712,516.646
19761,1296.916
15295,2657.258
20684,800.606
16881,-6.2
5483,9.3
2126,545.786
3791,-37.603
9714,2673.409
27109,1504.74
14256,2154.066
3994,-3.627
7642,62.248
17008,1904.454
13764,1406.377
8340,28.303
8458,2443.823
11356,444.292
5870,1136.956
20839,229.4
24050,430.466
16656,1839.261
7615,-12.09
15501,2.325
20011,0.0
9756,415.896
10627,1361.985
4318,136.71
13199,35.154
28776,10.385
29080,434.589
24041,2574.922
7054,128.743
4405,607.352
16789,485.708
607,1267.342
15872,1007.066
17093,477.059
7809,140.337
1934,40.734
5333,617.706
25121,955.606
7539,1521.387
5526,209.219
11799,3965.923
18529,2068.661
26217,4585.954
648,5770.619
13313,2169.132
330,-5.549
186,81.096
13607,-3.41
29761,55.087
19662,5291.297
29713,9.021
25626,2840.933
5942,1369.983
13683,572.167
26078,848.78
23023,21.669
14764,251.72
4079,743.938
5875,-0.155
15079,630.354
8139,475.416
7027,502.324
439,2387.744
15878,904.828
9934,42.78
7442,2228.156
27153,1911.15
18036,962.302
16214,1972.189
5585,9.796
22957,9360.295
10199,3163.86
28873,1845.678
26097,1312.106
9418,1011.592
1128,0.0
19365,1930.153
25429,46.717
7240,9.796
13518,1980.032
18301,549.537
17997,605.213
17007,215.977
9326,117.49
1620,81.685
8595,6912.256
10070,12.369
12734,7279.575
922,262.911
13399,4826.483
11484,2569.962
16242,1845.12
28475,229.09
28127,2412.048
27346,1613.643
19755,0.0
1957,3337.739
7394,844.905
29172,1545.102
22513,152.241
491,889.793
25770,6782.676
15857,3256.581
24583,1947.079
8583,0.0
8411,1093.959
10336,130.603
25171,843.696
4661,0.0
4181,1528.362
12911,851.229
22924,1417.909
22150,901.666
23492,442.308
6204,487.692
13349,0.0
24564,37.231
25941,197.935
5004,10.106
10802,-0.186
13656,272.769
26061,5155.455
29392,187.519
18103,128.216
26776,5167.731
28747,8856.048999999999
23681,1477.77
9399,12.09
15982,6695.349
9138,0.0
27560,-23.808
19417,217.899
24107,1999.407
4030,0.0
28556,590.116
18686,5782.864
25647,1099.415
9306,2599.598
8856,78.244
24434,2691.451
20284,936.758
7746,2782.622
781,25.389
11794,260.152
21402,513.267
18949,2873.173
2942,601.431
27685,2012.799
2114,2386.752
24037,1111.815
21339,1509.204
23426,2387.62
14411,44.609
23524,7133.131
3361,4650.0
6505,32.55
20299,901.356
29916,4447.167
5792,978.67
14690,6.82
13559,1449.126
11451,575.887
8480,1802.557
12987,3386.471
8527,3.1
3736,10853.41
3128,2912.822
26876,1512.552
14215,483.91
29268,1294.591
18453,10.323
761,6.107
25000,128.247
25694,2557.407
12502,267.344
1792,2651.678
6092,3733.33
1110,2594.297
5340,2452.348
27772,1459.108
299,0.0
22310,3335.693
3951,108.283
19113,4121.326
19582,471.417
7557,1121.425
10728,2149.943
6649,1456.442
8623,1441.996
4581,966.456
27364,1454.396
14790,484.716
19800,877.052
28531,3716.497
8099,4216.217
26577,173.569
22643,0.0
2200,-6.2
2682,1411.616
20189,1923.519
26007,186.713
27288,9711.308
5368,93.124
2323,6049.836
27801,78.988
24839,5577.985
5293,296.608
9047,24.18
21477,120.497
19692,4061.217
8980,9.145
22848,1404.362
28579,1076.94
18221,242.761
25910,824.197
16941,307.458
10353,2659.986
19893,2168.667
5576,857.646
22757,3852.928
9745,176.545
26475,-10.23
17096,12.834
10194,12.09
19599,696.229
2522,314.619
4999,164.517
7654,2533.289
23463,405.48
5889,4392.607
4753,55.459
27102,582.366
15792,2719.041
28056,25.203
14226,456.072
17252,4252.301
19107,171.492
12137,404.271
12643,3273.197
19002,0.0
3990,933.751
11671,3348.868
22020,545.104
18804,60.233
3726,27.559
10074,1720.655
25340,0.0
23175,97.123
23389,6156.445
5616,5413.685
10832,8604.639
5270,4354.136
16433,1433.409
23918,1474.608
27311,800.141
5645,1459.356
1367,1323.018
23533,264.864
25761,3574.083
24854,2217.492
1827,1270.752
1503,1561.036
16129,2164.73
1514,602.423
14816,24.645
14859,577.034
7921,470.456
18140,151.9
22729,511.066
27219,353.896
8294,810.4639999999999
25903,5965.392
6224,896.6129999999999
172,265.577
15332,3306.677
16320,2664.698
29036,9.796
23260,3331.756
10441,1408.361
4763,1789.692
19774,1783.616
6980,188.635
19806,633.671
7972,2068.878
757,298.716
22821,874.51
1668,28.334
1390,941.811
17578,634.2909999999999
8279,1383.375
22017,1416.297
27707,69.874
3119,3390.191
12720,3878.72
20566,2746.228
3436,5239.124
6331,1982.853
15556,1349.43
14823,1142.35
28557,0.0
24706,3277.599
29421,72.199
28828,388.585
16798,4288.199
9542,0.0
25848,131.223
21087,395.281
10610,514.383
16570,263.996
18591,207.266
8764,300.7
15190,1141.885
12605,1162.066
12469,9480.234
22853,231.849
1782,1931.672
13973,1523.464
13553,10515.262
10730,0.0
20070,1747.749
25632,4727.934
8514,1258.197
11281,1458.178
29282,-0.248
18188,8788.004
3443,15.5
2413,0.0
10175,3267.586
29459,144.863
12065,3642.252
15893,198.121
12788,149.544
12483,244.9
14134,2166.187
28001,1463.014
20555,701.654
15667,84.444
16330,3372.769
17488,4718.107
10889,1616.619
14470,0.0
25845,0.0
18692,5380.887
7159,437.162
15419,1310.804
25705,6170.426
22992,296.05
2801,1508.987
858,4062.271
10586,395.591
7062,0.0
2843,169.446
3027,1371.564
19245,55.118
28521,0.0
16768,47.585
14879,0.0
11262,4094.79
26816,9603.955
17568,934.619
10428,2172.976
9225,23.467
18858,560.914
12377,9996.384
19161,-3.1
16404,-0.031
27121,7876.015
14244,156.395
28916,10487.114
28146,569.687
25853,986.048
15640,2817.28
26214,12801.822
26369,-3.131
21970,1026.317
1657,1431.456
4160,82.67699999999999
20093,19.747
27183,613.676
23977,637.484
1175,310.682
10797,356.903
1744,217.062
16301,2195.42
26849,2177.967
24691,5554.859
25655,940.726
18822,1398.379
4393,531.774
23530,-0.31
20410,4.65
18166,15.5
7098,1291.026
8475,25.823
19288,2938.676
4222,1475.445
6899,0.0
9068,840.906
28449,7227.991
121,0.0
12894,9228.018
25581,5.022
21857,4359.065
6994,938.122
22714,16.244
17612,4033.224
4150,350.827
8036,1195.515
3253,190.96
21629,2095.228
11591,105.214
21497,0.0
11195,132.835
18196,4779.828
26999,2870.29
11029,562.309
16285,220.379
15239,2681.748
5542,0.0
24477,1048.296
15354,61.566
1647,6750.033
10020,756.462
619,2505.823
25825,4977.36
25930,168.113
24914,513.887
27527,2804.322
20753,1393.481
6198,323.888
23982,671.8629999999999
8298,1345.307
14889,0.0
16403,588.752
13219,67.487
1323,-0.155
16672,505.92
7786,12.276
26497,31.0
6667,10.106
15570,925.66
4175,2705.711
16151,574.709
17941,47.833
18956,7152.94
22739,82.15
19388,8.463
18123,1412.143
23381,12.09
11321,200.756
27567,1572.847
20454,1323.545
6856,2722.265
8863,45.663
10456,2106.233
919,685.379
14290,2139.403
14021,0.0
2302,5358.102
4236,0.0
16060,614.544
7229,520.397
2793,0.0
3981,74.4
15912,1164.019
29667,271.808
28443,0.0
2023,4115.498
23507,257.61
16381,16.833
14929,5716.524
15427,0.0
10753,16.12
19037,627.006
21727,1405.695
10298,244.187
4456,25.11
14657,765.235
12933,1784.391
8631,505.393
11185,5291.018
8206,2842.731
26184,276.241
4741,3208.407
3280,51.832
961,12.276
10626,1434.711
28403,1101.864
27201,58.187
17640,237.46
21966,8551.505
9253,61.969
1937,7408.101
16781,416.299
8256,5379.027
18447,1578.923
16868,808.914
11473,102.393
24369,776.798
10918,179.8
23862,1416.948
24779,2783.769
16321,1869.269
6222,4567.261
26070,247.814
3807,4925.342
20856,1696.103
1266,6043.791
11013,3059.7
16742,410.533
24310,1548.233
25246,1615.379
10350,4527.054
15353,4113.762
2973,172.732
2419,58.28
28018,154.814
7605,2211.509
7697,149.482
20418,51.553
6521,4813.835
3564,25.792
3231,1153.231
12395,811.673
10893,0.0
8236,3336.933
14587,1858.326
16203,763.716
22288,441.688
10034,0.0
5832,5743.432
11974,302.374
2778,221.619
26203,0.0
20423,973.152
3761,0.0
9708,202.244
18535,18.693
20050,2703.386
28015,4392.483
16909,5247.897
6130,102.083
6768,1421.226
27329,187.922
4706,553.133
15834,53.754
2019,338.086
27069,5298.768
10622,31.744
11296,61.783
13216,147.87
2847,2055.176
4690,253.673
11575,1603.351
19080,1468.532
8221,202.027
24381,5074.545
4363,10487.951
15018,2357.953
4311,106.95
10430,1637.668
1656,3373.327
26938,122.078
14428,502.851
22873,258.168
24571,25.482
17681,388.678
11748,1518.163
7235,5757.878
8372,436.635
29901,4015.988
5634,50.561
496,6298.673
115,564.169
2987,642.723
26818,53.63
4643,2002.786
5480,225.866
9081,0.0
6104,10.106
3480,614.637
6839,1512.893
29024,1105.057
29113,5688.5
20624,11137.68
718,0.0
20771,12.276
184,329.902
10994,1002.726
17204,480.903
11014,265.515
2267,430.528
2001,466.116
15328,197.656
8325,4290.059
28793,42.315
14212,1385.359
28238,0.0
7897,449.252
3078,10.075
18332,572.849
12513,6115.432
23119,7.13
12730,1820.196
10291,42.594
14175,2776.794
13279,2340.655
5537,1033.788
3258,631.656
10258,462.613
13510,32.271
14015,11.997
16077,1613.612
9612,1402.006
10420,39.091
3412,2746.29
14481,0.0
21801,362.173
6904,257.858
3686,391.53
204,7019.33
15243,11.904
26147,5086.542
29650,0.0
13797,2180.137
27900,263.748
11553,-19.964
397,0.0
13445,319.951
28233,1453.342
21893,71.083
11306,0.0
19779,5281.563
23923,115.444
26791,72.385
26256,1766.814
5215,333.095
10869,-2.418
4134,439.89
16625,231.57
24677,1945.87
4374,2148.641
20711,1220.439
23808,133.362
20666,2008.428
29396,508.307
28108,7195.565
5444,533.696
15733,724.222
9379,277.915
17894,45.663
6125,0.0
20575,552.761
12152,0.0
17798,272.335
14564,150.133
24317,21.266
24768,313.875
26522,11012.781
20572,-0.124
12918,2466.112
4018,864.776
8620,251.379
16837,3617.669
9602,1988.805
12766,8429.768
12008,2470.545
1694,2511.093
7219,1219.757
20640,1401.014
29920,11.78
6091,20.646
21683,592.472
29181,163.246
24311,0.0
3777,6841.886
15429,0.0
27888,9.3
23953,778.906
28143,1541.196
28195,0.0
3276,0.0
19081,599.106
11764,13.485
11018,1582.674
28614,3266.563
19278,379.626
3435,115.289
5399,225.835
23573,117.893
7526,1550.496
27420,277.419
14532,1515.993
15259,1323.297
15557,9216.579
23256,5232.676
19693,260.803
21095,95.294
5506,1818.615
25033,7330.57
24047,816.509
4341,3240.926
24152,5652.199
8423,5935.043
8264,23.064
4092,755.687
547,0.0
10750,310.0
17288,1479.909
5937,-4.247
26161,12.09
27855,232.004
12699,297.91
27120,2945.434
13472,2435.019
9652,3.844
28704,4.991
12954,42.253
21831,604.066
21155,-0.558
15779,1290.034
26971,1898.161
25502,86.521
26383,30.783
3265,1389.606
25506,275.001
17533,974.082
29743,8594.037
17109,1503.252
12877,273.637
23567,0.0
2156,3973.146
13120,7323.099
13298,2483.627
15247,0.0
20524,1334.953
18626,1035.09
18609,1274.906
16038,514.941
9939,0.0
22197,6369.477
5200,702.398
25384,1257.856
28133,464.783
19168,2891.897
14515,8.556
21030,241.738
17553,2221.15
942,148.335
30,516.026
12130,324.849
26929,368.063
20470,3157.66
19716,1177.411
28478,2419.364
21865,6061.244
23824,0.0
4410,2381.327
3744,54.467
14675,24.18
15511,0.0
9204,1448.816
10432,0.0
18057,39.091
22037,815.083
14649,455.111
21255,1273.697
317,0.0
2880,103.912
1531,2017.573
9250,447.268
6885,222.208
8029,6228.892
13980,1467.85
11040,170.19
16556,0.0
26545,6821.643
3319,123.442
22663,1570.553
18706,2715.786
4291,393.235
19656,160.735
14682,395.622
22013,311.581
22114,194.091
4543,4534.587
14433,0.0
26085,2397.726
28454,404.023
15700,0.0
6584,316.851
9827,0.0
11503,51.15
17803,1527.773
2128,1809.253
22874,12.059
6280,1198.925
1628,2787.21
15717,1870.23
27973,22.041
3862,50.313
21757,2679.082
23768,1588.874
19626,83.452
2351,391.189
27621,1508.398
8628,12.276
8032,107.198
29243,1519.186
28357,1582.147
6358,2265.263
20911,34.751
10570,155.558
8596,796.39
22725,1519.341
15616,84.382
19123,568.571
21785,821.531
14089,1139.25
15480,142.476
3483,3089.708
11681,1880.46
26113,1668.978
28298,984.529
14186,11601.595
11180,111.693
9605,758.539
15198,132.122
20158,225.401
7712,1564.942
2338,333.777
13642,-0.031
19164,2978.883
28692,3325.711
11128,778.658
21747,0.0
17960,691.393
24565,1178.651
21236,2973.675
9428,20.336
24100,859.32
952,337.559
21617,675.025
5338,2480.062
23916,107.322
13213,1301.194
9402,729.585
6451,4176.723
23216,0.0
17874,39.091
26013,7278.149
26901,3138.874
23317,91.016
1269,642.63
26823,931.24
16000,0.0
13955,15590.024
15244,1072.817
10130,1502.167
17014,583.575
16481,1859.256
4428,2173.038
25080,1527.184
18526,347.262
24920,0.0
5509,860.188
20840,5329.799
4591,168.361
28481,5967.283
2333,385.516
4714,597.587
2615,10226.187
7220,10.23
15027,3.627
25723,0.0
10007,12.09
13525,480.562
21871,115.909
20132,1800.325
29380,2786.838
28428,0.0
6028,-6.2
5433,5858.473
19447,314.588
7131,42.966
10148,2988.152
13147,1753.081
9162,2169.907
19874,63.674
9696,299.057
1895,1671.985
14206,20.615
24537,7001.164
10793,292.609
26784,3107.006
1130,7264.168
18806,0.0
21082,1698.769
13244,5048.815
8309,3061.591
962,1047.211
4771,866.853
26858,0.0
26550,6529.468
5259,850.423
13910,3426.244
1584,1503.748
19066,2072.877
25689,0.0
11404,55.273
981,1067.113
10961,48.701
18638,3658.248
10523,24.397
26975,1868.99
11213,1564.136
22128,117.428
7167,153.884
15245,6749.785
3124,2336.16
24354,3711.63
28907,322.4
28317,125.612
25749,1612.558
24891,1659.244
3848,12.09
26452,1355.165
22645,4225.362
13211,1504.616
19271,87.172
27929,904.084
15128,-2.511
22226,857.398
27001,0.0
23879,76.074
18812,875.595
7064,3305.468
3783,906.75
23346,3.348
22698,373.457
23684,1268.706
29193,30.38
14449,465.093
520,511.376
12229,4219.968
17226,74.4
6636,4051.855
2959,1442.492
26305,-0.62
26844,3155.056
9167,805.659
19156,4197.09
2912,43.927
17129,997.673
9186,4150.714
21560,39.928
19299,496.744
419,0.0
27547,25.606
19683,1538.251
20671,1163.957
14129,930.0
21671,1959.634
7952,4536.23
18380,436.635
18702,1332.132
16014,4019.987
8153,3160.543
17321,0.0
19103,237.491
793,-8.928
3061,313.441
26106,0.0
5303,11170.757
26092,0.0
22892,0.0
26402,0.0
29044,813.502
20510,123.907
21965,261.392
14218,526.411
1369,320.85
6686,4765.32
18467,3659.643
22391,491.412
5848,231.384
2384,1999.159
12456,2374.104
1884,17.205
14975,210.18
15692,538.222
20915,379.688
8324,0.248
19228,250.821
28474,12.09
3593,15710.397
17622,2456.006
9329,8994.247
10634,977.833
9407,3015.804
12515,356.252
5624,110.081
10486,25.916
10396,1167.801
11388,0.0
4469,1478.762
7707,751.719
8507,3935.047
21281,8621.937
21209,12306.225
27078,89.745
20546,37.541
18262,3847.348
15505,427.986
5030,452.755
18116,1320.538
21643,93.93
24886,28.458
13711,826.088
22285,282.813
28639,79.794
24540,5856.799
26802,1450.893
2103,5502.004
15824,1571.266
22522,264.709
2164,0.0
21200,4493.543
13227,1177.504
6402,123.969
13021,2062.709
2958,67.766
10775,797.444
23106,2364.742
14010,435.24
2009,975.725
6458,12.09
24448,6592.057
9088,6125.6
12358,138.508
19550,129.146
26141,3135.278
24519,6776.755
6577,6625.692
5003,114.7
24141,779.061
8968,4069.649
27032,1448.227
14156,4366.009
17025,783.928
575,8667.91
20816,329.468
20077,1581.496
29555,4640.607
4472,-0.3409999999999999
3653,1342.641
14852,79.05
22826,1120.929
25887,679.52
3793,2349.676
17212,272.986
3544,638.972
765,65.565
19214,114.204
26112,1358.668
27370,-13.33
5734,1966.206
28565,8201.019
19147,60.388
25982,14.012
6664,1309.967
22371,7541.122
5469,82.212
1808,3132.178
21563,946.492
9201,248.62
21285,10732.975
16017,0.0
5355,62.496
6575,1576.753
14440,3237.981
12010,340.752
195,1121.146
29820,21.7
26684,1414.406
7716,0.0
15968,879.191
18931,578.46
12529,200.849
27403,741.024
14616,322.4
12554,3713.676
26420,0.0
10221,159.309
9676,2431.206
15255,-1.426
19818,1428.852
1540,254.882
23038,0.0
3742,1039.957
11655,2690.552
26111,118.234
18008,67.58
27680,1470.361
763,602.95
25138,1282.005
14144,1801.317
8291,266.383
19318,96.813
10458,-39.742
18298,9.796
23174,2602.388
27173,0.0
7976,1633.421
12285,3438.582
12193,5724.15
2131,515.127
24525,2471.072
9548,0.0
26338,170.128
14165,31.775
5502,2248.027
3569,2057.656
28553,889.731
18419,10050.324
20381,367.629
26644,537.261
28209,220.131
13513,473.184
14380,611.909
18159,3027.46
24309,6003.15
18559,309.07
29805,6710.942
18623,697.965
28858,0.0
19487,310.372
1983,774.163
3091,726.609
1251,2043.985
9730,2161.258
13111,723.261
24110,1206.396
25548,8762.894
17551,10.23
21457,791.647
22904,13.175
16767,-20.398
1059,635.5
7736,1529.354
25971,188.697
10129,24.18
28841,88.443
17047,609.677
23948,538.656
6793,5386.002
10072,2952.781
14374,1999.438
21144,525.698
10172,-10.075
6444,480.035
29762,1567.422
19507,617.83
16216,236.251
28966,0.0
20507,172.422
22721,2290.063
7630,266.197
17417,0.0
28171,8004.572
25898,74.896
22883,1489.581
27106,0.0
21754,1867.998
24391,209.653
28448,10.106
9733,738.947
13928,196.447
15036,98.58
12994,0.0
17523,429.319
7886,9374.276
12186,0.0
26179,112.065
27846,1838.982
13101,2532.7
3332,-4.092
10208,2124.492
5176,8041.214
1852,2978.046
28756,926.249
7576,2785.102
14857,6056.749
5008,505.92
14072,83.886
15135,1001.796
25039,318.897
1328,3389.106
19143,2680.043
10686,1577.466
6551,749.332
12464,3944.843
26596,30.938
13249,0.0
225,4041.47
12822,10138.798
27073,0.0
15626,774.566
1809,1033.292
13154,24.18
10063,4091.659
29775,187.085
23194,158.689
20333,2085.463
1019,128.588
16157,94.488
22083,1379.438
9155,6739.617
4172,6359.65
14684,3244.46
2878,9.052
1447,222.766
14130,1519.248
23116,6543.604
24298,5315.229
4756,311.953
7477,898.845
14983,7.099
29658,1487.442
14534,4311.449
20490,4786.772
13947,6359.061
20842,4523.055
2270,0.0
22500,-16.461
11297,11792.927
18225,846.548
20002,5953.395
12612,793.414
2110,0.0
16607,3310.769
25069,3951.88
1313,925.66
12219,7043.851
1510,5724.956
14726,154.628
6152,5.115
7701,2.635
8167,15643.964
16539,0.0
24394,1541.568
23395,490.823
14323,3370.227
12927,48.112
16705,38.006
27989,91.047
25308,3143.245
6723,6698.976
19008,1255.841
24876,31.0
22919,221.867
13888,45.632
19420,0.0
7397,29.636
17836,99.51
1282,2828.006
22884,0.0
17921,3361.454
22683,5382.468
432,1491.813
17751,185.256
10384,2437.809
16756,4.65
23129,58.156
7040,10.106
29686,548.452
28100,304.017
20903,454.305
26832,692.075
5191,6114.161
27731,1500.803
26354,2887.805
4634,104.253
27591,513.019
4154,6337.671
22977,2364.649
18652,889.111
9650,0.0
5584,3200.037
2764,235.259
15291,6622.778
8210,4732.212
12705,185.101
24199,4099.502
22796,3487.531
28958,0.0
25914,2399.028
27977,192.727
12671,1547.303
4781,0.0
13193,7581.452999999999
12074,460.877
29508,254.138
12867,4542.058
4550,2760.891
19345,12.896
26872,0.0
5524,551.614
27198,931.736
24737,5893.255
22295,3704.841
627,20.46
22220,31.992
3419,12665.608
14443,1504.988
20681,1714.207
28701,16.368
16461,3133.604
29303,155.062
18992,3509.293
1897,1867.626
18602,3346.388
3272,450.616
21633,192.82
23048,44.33
13285,103.447
12971,344.689
10855,-0.124
10492,0.0
13208,0.0
25038,342.395
24034,0.0
24148,875.7189999999999
25737,-0.124
18621,24.18
25324,55.8
16396,4289.625
23884,733.925
25186,1611.38
2530,-0.062
21668,843.882
17499,735.754
20484,4003.681
29679,3619.467
29098,2377.731
19329,4289.78
29801,327.267
24522,419.833
23803,48.391
19199,186.744
4278,2374.414
227,510.105
12719,10.509
20777,-0.062
11146,81.964
29871,541.849
12755,354.33
4755,10.106
732,39.618
21794,402.566
7020,693.501
6974,30.938
29748,5004.764
26014,6055.23
11252,3209.74
24965,2694.396
2319,12.09
16127,896.768
26239,2750.599
9324,6693.768
11993,38.285
22166,60.264
21808,4500.115
27469,24.552
13012,360.809
15638,826.336
1176,450.616
992,1778.656
24483,102.3
22116,322.059
8931,845.277
13962,0.093
22153,1758.32
21691,156.519
19740,911.834
5529,0.0
25264,2441.808
21758,86.335
12572,1549.411
28689,11375.915
24698,1547.427
7423,3908.48
14624,1645.666
11061,460.505
3882,1045.165
5968,489.49
713,0.0
22049,543.461
18377,0.0
11017,1957.433
16841,18.6
10466,2793.751
29,475.199
7759,2533.754
28687,626.758
19028,448.415
19790,802.807
20142,0.0
18313,273.389
10806,1284.485
9624,3039.023
12334,5262.126
8131,18.352
26035,0.0
27326,0.0
18966,70.091
28702,172.267
17313,2831.447
16859,973.555
20452,4216.403
12851,225.308
10697,4667.763
12029,0.0
23378,102.455
18562,176.917
18282,0.0
4416,1357.552
12263,84.196
28713,717.557
22489,19.84
26484,2475.722
28184,9653.431
24218,1079.761
1011,85.064
14866,0.0
6115,70.463
1015,4020.359
15924,1530.253
336,4863.342
11112,836.411
4777,2866.384
20153,0.0
10502,3642.035
10981,0.0
7199,1479.351
28842,3243.282
3973,370.481
4625,0.0
28469,259.873
28125,2890.936
22354,324.136
24859,4522.931
7364,731.817
8854,1445.623
5336,51.15
12128,0.0
6166,0.0
18831,571.33
23725,0.0
27428,1468.16
7184,5906.957
19956,112.096
11463,166.718
6145,1056.635
14492,105.865
17918,7871.985
20980,2.48
15703,330.088
18407,589.372
23825,5.425
29133,2122.477
6499,0.0
6729,581.87
1938,3051.671
25961,604.345
10900,537.912
3370,1421.319
4589,12.09
25188,887.0649999999999
8805,43.679
22189,84.258
23769,0.0
22676,122.946
49,540.857
20167,81.158
10052,543.678
17079,1770.007
13311,3553.933
16990,2128.553
8739,775.0
15989,1070.399
27149,118.296
28894,29.946
16206,2791.271
16057,9.796
22655,157.635
11640,2265.17
963,862.606
4510,2134.009
28795,2783.459
21171,271.436
18241,2328.503
28901,12.276
25701,471.603
1271,295.492
15170,2031.151
13177,0.0
26140,4873.882
13438,62.465
12397,2496.523
17255,803.582
14307,665.508
1998,248.0
4050,2284.7
7570,5174.365
18983,645.358
21061,5771.859
21994,837.775
13039,4414.927
949,62.0
14696,0.0
9231,2168.853
17786,578.646
18805,883.314
13956,44.702
6272,28.799
7553,2394.967
18768,1190.338
4827,219.015
12192,149.451
606,285.634
16590,2156.918
20067,10804.306
6751,30.969
2694,0.0
4713,157.666
14623,538.3149999999999
7649,854.856
24940,11.16
18504,0.0
21350,556.326
21653,4348.866
25675,197.439
14351,5911.421
6108,3655.582
6376,798.963
11012,22.475
10916,5014.157
19911,5.27
7592,238.762
5935,33.17
6530,1587.417
20486,7556.994
17955,1324.103
3825,213.931
24404,0.0
27568,351.54
15337,1083.915
17579,3345.055
21797,2407.181
8685,111.445
12234,314.092
16829,93.0
7842,2847.102
19153,1611.349
27908,86.955
24173,176.018
2293,23.746
24301,12.09
29405,330.46
20587,3254.008
10967,680.729
29707,177.072
12937,5273.906
6361,873.27
6830,27.714
52,417.415
10851,217.558
19433,1138.816
21685,1416.917
3279,22.599
16826,455.607
20535,81.406
13139,4606.042
1959,2103.784
15149,453.127
21823,1284.764
8768,1222.795
6936,572.26
9301,473.68
3769,2497.887
16316,614.451
28348,5412.321
15241,977.988
7371,3747.59
17425,1450.521
4354,176.018
13752,222.394
2494,0.0
11625,2431.299
16601,2017.728
23348,-0.279
2268,1286.035
18629,2671.673
5478,2522.098
21897,33.79
29283,0.0
18752,58.218
6250,45.88
6044,0.0
28050,111.941
1341,8.277
3962,563.208
9869,9.796
5781,192.727
17889,0.0
6930,8.122
25067,15.345
16205,0.0
8756,3952.221
3048,58.59
20774,8179.102
14248,219.449
10160,717.526
28591,989.954
28399,0.0
17199,963.449
28897,139.5
26010,353.586
27247,329.685
5954,2338.423
29234,2005.421
29202,75.237
19198,2792.759
15367,2240.928
21561,2029.26
24106,3327.509
3499,546.933
19286,91.357
10331,580.506
16424,693.687
14514,130.293
3915,1579.481
10946,2587.942
13788,121.861
7217,2488.06
1766,245.489
2980,0.0
26543,12.09
16177,1367.038
631,830.645
22571,1785.755
8759,544.143
16183,44.392
16902,311.736
19988,196.788
16040,889.545
23747,-48.98
9732,84.661
16996,1531.307
8134,1582.426
12790,1602.266
28302,1526.936
20779,251.1
3676,12.09
20360,278.969
2133,2100.901
19735,111.538
10546,3497.482
4055,1514.877
11136,3586.7
24814,4075.632
5986,8842.719
26406,52.638
17808,480.221
19553,32.147
4787,650.101
15339,755.78
18653,72.292
27509,480.717
15843,3536.294
8148,367.629
4973,1129.764
2434,26.35
18295,72.447
1832,11979.547
9636,6103.125
20821,4582.327
13140,247.008
20734,1458.86
4789,521.668
9701,4706.482
25980,292.671
27961,4120.179
22178,9470.159
28909,300.731
2345,356.097
16274,4362.041
29503,3212.592
6949,1927.828
28934,9244.851
14406,2493.485
21444,585.032
15454,97.247
359,1539.367
17362,8672.777
22314,157.294
23236,13.33
27053,1434.928
1412,5.704
8193,1211.108
4715,1694.46
10589,1516.706
10977,118.234
26513,13.95
19445,1288.763
4655,1260.15
23682,518.599
10400,3188.257
9872,27.807
6539,646.319
8622,1513.265
13821,952.909
19558,2474.172
25516,1506.476
10242,157.914
1195,22.01
1896,447.981
9752,5092.122
27845,0.0
25464,-2.604
7449,3775.955
18715,3724.774
3545,1846.205
7274,3150.809
2796,4558.488
1454,1029.045
12865,1332.38
2579,545.042
24138,4666.864
16290,580.32
24539,3139.804
25461,0.0
1438,1492.743
27022,2336.904
17988,4832.776
11662,3869.978
25924,78.988
5266,3079.943
14844,6487.215
26722,961.372
3069,1590.393
9692,0.0
12775,4098.634
18904,127.534
15567,40.114
15497,1502.415
27625,-21.607
815,6625.878
19316,1854.017
16930,711.667
6677,2413.567
8741,4819.198
251,906.502
18514,1160.113
13138,93.093
616,0.0
557,2024.269
11912,22.227
11848,16134.043
7369,1680.138
4722,1113.396
29222,1519.217
10941,3787.797
11906,123.38
15716,1141.079
2590,687.177
28950,1444.693
29742,47.337
20633,165.757
18654,5944.777
72,281.356
8384,497.085
26165,13.33
22281,2133.885
23027,0.0
13301,2829.153
17277,6371.43
18152,1465.742
20662,0.0
343,8516.661
4100,0.0
26329,2217.151
3852,435.333
5722,1416.948
16764,1566.027
22246,2319.699
21568,889.979
21184,3185.901
16470,0.0
26755,386.26
29352,823.794
28651,1450.645
17723,743.039
20108,653.232
5617,595.324
358,2596.405
8641,2188.29
27374,120.807
5799,941.78
1871,1271.093
3052,12.09
3842,387.438
8924,5613.356
16233,97.185
19451,968.13
13341,949.902
12290,1143.621
5928,844.006
19129,4257.106
9314,3035.675
7877,57.753
1500,241.986
12321,10998.242
8166,0.0
7932,583.9159999999999
545,1569.22
17905,2706.61
27818,638.011
4320,261.392
8778,1068.756
3785,12552.644
14121,133.672
29253,1799.55
26976,278.628
20974,8771.264
2652,0.0
27618,2048.232
3175,43.09
28725,123.814
1714,0.0
245,614.296
22117,87.141
2707,521.141
27367,2457.122
16822,244.311
24937,956.381
6629,775.0
17566,2826.983
16179,163.928
2893,2894.067
10540,194.339
11227,0.0
17556,2211.292
6357,3766.748
22850,119.04
12119,903.991
17812,-49.197
18748,2060.663
8440,1530.563
3516,-1.364
7806,4.34
6203,107.849
14785,1257.329
23586,-21.514
5275,2604.558
17651,3037.659
10931,545.042
13881,0.0
7564,2378.847
127,5075.816
24897,61.38
15866,1980.9
16692,150.784
27449,1517.76
18774,1144.427
5043,2437.53
13023,3023.864
26814,577.499
3040,727.539
15965,2253.824
14917,1085.0
8848,1478.359
23323,186.465
4103,231.694
25346,0.0
22204,2906.591
1386,11064.303
4585,924.42
17626,766.227
5238,1421.691
23848,0.0
17708,675.614
8934,5830.232
29210,12.09
26606,1547.117
22470,0.0
13125,7830.042
13695,180.11
17631,23.436
8956,7207.531
18328,546.127
5300,28.427
12793,200.57
5108,1944.847
19925,373.24
14521,194.959
14255,581.901
10184,375.069
26294,0.0
29802,0.0
11424,2465.895
3725,16.492
2970,934.495
15276,30.07
937,368.094
20219,1518.07
350,1212.968
25351,123.07
13781,141.205
9100,0.0
24482,702.088
20168,4774.93
1477,854.36
23659,0.0
29334,805.783
3466,4548.816
15090,155.527
18664,2424.231
10983,2778.685
27759,948.197
28589,1486.295
18200,9353.661
16339,4379.742
16665,1307.053
13293,2007.777
9962,0.0
27357,919.925
11769,2012.303
21121,6.355
19423,4608.026
194,1481.49
6706,2425.13
19778,79.639
5933,148.738
837,467.139
16145,1076.103
10009,273.451
3155,924.916
13403,7127.768
14973,153.512
7688,9176.062
20923,277.016
1327,147.095
4392,1185.502
9218,503.502
17672,2881.946
24009,7759.393
9150,1432.262
12371,3025.011
26504,325.841
20772,352.222
13040,1273.139
10433,94.488
2894,6305.183
15500,775.093
709,506.106
10142,1472.5
24358,1647.495
18796,967.355
9153,2908.482
10379,10.602
9997,1545.939
10382,51.15
16707,3712.312
24340,643.994
25547,610.39
29615,162.75
18510,1050.249
11805,41.044
28151,417.477
10744,577.406
7325,76.229
4875,783.587
15387,2508.024
29674,158.224
28645,140.213
17102,322.431
26500,804.171
5143,-0.868
16683,1203.73
29698,0.0
25922,0.0
14253,12.09
4447,24.18
14018,2927.981
863,493.365
29835,1557.564
4387,1580.659
19416,0.0
21829,802.125
5519,613.273
2760,3523.057
23922,436.108
8370,75.764
22719,422.406
13351,45.477
14403,0.0
29951,68.82
10991,138.756
9458,1600.964
4967,310.775
14542,3324.967
1625,499.007
26293,7334.073
14289,811.208
20884,75.733
29925,291.586
1682,1579.853
6300,505.703
23775,3821.37
11425,111.631
15675,290.253
7112,3699.044
3405,1476.902
6600,557.163
26142,1207.977
29173,1454.706
8018,8530.518
4821,420.329
23969,1844.097
14789,1510.599
27675,909.385
25388,3988.336
23554,0.0
2627,113.553
12724,2038.777
6211,1933.842
156,3268.02
21377,440.262
9721,3732.741
28786,213.993
20286,376.898
9369,1651.742
20559,1311.982
26232,415.245
10971,4457.924
939,159.65
12523,415.648
21252,2554.09
13256,1188.323
14997,119.722
23548,215.14
22337,0.0
16016,556.822
2201,268.739
15658,0.0
4312,1461.092
20030,0.0
6914,7488.515
26379,457.746
19391,19.406
27631,1532.671
7380,214.024
21453,1536.05
25858,116.312
17947,1015.963
13567,176.018
1152,1563.02
11015,77.314
10709,35.712
8239,4679.233
5611,92.07
13640,7950.105
27205,2761.542
15781,1425.845
26883,75.33
14979,1254.446
11593,286.44
22021,257.889
27632,0.0
6504,662.408
8040,2344.468
14591,923.893
7547,89.807
1334,-4.34
25834,3470.047
12539,627.719
13743,17.329
14457,326.027
22605,9793.272
5379,12.09
18383,565.812
28110,137.609
14661,854.732
26631,634.384
18531,321.749
2957,-0.775
2207,-1.55
3395,-102.579
13089,0.0
10787,512.368
27363,3579.477
3930,3266.036
7500,2476.9
5753,408.084
23280,50.592
26290,299.615
4335,11711.149
21173,1281.137
24294,4230.26
2143,151.869
5976,1161.043
17018,1320.941
21781,99.045
8843,2171.488
3654,39.184
22439,482.67
12953,630.044
9122,9453.884
1928,573.81
14781,181.505
17476,59.148
26227,823.763
12032,242.513
15381,124.496
25148,251.906
23864,0.0
20791,1059.301
1939,1206.551
25415,4943.26
29077,556.822
26144,2427.827
20046,905.882
16918,1498.943
4629,507.935
22702,-1.023
28807,37.51
9722,43.431
17234,77.5
6087,249.116
6209,2847.567
22607,10.106
383,91.388
7293,189.472
20740,510.136
12910,0.0
13424,441.874
22773,7758.153
17241,782.688
7600,25.637
10413,1026.379
5745,-49.042
23728,1573.591
10282,880.648
3036,9158.423
18106,2953.401
25052,832.226
15177,1873.113
8448,0.0
18819,633.609
29641,2829.525
15807,-0.062
3471,5737.17
19522,615.939
29785,734.514
7928,454.491
17033,95.325
22136,794.468
906,129.797
25020,430.094
3240,2832.408
16546,51.15
15722,605.12
28011,0.0
24177,24.18
16648,84.909
22858,6812.467
29817,-0.496
13697,1465.835
17802,949.22
16951,1728.343
4247,1508.894
20579,3422.989
28975,3106.417
5969,995.534
11802,446.679
22468,51.119
9401,0.0
10836,1490.945
25390,371.659
15394,3836.56
10668,375.441
6261,25.637
22142,119.35
19379,52.08
2045,68.448
3437,123.597
3451,2465.647
11464,503.285
5666,3808.102
1169,44.795
3745,61.256
15224,2782.095
10205,163.773
29032,2237.828
27651,61.721
15873,317.533
17491,0.0
8176,12.276
13161,2463.105
14310,5911.824
4724,1574.986
14455,2170.496
12218,591.821
3181,78.182
21466,1505.67
11920,25.575
10738,155.155
18710,366.792
28149,0.0
28613,-0.434
2195,290.253
29073,0.0
1979,1090.456
13516,2418.279
18434,4646.466
9507,9236.977
2653,1065.284
19499,0.0
27455,-0.031
5754,4622.844
25757,331.731
19152,190.247
20540,954.335
14995,3605.765
17078,552.885
1727,1785.538
19615,2885.945
3449,166.842
14575,-13.361
22001,164.083
28768,-3.255
28804,289.075
9704,51.367
11531,0.0
12094,0.0
15523,231.508
18240,102.207
28105,839.883
24151,3220.404
3212,709.032
4220,3817.96
453,4860.366
26977,318.928
24913,564.851
20464,556.7909999999999
27817,543.027
16442,1983.845
7117,5088.247
16156,96.069
22431,2838.112
14023,333.157
18037,1468.749
18318,415.586
151,1315.764
8241,5.022
913,532.797
2751,246.853
23963,1679.115
26842,7981.135999999999
7119,9548.713
26837,197.16
29663,30.008
22250,8246.93
13158,0.0
29665,-58.094
9800,4235.003
3094,5.115
7633,134.478
16231,1789.63
23841,360.623
9892,7731.586
12555,11.904
27748,851.415
12421,40.734
16178,219.511
16594,1166.809
7243,483.166
3377,1.147
9472,311.333
18513,1545.505
8782,545.507
26751,49.011
15119,559.054
3408,227.075
5876,262.601
15485,133.858
15236,68.2
18792,115.847
11354,5045.467
974,4160.293
2361,754.788
1108,2385.822
20207,1535.554
18293,9.021
19612,0.0
18751,4873.665
10959,720.502
28726,937.812
11109,1810.152
11021,1270.535
29425,707.451
28848,6393.595
6388,0.0
6895,0.0
22949,-0.775
22044,3151.15
3898,1530.997
28427,10.106
11364,1371.719
19060,127.131
11453,24.18
9544,2266.503
9361,284.084
3880,1675.643
13324,1477.119
9358,3753.015
636,174.53
11327,0.0
2724,0.0
27018,-0.124
1066,2714.949
14517,3088.406
15056,1312.447
10528,2465.554
15894,4614.66
25481,0.0
11829,0.0
17938,4927.574
13241,0.0
21300,8814.354
18340,1341.525
13585,9.331
12729,465.589
17423,1468.811
132,7857.074
3733,916.174
14472,-5.89
27383,971.137
28733,134.54
19220,0.0
24987,3183.39
1519,5305.371
10220,1804.603
3608,1653.54
14574,145.793
18606,4745.17
27937,0.0
14989,1395.062
26220,1809.16
3573,2515.123
17660,1912.297
7076,10787.814
19211,24.428
28464,617.799
6934,-6.2
7358,3.348
28477,5455.256
11817,552.389
27503,1492.371
14826,2415.799
13844,147.839
25802,1510.475
4425,1295.769
28142,3368.708
8227,15.283
11819,926.714
29599,196.416
8217,27.094
18202,3709.367
17358,55.924
25338,8191.719
27212,2250.817
22157,39.091
17037,971.261
22575,0.0
28020,0.0
9195,1821.56
20383,1115.566
27689,0.0
19684,1509.514
4321,9.796
29922,916.546
28754,12.09
29260,301.196
18494,386.973
8088,447.051
23407,558.651
29930,4161.316
17742,3135.836
17339,1449.126
15565,1603.196
23739,26.195
2210,12901.301
10182,15.438
1196,2537.071
9347,734.762
19869,6159.824
1444,896.706
28580,45.663
450,0.0
1410,14.477
18388,1155.029
6386,256.866
14516,5090.882
9734,1552.914
4727,18.507
12504,1283.648
955,3630.906
28834,2150.656
23801,1901.819
10838,22.289
6639,461.807
4122,2290.9
9967,1842.981
6413,3413.379
3528,0.0
17925,9580.705
23621,-0.558
7662,329.561
5245,759.81
28044,0.0
10065,303.428
12704,2732.092
25272,594.177
22611,314.65
11870,2102.575
17710,1826.768
19095,0.0
19033,2925.904
22906,1444.259
13740,81.158
22959,496.589
25948,10873.312
25228,959.047
28451,2844.963
393,623.41
15374,671.026
22222,424.731
21311,59.582
18886,183.83
25071,49.135
9156,1943.514
26906,109.368
292,52.7
10538,1554.526
9108,6869.197
1014,2881.791
10344,591.976
18565,4785.315
26632,114.204
2577,302.157
7176,12.4
20213,456.01
1831,746.759
23855,1157.075
21942,47.058
24910,40.951
22713,6029.097
19259,1005.268
23058,706.087
26798,580.971
7428,378.758
16551,1450.986
13862,3857.702
5078,418.066
27410,313.131
3236,1425.132
15359,1069.81
15274,105.772
2851,2685.933
25771,82.522
3509,615.009
7639,494.946
12944,0.0
13074,60.45
25433,634.2909999999999
17354,161.541
16152,370.791
2946,3239.159
1779,2216.965
24029,1992.308
19000,6.417
22900,151.373
850,621.085
2754,5448.684
11456,907.432
25045,4863.125
6845,2094.732
12195,39.091
13337,45.477
25125,46.469
27494,2761.728
47,138.353
944,117.149
23248,0.0
20264,681.783
5768,87.606
11046,63.767
1542,3583.073
13837,1562.524
19044,3015.401
1372,38.75
19092,3542.463
5570,4409.75
381,58.714
2631,8226.222
4573,104.594
1146,74.4
3970,7917.772
17186,1606.482
22169,6312.251
11989,91.884
20797,1535.461
26544,3070.116
26236,77.531
12480,49.879
7223,3386.936
10229,1166.065
470,11011.665
20425,2202.488
3167,93.31
15146,6377.816
21310,463.822
15771,1500.679
13852,1103.631
24407,1232.343
3126,290.687
19130,1800.821
12616,37.2
12188,4590.945
3782,516.274
23860,5.704
24185,4378.502
9182,13.64
28767,111.848
21767,0.0
19462,7263.424
22557,28.117
1698,65.379
9956,363.816
15812,126.263
1119,-0.279
23444,254.727
2551,485.274
27551,1112.249
20453,0.0
8349,2736.463
26879,4830.42
23098,24.18
17383,618.729
25143,1574.521
21962,190.805
19350,274.009
12853,1497.455
15683,85.374
15028,2028.981
13182,666.81
8030,5029.471
9645,949.437
21870,1184.169
6889,12105.779
27943,57.66
1687,729.678
19024,74.896
25753,1769.852
16089,1480.498
12535,589.62
15335,2359.472
18327,236.871
13340,23.25
9709,3723.038
5516,1066.121
1695,36.27
2168,0.0
19225,529.697
21088,1716.935
6281,951.607
10046,1881.731
4695,4169.655
4918,848.656
1082,1076.785
16110,425.103
10312,6229.884
19040,2401.88
14345,627.781
25124,16087.45
6306,1920.481
26048,130.603
20032,29.76
23553,62.682
18082,3528.017
28126,95.728
7822,958.675
24207,2753.048
5129,264.957
24345,9617.533
26741,23.498
26946,349.618
10536,741.272
23912,622.17
3139,580.258
11698,32.55
8555,1221.71
26627,201.376
26601,3660.604
26714,194.773
16162,5871.927
8470,1507.84
1227,526.504
6470,7282.582
13238,2792.201
13564,0.0
27454,580.506
27995,7058.359
26051,235.476
20737,414.47
15034,3025.042
5522,202.864
22335,-0.589
1182,2541.938
20338,12.09
2046,268.956
18642,1556.2
4360,10.106
13118,651.248
6837,117.366
4769,5984.488
19534,352.098
29584,1375.935
14234,2095.414
4270,207.793
2259,652.674
1186,39.091
26525,513.67
8793,335.327
860,0.0
22143,3096.156
15598,12.059
4137,1492.65
11597,1473.12
7735,169.632
25408,3018.625
28362,331.142
6164,90.117
7426,5117.79
10585,181.164
21199,2233.054
2375,893.637
17755,0.0
21707,1821.281
22828,2694.489
19454,1909.755
3219,0.0
19810,463.729
24114,2803.64
17021,213.962
399,3729.238
21765,4229.485
20561,2052.045
14171,4702.266
21990,231.167
5895,1247.099
19475,600.439
15499,2184.849
5797,840.131
13847,2425.223
13020,1987.72
28390,1502.105
14962,195.455
12587,396.211
4180,2295.023
1806,3138.719
6972,900.953
29195,207.731
7665,0.0
23104,122.388
12050,36.27
13712,2981.921
4627,639.034
24530,3793.625
23873,8561.952
24496,241.49
11449,182.528
736,3149.383
15362,-0.186
17952,0.0
16499,491.226
16980,2798.959
29781,1621.951
20564,2487.006
20782,3781.628
11588,1263.374
6269,2166.9
1986,323.578
29235,910.563
27730,1479.258
20962,3548.756
8634,414.873
22814,1636.986
3614,14753.954
11271,436.976
22005,0.0
8992,164.021
344,4507.493
27926,6250.902
2642,0.0
1250,6987.4
6526,0.0
867,902.379
7863,6.2
19533,2518.068
20080,883.159
24760,56.544
22941,13.33
20780,1810.245
7651,12.09
9693,3824.501
25250,230.764
26278,3683.079
10651,4.65
11564,0.0
15580,3439.45
19272,6056.78
9651,1212.565
10679,1138.568
22612,25.668
20857,4307.047
29570,615.629
24243,1103.755
6631,470.146
12974,5.797
23988,186.093
23722,545.972
29402,338.706
29101,0.0
23714,260.803
6442,468.937
6118,3980.803
17169,929.194
7447,0.0
26325,12.276
27325,34.875
8336,5950.543
18450,2164.296
1162,666.314
1469,0.0
15196,193.812
10937,77.5
13205,178.87
8410,237.429
22301,177.94
19215,0.0
1471,597.587
28034,430.311
26463,232.686
4849,0.0
25719,5670.613
28524,1779.028
19639,357.399
12752,56.575
3623,972.966
29000,680.636
20339,1369.208
5425,1097.865
15209,3259.712
3389,202.585
6151,744.682
408,1723.817
13149,598.641
20344,185.752
4021,154.256
24080,-62.0
1006,42.501
15110,293.043
8358,24.18
20773,908.672
5349,785.354
20713,5274.526
300,3075.479
8932,113.925
24262,21.514
28582,0.0
5564,1491.72
12237,3283.892
20702,1365.116
22562,670.809
2109,3609.547
16706,436.325
20181,6730.906
22280,39.029
26121,944.601
16738,51.243
5053,7.192
16163,94.798
7851,9784.592
13989,1961.556
17637,12.09
10477,0.0
13722,55.552
3113,98.859
28286,226.331
20849,1485.148
22328,1261.173
8001,2284.204
1476,54.157
10693,107.477
24636,230.64
25762,93.713
7903,165.819
25405,708.164
10019,1506.6
8850,1136.119
10639,358.174
13786,0.0
14676,-1.147
27970,0.0
12349,7202.137
9267,764.987
26825,344.1
26846,71.796
3216,987.598
16529,1521.449
5523,2919.146
4147,2129.297
14014,951.018
25698,686.495
16894,1411.244
28837,2398.749
126,3414.681
17287,3330.671
15739,541.756
26306,-0.4649999999999999
7821,-2.046
18145,2654.809
27871,0.0
23583,51.274
25493,12.09
23944,633.3919999999999
10293,4045.5
13598,2219.166
27608,56.017
15810,473.401
22742,357.74
754,27.063
29033,528.4879999999999
27947,4716.898
18809,61.008
7797,949.189
5091,0.0
21246,1458.643
10985,58.466
17949,3504.891
17301,1260.832
658,1651.091
2876,3792.509
6215,0.0
20372,166.718
23815,57.815
3985,821.531
4599,1843.725
5321,0.0
20909,1255.655
1748,3.1
18054,1366.232
29638,443.92
24232,7175.477
29223,352.005
24192,0.0
29773,5475.902
7313,3097.892
483,2405.724
9857,8740.45
693,1725.584
2461,692.199
9058,1702.923
11957,5136.266
27737,940.664
18306,2437.406
25569,74.338
9788,80.29
22541,129.084
4531,442.525
14340,-0.4649999999999999
17968,5179.387
3918,-59.427
3928,807.612
9223,5520.697
6794,2538.218
9579,45.322
12470,502.045
25708,1480.281
24166,3520.236
20848,39.091
17671,1547.83
29490,74.4
11650,85.002
11299,924.11
745,660.61
4831,432.822
703,1627.965
20837,2538.342
14897,451.298
18938,255.564
14053,208.413
8927,968.688
8184,20.708
26319,0.0
28287,191.456
24956,186.465
6170,0.0
8698,1629.484
4075,296.019
27030,1483.102
9585,1435.641
8750,3833.522
13631,371.845
17666,1130.477
25538,9364.759
29629,1100.965
15252,58.063
15078,0.0
6325,4381.013
15620,1362.233
11244,4190.704
14944,111.817
3098,480.221
10445,1763.683
16963,937.564
19678,1130.849
28316,272.087
7436,738.823
21838,0.0
15761,495.535
18655,249.736
19997,110.918
7378,1906.283
15444,7946.044
29386,3569.371
19826,5285.159
11517,1047.8
3585,0.0
27589,3740.119
14934,561.472
22211,2154.562
8253,2914.031
19221,363.692
914,616.342
19023,1546.032
19194,3023.771
12422,198.617
8993,-0.093
29751,54.188
28843,0.0
23915,982.948
57,5452.466
23120,11.16
18392,1084.225
25612,61.969
3082,193.223
17344,15.624
8674,1222.299
29837,12563.494
20743,560.449
15945,3988.119
23762,0.0
10873,1569.933
17324,6211.284
17898,258.447
17172,1206.52
6393,2110.573
26871,233.616
25863,236.003
25598,638.383
23416,3276.049
25504,48.205
24276,297.848
5659,35.278
174,0.0
23876,1183.859
24719,1516.489
10534,1517.295
282,5081.985
12307,1669.04
24357,180.203
10448,2498.693
20545,5.828
590,940.571
20843,9526.951
5189,12.09
17560,252.216
23942,388.926
23065,1726.979
12839,0.0
24083,10.106
25520,1381.546
14608,157.914
22843,2715.941
24675,2757.047
28595,0.0
10705,-0.279
15414,492.466
2381,41.013
27211,2730.511
13353,175.212
4928,2270.223
24829,61.38
28029,591.728
10354,692.726
15813,524.892
6410,2073.094
29184,266.724
24470,1596.376
25510,981.212
13006,129.332
29864,449.438
2325,1051.458
5667,594.239
27806,3077.99
12696,1579.543
29769,1626.725
4155,1962.238
1063,3724.681
10948,2850.078
2439,2105.675
2098,1344.749
18418,814.587
9891,77.5
3506,1379.81
5401,94.922
7648,525.326
25735,9989.719
6438,2074.365
29522,1531.865
13591,458.552
22,1273.697
4547,1471.353
2797,0.0
17931,239.382
29393,1563.702
7988,119.102
12810,142.662
14594,4613.265
13067,1132.058
9353,477.431
4191,332.568
2455,12288.462
1841,0.0
17429,4093.922
12740,1573.498
8242,1743.905
28517,315.394
24728,1162.531
16032,211.048
2274,96.596
3527,2137.853
14158,253.828
21745,175.088
23917,904.983
16667,2105.613
16309,107.911
