,IS_DEFAULT
27394,0
15341,1
26617,0
21600,0
11563,1
26679,0
25827,1
13498,0
6576,0
18941,0
21282,0
6455,0
19701,0
19409,0
2559,1
4927,0
4666,0
25319,0
22976,0
20121,0
27971,1
5369,1
8278,0
15058,0
9977,0
28537,0
16073,1
14557,1
8079,1
17643,0
6783,0
20568,0
19262,0
21287,0
498,0
3046,0
5511,0
27082,0
14195,1
16086,1
21228,1
23163,0
6933,0
4566,0
28372,1
11636,1
9034,1
22498,0
5636,0
1047,1
7986,0
19563,0
2737,0
3881,0
1605,0
8519,0
24658,0
3204,1
17073,0
21376,0
24277,0
21436,0
18903,0
6661,0
8883,0
29653,0
18879,1
18381,1
17713,0
29720,0
1312,0
24581,1
1812,1
4127,0
11551,0
1906,0
22106,1
6285,0
20551,1
25539,0
6663,0
2743,0
15450,0
6578,1
25649,0
22460,0
16402,0
22668,1
21835,1
16541,0
26499,0
11178,0
20601,0
14152,1
5456,1
16717,1
2591,0
24712,0
4937,0
5766,0
27392,0
14996,0
19196,0
4811,0
21595,0
17790,0
8640,0
12850,0
20021,0
7743,0
27712,0
6558,0
13291,0
7597,1
21791,1
14092,0
10171,0
16282,1
20350,1
13586,0
26708,0
2467,0
10616,0
5244,0
9537,1
2167,0
5535,0
16658,0
21294,1
4406,0
13307,1
4923,0
22025,0
18534,0
1838,0
8054,0
8544,0
5188,0
9715,1
8130,0
23614,0
11677,0
22657,0
2715,0
19943,1
19976,0
18708,0
5910,1
12391,0
2531,0
20226,0
117,1
25225,0
26527,1
2781,0
21259,0
24938,0
8599,0
285,0
10269,0
24827,0
22800,0
3682,0
5540,0
22084,0
14585,0
12756,0
3000,0
24811,0
23607,0
25232,1
10648,1
29297,0
15704,0
4852,0
9473,1
8061,0
11003,1
1057,0
10510,0
8486,1
9471,1
21182,0
27967,0
4424,1
15406,0
10856,0
17996,1
24826,0
23934,0
7730,0
23134,0
6695,0
28339,0
16168,0
325,0
4587,0
22573,0
22840,1
11389,0
25015,0
29448,0
13295,0
16883,1
9943,0
29335,0
15853,0
27124,1
16571,0
17267,0
24835,0
1069,0
27804,0
24300,0
27692,1
26131,0
26957,0
23435,0
19257,0
20272,0
6131,1
20366,0
24003,1
11208,0
25530,1
24684,0
27405,1
12799,0
1652,0
29800,0
10972,1
4597,0
15043,1
24078,0
10578,0
11396,0
15377,0
14867,0
13617,0
26616,1
23396,0
5878,0
21307,1
25010,1
23331,0
24466,0
8003,0
5813,1
6925,1
23845,1
14005,1
24000,0
8248,0
2949,0
20894,0
29639,0
6024,0
21056,0
19189,0
8865,0
28365,0
5508,0
17975,1
20249,1
26561,1
29512,1
7691,1
17146,1
24639,0
991,1
25318,0
10271,1
14344,0
16352,0
28974,0
12071,0
8658,0
12912,0
24971,0
24963,0
4146,1
11149,0
15473,0
2823,1
468,0
15874,0
17185,0
585,0
1045,0
17394,0
26801,1
12095,0
28625,1
4116,0
3125,0
8521,0
12977,0
4502,0
10278,0
18083,1
2284,0
21344,0
26367,0
2669,0
24735,0
3385,0
22593,0
26532,1
8284,0
19564,0
16678,1
4624,0
11654,1
3983,0
20406,0
25811,1
26483,0
10524,0
19370,0
21196,0
22967,0
18828,0
15963,1
14147,0
10198,0
11494,0
13358,0
15617,0
2383,0
22558,0
15213,0
6401,0
13942,0
1507,0
27885,1
1926,0
5811,0
8244,1
20441,0
13054,0
24194,1
826,0
6301,1
11126,0
14847,0
23961,0
4651,0
10646,0
1201,0
7242,0
23088,0
24153,0
10128,0
3376,0
9414,0
26336,0
18952,0
20266,0
2363,0
23105,1
20323,0
23376,0
15621,1
3358,0
14177,0
3943,0
9438,0
6969,0
15825,0
2656,0
25156,0
19847,1
24451,0
23746,0
6056,0
18060,1
4601,0
13592,0
14822,0
13363,0
29677,0
16372,0
2953,0
29582,1
7070,0
29917,0
27437,0
20656,1
24158,0
27176,0
13425,0
17606,1
24385,1
2929,0
4437,0
12903,0
19644,1
22406,0
26479,0
17380,1
24845,0
13376,0
8953,0
7727,1
13107,0
6922,1
5658,0
12283,0
24673,0
19773,0
11645,0
25861,1
11316,0
26854,0
310,0
15316,0
3713,0
26964,0
27768,0
20193,1
11378,0
4187,1
23302,1
2444,1
15529,0
16363,1
8238,0
8409,0
27749,0
1535,0
13540,1
26706,0
17970,0
29359,0
19743,0
1923,0
4958,0
21583,1
11545,0
1206,1
4813,0
6055,0
24974,1
8645,0
12703,0
26819,0
2304,0
22896,0
10126,0
2209,0
26267,0
9396,0
28052,1
29450,1
1787,0
13548,0
25565,1
23184,0
15070,0
6644,0
28400,0
23489,0
6101,1
341,0
4538,0
9439,1
12984,0
4003,0
22567,0
13551,0
24075,0
26333,0
16884,0
28027,0
25994,0
10661,0
17903,1
19477,0
23487,0
23340,0
2142,1
2228,0
10551,0
14272,1
27705,0
28743,0
18616,0
26255,0
2872,0
5662,0
21585,0
15731,0
7376,1
22133,1
16674,1
23866,0
24229,0
28444,0
124,0
22018,0
20119,0
14589,1
6782,0
29593,0
13545,0
9930,0
19724,0
3211,0
10197,0
17567,1
8781,0
20100,0
10958,0
24932,0
3870,1
10028,1
7106,0
25616,0
6971,0
3336,0
3209,0
12295,1
27492,0
26094,0
23733,0
15208,0
18933,1
17841,0
22009,0
22597,0
5810,1
1775,1
3872,1
11861,0
17858,1
16448,0
10909,0
23276,1
8678,0
1552,0
16054,1
14673,0
2024,1
14797,0
6360,1
18052,0
12159,0
11036,1
5239,0
5901,0
8753,0
2549,0
29567,0
23155,0
8511,0
17218,0
20494,1
28676,0
2349,0
26827,0
23587,1
21316,0
29675,0
12055,0
10727,0
27613,0
24988,0
7904,0
27122,0
1819,0
1731,1
26997,0
18222,0
25286,0
18414,0
16531,1
19145,0
11261,0
27369,0
4017,1
2468,0
14446,0
18430,1
19111,0
8366,0
24011,1
25775,1
7978,0
21615,1
25192,0
23993,0
28691,0
27348,1
26548,0
17482,0
9166,0
20415,0
4433,0
29763,0
9695,0
12872,0
15862,0
17896,1
329,0
26728,0
16419,0
16640,0
6432,0
3933,0
27056,0
1929,0
9601,0
6080,1
21129,1
22425,0
12067,0
6265,1
11881,0
12750,0
17085,0
5040,0
460,0
25085,0
20926,0
14548,0
27253,1
5855,0
22829,0
29293,0
17534,1
2745,1
28992,1
26388,0
2067,1
2502,1
2897,1
13429,0
3309,1
18496,0
27895,1
10437,0
9214,0
24251,0
4496,1
5993,0
9906,0
25420,1
8257,1
5163,0
23113,1
7143,0
20380,0
5620,0
26419,0
21598,0
5217,1
20593,0
17976,0
17934,0
1377,0
29811,1
8224,0
11998,1
7884,0
14796,0
14196,1
27540,0
18198,0
8137,1
11950,0
12569,1
13325,0
19665,0
2366,0
22375,0
18423,0
24604,1
4873,0
3425,0
16680,0
7399,1
4657,1
16731,0
8545,0
13897,0
7829,0
26591,1
18596,1
18765,0
7324,1
22885,0
14579,0
3152,1
18237,1
14178,1
26761,0
3701,0
8304,0
8873,0
28847,0
602,0
7295,0
230,0
14645,0
18943,0
7882,0
4467,0
9119,0
27711,0
20147,1
26291,1
19708,0
7776,0
8424,0
23937,0
25891,0
3567,1
3615,0
27751,0
15487,1
27264,0
17075,0
25396,1
10238,0
27733,1
3969,0
4507,0
11000,0
18499,0
2734,0
20201,0
15831,1
21454,0
8024,0
6721,1
13939,0
7807,0
7218,0
9462,1
1422,0
3115,0
3163,0
24334,0
29530,0
19091,1
7954,0
19467,0
22107,0
16400,0
15443,0
22284,0
10041,0
1818,0
11050,0
25300,0
1194,0
11951,0
4582,1
23161,0
3539,1
11849,0
6767,0
20965,1
6887,0
1114,0
26717,0
27373,0
20467,0
4673,0
28936,0
19504,1
25274,0
14614,1
4107,0
17377,0
15057,0
6229,0
5782,0
4979,1
14930,0
11616,0
22756,1
2976,0
14850,0
8695,1
21356,0
3156,0
19367,0
18268,1
4511,0
13503,0
5862,1
5395,0
21069,0
27966,0
22629,0
4884,0
17985,0
26243,0
5923,0
25644,0
2955,1
17664,0
12251,0
13524,0
23976,0
8773,0
28016,0
15437,0
29569,0
6999,0
9445,1
14422,0
25756,0
22619,0
16978,0
19827,1
15724,0
28666,0
28772,0
25956,0
5356,0
25219,0
4151,0
26360,0
27427,1
16314,1
11830,1
17420,0
19654,0
28462,1
23103,0
5648,0
13835,0
23271,1
5484,0
15662,0
25643,0
20367,1
12670,0
8392,0
5210,0
5950,0
7950,0
11789,1
29428,0
24461,1
15782,0
9703,0
6195,0
10533,0
27866,0
3553,0
2192,0
2043,0
25182,0
12181,1
17328,0
1811,0
28129,0
4007,0
13633,0
7558,0
27193,0
21734,0
11157,0
6550,0
6616,0
27647,1
13296,0
16116,1
19489,0
25767,0
15420,0
19750,0
2981,0
2106,0
16867,0
24459,1
26065,0
7191,1
18486,0
9093,0
11959,0
11973,1
26636,0
28657,0
29659,0
7563,1
4421,0
27532,0
2097,0
17104,0
18020,1
12399,1
27814,0
19171,0
12479,0
23504,0
9211,1
15068,0
8733,0
4975,0
4426,0
5520,0
26244,0
1789,0
10824,0
26308,0
28431,0
23931,1
8701,1
6591,0
20768,0
6559,0
19251,1
21116,0
22324,0
7970,0
6701,0
7891,1
20359,0
24921,1
2917,1
3635,0
3974,0
26116,0
10451,0
4411,0
20586,1
16070,0
1604,0
14061,0
2853,1
20078,0
4732,0
20735,0
23853,0
9712,1
22951,0
9272,0
1666,0
828,0
4730,0
21995,0
27598,0
8432,0
28942,1
27134,1
13230,1
14359,0
25606,1
26252,0
20205,0
26263,0
23164,0
23125,0
14377,0
18838,1
22078,0
16229,0
2634,0
23592,0
21411,0
27536,0
4720,1
21491,1
28367,0
20228,0
21679,0
2276,0
28806,0
14683,1
23030,0
9690,1
254,0
10789,0
2516,0
3750,0
986,0
29866,1
10068,0
2044,1
14098,0
12313,0
25068,0
5747,0
24893,1
18495,1
7999,1
7801,0
19650,0
12459,0
29474,0
8530,0
20654,1
7347,0
20557,0
621,0
20254,0
19545,0
24155,0
23521,0
27491,0
24440,0
9125,1
23472,0
27764,0
3186,1
5290,0
18337,1
4420,0
23076,0
26921,0
16253,0
29347,0
19945,0
1676,0
21141,0
23946,0
8235,0
22343,0
29644,0
29592,0
17416,1
10180,1
15494,0
9465,0
15282,0
3752,0
9637,0
20244,0
12777,1
5029,1
19166,0
1329,0
4808,0
13268,0
16167,1
14878,1
10021,0
16027,1
24097,0
1453,0
2016,1
7984,0
26764,1
1557,0
18174,0
25637,0
1010,0
20184,0
21661,0
1204,0
16629,0
6082,1
15297,1
29486,0
26982,0
11448,0
9646,0
12848,0
11550,0
23849,0
20016,0
5066,1
21273,1
27513,1
28185,0
8500,0
4893,0
26559,0
5334,0
7036,0
7663,0
12096,0
10633,0
6773,0
8928,0
1154,0
21534,0
15399,0
1240,0
9945,1
2119,0
29457,0
9691,0
16376,0
12379,1
11181,0
2416,1
6707,0
20210,0
22510,0
27175,0
3520,0
1310,1
9529,0
25960,0
25457,0
8689,0
27445,0
4199,0
21271,0
6805,0
8008,0
18843,1
4298,0
467,0
9951,1
13994,0
7352,1
12162,1
5841,0
17130,0
20802,1
27010,0
15914,0
13531,1
29873,1
8108,1
28891,0
21225,0
7165,1
14836,0
2154,1
25099,1
20495,0
29361,0
3523,0
8254,1
22507,0
9334,1
6879,0
20393,0
530,0
27975,1
11408,0
25229,0
19282,0
24280,1
12800,0
14288,0
19589,0
20747,1
159,0
29166,0
13377,0
1044,1
17224,0
12727,1
11444,1
22359,0
14906,0
24778,0
3801,0
25726,1
26156,0
16651,0
11485,0
15488,0
24853,0
9339,0
27352,0
7107,0
16524,0
9213,0
23203,0
16967,0
15910,1
20176,0
22960,0
3411,0
22010,0
1790,0
26988,1
21042,0
14841,0
15755,0
17209,0
9509,0
12070,0
5512,0
18588,0
10481,0
9884,0
24733,0
7135,0
4817,0
25640,0
13596,1
21462,1
5307,0
24645,0
27833,0
22691,1
9680,0
11256,0
18675,1
10559,0
23488,0
9149,0
6652,0
24305,1
1457,1
20140,0
6171,1
2674,0
20309,0
25917,0
4449,0
21269,0
26760,1
14758,0
4698,0
20137,0
5018,0
21244,1
27808,0
23736,0
16291,0
13005,0
20341,1
14656,1
3248,0
8237,0
22471,1
14697,1
7787,1
28174,0
9861,0
15434,1
3650,0
6624,0
8784,0
11960,0
14319,1
26647,0
500,0
1601,0
8892,1
22831,1
8855,0
26803,0
10664,0
3759,0
14118,0
8345,0
22871,0
6800,0
25862,0
23344,0
5772,0
21330,0
11403,0
7081,1
28205,1
324,0
19877,0
29169,1
6294,0
24659,0
15442,0
15606,0
6984,1
23392,0
12661,1
4929,1
19014,0
9466,1
16374,1
5055,0
11901,0
17285,0
17746,0
5943,0
13804,0
1572,0
1580,0
20712,0
25257,0
5196,0
22228,0
8422,0
19235,0
10104,0
19930,0
24216,0
12645,0
8613,0
18784,0
24460,0
18006,1
2144,0
12140,0
22082,1
20967,0
29528,0
17361,1
6918,0
3814,1
9514,0
14980,0
19622,0
12485,0
1054,0
19694,0
19575,0
14883,0
11420,1
20919,0
10345,0
13455,0
10018,1
7446,0
4481,0
18856,0
27713,1
23210,0
3657,0
11491,0
28033,0
10956,1
23644,1
5787,0
3856,0
5701,0
16744,0
24349,0
20683,0
8395,0
24615,0
22300,0
15321,0
17421,0
8542,0
18319,0
29726,0
947,0
19455,0
14838,0
13703,1
28408,0
13988,0
8776,0
17983,0
13297,1
289,0
28116,0
23345,0
26699,0
9011,0
18331,0
27104,1
12046,1
19485,0
2813,0
1241,0
4253,0
22234,0
29923,0
18841,0
3512,0
23208,0
7685,0
9069,1
19112,1
28051,0
3202,0
1703,0
10409,0
25016,0
2915,0
22665,0
26189,0
13678,0
14280,1
12803,1
27907,0
12216,1
9839,0
7494,0
24924,0
17110,0
9136,1
19055,0
11319,0
19986,0
26653,0
7905,0
25931,0
29609,1
21136,0
9331,1
27160,0
12921,0
16502,1
3438,0
16622,1
1418,0
9926,1
28816,0
3439,0
2998,0
3004,0
15943,0
4908,0
22706,0
24528,0
14545,0
11742,1
20496,0
21292,1
12118,0
17675,0
13550,1
21853,0
28031,0
20518,0
6599,0
18673,0
27012,0
13974,0
24573,0
10919,0
23404,0
22775,1
21370,0
21780,0
27425,0
4912,0
15162,0
14708,0
26506,1
12092,0
12435,0
8425,0
10115,0
27771,0
1869,1
12047,1
7668,0
23419,0
28445,0
10029,0
17066,0
28328,0
5324,0
5366,0
13542,0
25024,0
1180,0
5298,0
25073,0
11358,0
28954,0
18689,0
27948,0
6979,0
11638,0
11344,0
12021,0
8038,1
13773,0
10904,0
1525,0
14430,1
9989,0
14410,1
26015,0
27688,0
26297,1
5888,0
16558,1
11628,0
22878,0
20910,0
21743,0
13673,0
24442,0
27292,0
18142,0
1598,0
22685,0
18737,0
24709,0
13437,0
23970,0
7991,0
22772,0
12680,0
18763,0
10596,0
14270,1
6339,0
319,0
25842,0
11840,0
11541,0
18114,0
1135,0
27662,1
27564,0
25467,0
5133,1
19722,0
8655,0
10984,0
80,0
17460,1
7118,1
25888,0
10718,0
26201,0
3988,1
886,0
3897,1
14592,0
27523,1
6341,1
9743,0
538,0
17217,1
3874,0
7294,0
4615,0
2306,0
25495,0
10847,0
20859,0
13133,0
16844,0
12868,1
2888,0
6801,0
13079,1
7550,1
10565,0
9751,0
24572,1
21764,0
893,0
18427,0
10183,0
26691,1
25551,0
29788,0
8361,0
13453,0
7521,0
20022,0
5164,0
13366,0
27515,0
13316,0
29216,1
1671,0
4955,1
28183,0
21593,0
13212,0
3934,0
17820,0
19712,0
15228,0
21362,1
27071,0
24233,1
24594,1
14505,0
10635,0
28314,0
2476,0
182,0
23159,0
12814,0
29473,0
11216,0
21845,0
370,1
4603,0
23546,0
23459,1
13594,0
17297,0
18776,0
16566,1
11869,0
21465,0
55,0
1295,0
10794,1
9242,0
12297,0
23648,0
18451,0
18051,1
128,1
22092,1
7612,1
11919,0
15554,0
22952,1
29321,1
1460,1
3455,0
8601,0
20060,0
14725,0
12490,1
10575,0
5714,0
12406,0
7532,0
27048,0
24085,0
17580,0
22705,0
28805,0
22457,0
1029,1
12581,1
3191,0
14091,0
19144,0
1716,0
24661,0
8311,0
13496,1
19811,0
13289,0
7083,1
17667,0
23096,0
5882,1
983,0
6002,0
578,0
27034,1
17319,0
8076,0
3922,0
15870,0
21505,1
3909,1
7983,0
10005,0
4080,0
24953,0
24546,0
16271,0
12030,0
24694,1
7471,1
20705,0
22944,0
25147,0
1309,0
15533,0
19279,0
13099,0
18729,0
21474,0
24315,0
7156,0
504,0
4985,0
6719,1
23979,0
28512,0
5606,0
19289,0
5153,0
3012,0
769,0
5527,0
2130,0
10819,0
28533,0
13720,0
8788,1
21666,0
8091,0
6640,0
1558,1
11410,1
15009,0
7445,1
12124,1
10186,0
2049,0
2362,1
28719,0
4752,0
5548,0
3041,0
5808,0
140,1
26374,0
10615,1
17616,0
17942,0
4329,0
14741,0
22734,0
2105,0
25370,0
26410,0
9039,0
9834,1
22086,0
15630,0
22803,0
17098,0
19237,1
7245,1
4530,0
25575,0
1909,0
17108,1
569,0
27791,0
26012,0
24810,0
2032,0
24479,0
20449,0
22651,0
3109,0
3729,0
15864,0
23171,0
2485,0
7298,0
11686,0
19970,0
1164,0
15024,1
2495,0
25142,0
5371,0
6868,0
4947,0
28104,0
10144,0
2867,0
5082,1
19633,1
29623,0
751,0
20353,1
14182,0
94,0
15391,0
6249,0
6531,0
2680,0
880,0
548,0
15067,1
20349,1
26588,0
9738,0
13690,0
5447,0
29095,0
24109,0
7674,1
24975,0
8683,1
4841,0
5287,0
14146,0
8973,0
29821,0
29692,0
12623,0
6869,0
17520,1
25278,0
8272,1
8049,0
26373,0
14905,1
16856,0
21047,0
1193,0
14041,1
9821,0
27045,0
1764,0
6256,0
15514,0
22860,0
10773,0
19,0
2343,0
4361,0
13145,1
24195,0
28063,0
3105,0
2339,0
26579,0
22839,0
15827,0
10742,0
18622,0
12578,0
18284,0
27244,0
20632,0
4648,0
18659,1
14028,1
4982,0
26299,0
11975,0
19133,0
25330,0
14553,1
6098,0
6457,0
8405,0
29786,1
25814,1
14128,0
7334,1
2703,0
11659,1
22774,0
29547,0
22174,0
29086,1
4700,1
20815,0
17895,1
3314,0
24030,0
5641,0
1121,1
22580,1
10667,0
2312,0
2460,1
12311,1
5001,0
24592,0
28160,0
12709,0
12431,0
13178,0
6611,1
3965,0
3711,0
7744,1
23539,0
8718,0
3009,0
5806,0
15342,0
29956,1
17638,0
23531,0
4245,0
3935,0
23420,0
7351,1
25397,0
24968,0
8994,0
28,0
8403,0
3901,0
15102,1
20552,0
19691,1
147,0
6207,0
17769,0
21640,0
17549,1
17763,0
27397,0
29028,0
9275,0
9491,0
14577,1
24098,0
12854,1
18970,0
10137,0
11566,0
5581,0
18586,0
29371,0
18627,0
17593,0
28889,1
15648,0
6698,1
14334,0
14874,1
20890,0
5818,0
7147,1
360,1
3982,0
18204,0
25508,1
284,0
7690,0
27497,1
10681,0
16760,1
19116,1
4259,0
25533,0
7613,0
14762,0
12901,1
11292,1
5571,0
4359,0
12392,0
22205,0
10147,0
2974,0
18005,0
28899,0
22200,0
4489,0
2060,0
21049,0
23382,0
3396,1
4475,0
4379,0
4672,1
20617,0
10763,0
17531,1
674,0
13204,0
11583,0
18135,0
12873,0
19882,1
22546,0
22816,1
13188,1
8844,0
8742,0
1346,0
782,1
19505,1
4398,0
21709,0
20065,0
22915,0
7943,0
22679,1
3968,0
13486,0
11703,0
24874,0
23166,1
5317,0
14462,1
25558,0
24566,0
14701,0
22844,0
20124,0
10155,0
22894,0
16776,1
24784,0
29375,1
6083,0
29853,0
15290,0
5162,0
7373,0
17979,0
13647,1
15458,1
28951,0
11486,0
26259,0
18055,0
18519,0
5719,1
2890,0
18218,0
28190,0
29157,1
29857,0
2357,0
1962,0
29796,1
8808,0
10636,0
29892,0
12308,0
14136,1
19598,0
9543,0
14425,1
17430,0
5134,1
3006,0
24091,0
7560,0
10569,0
17770,0
2979,0
8181,0
1127,0
22978,0
14172,0
6193,0
5539,0
8606,0
19959,0
25173,0
2554,0
24412,1
12037,0
9121,0
10151,1
10841,0
8359,0
27544,0
12747,0
5594,0
18517,0
5831,0
10940,0
8958,0
9944,0
24035,1
27990,1
23856,0
16332,0
25090,0
1516,0
3920,0
8161,0
21022,0
23455,0
24796,0
17591,0
4430,0
5999,0
29324,0
13713,0
7041,0
5243,0
26258,0
26439,1
12666,1
22073,0
25366,0
23485,1
7826,0
17065,0
15417,1
16878,0
568,0
26576,0
28135,0
23601,1
16386,0
27902,0
24743,1
546,1
14750,0
15298,0
26335,0
20248,0
27294,0
16613,1
17692,0
19876,0
8661,1
18173,1
3410,0
12695,0
11207,0
2451,0
3136,0
27339,0
3966,0
13150,0
24598,0
13836,0
20858,0
27597,1
12180,0
2448,1
26520,0
1533,0
7286,0
12774,0
19817,0
24588,0
2612,0
27652,0
11429,1
11775,0
9948,1
20699,0
2561,1
21119,0
10397,0
18493,0
23138,0
8379,0
5086,0
13746,0
27922,1
20670,0
24149,0
10608,0
23274,0
12150,0
11858,0
9196,0
8861,1
18826,0
6642,0
5629,0
26620,1
9877,0
23620,0
24013,1
21413,0
27724,0
7434,1
27837,0
1751,1
17679,1
26771,0
28178,0
23342,0
10653,0
876,0
29332,0
615,0
4915,1
15937,0
19373,1
12417,0
17951,0
20958,0
14246,0
5344,0
28315,0
15083,0
189,0
13236,0
18143,0
11196,0
11855,1
23198,0
24268,0
24775,0
29489,0
29719,0
14008,0
25336,0
27722,1
13450,1
25549,0
19457,1
14233,0
29301,0
19249,0
20090,0
25518,1
8957,0
5647,0
15312,0
9366,0
15592,1
2498,0
5421,0
890,0
6254,0
22433,0
23307,0
11792,0
24587,0
21611,0
7773,0
11807,0
21833,0
16059,0
25150,0
4584,0
12155,1
1765,1
2975,1
5487,0
19980,0
17450,1
23308,0
10098,0
16991,0
22964,0
16101,0
12156,0
1588,0
4829,1
17031,0
27955,0
22098,0
4487,0
23572,0
27858,1
18372,1
8824,0
22810,1
20407,1
21455,0
21470,0
2181,0
4534,1
13909,0
18650,0
1103,0
7481,0
18953,0
4229,0
4932,0
17992,1
23640,0
1339,1
18981,0
4119,0
9382,0
15206,0
29418,1
13135,0
26624,1
19819,0
7014,0
27886,0
24800,0
8323,0
1943,0
28584,0
22129,0
13057,0
1839,1
21239,0
25892,0
14209,0
7599,0
27829,0
20534,0
4206,0
6299,0
22985,1
221,0
10489,0
15269,0
10290,0
9852,0
4141,0
25587,0
17379,0
15545,1
23545,0
19441,0
6245,0
98,0
2582,0
20224,0
16289,0
380,0
23921,0
1728,0
29266,0
10067,0
1343,0
2347,0
948,0
6618,0
14523,0
28721,1
8110,0
12833,1
21936,0
9014,0
28652,0
20542,1
18266,0
6149,0
22216,0
5044,0
24798,0
14699,0
16771,1
21750,0
10375,0
5744,1
25659,0
13384,0
16682,0
25151,0
2785,0
203,0
21500,0
15822,1
4679,0
5989,0
18349,1
8163,0
24933,0
23580,0
18217,0
4132,1
24256,1
12567,0
1392,0
21172,0
22235,0
22162,0
2447,0
3598,0
18118,0
1031,0
464,0
25603,0
16505,1
979,0
25393,1
595,0
20789,1
24849,0
20035,0
20042,0
17743,1
8975,0
6674,1
20416,0
8111,0
112,0
7671,0
22601,0
13416,0
4854,0
26350,1
3714,0
17233,0
96,0
23584,0
26758,0
2848,0
7522,0
7827,0
1842,0
20532,0
12255,0
8352,0
12681,0
8473,0
6124,1
2226,0
10398,1
16812,1
20282,0
4725,1
15802,0
14102,0
24510,0
15527,0
19304,0
6955,0
16240,0
28242,0
7012,1
14059,0
29891,0
1621,0
12812,0
12446,1
4609,0
10897,0
28103,0
28211,0
16974,1
12466,0
8305,0
18799,1
7926,0
1646,1
16600,1
26702,0
7018,1
7935,0
27379,0
26397,0
18325,0
5777,0
11818,1
29087,0
12813,0
10498,0
14484,0
9409,0
12657,0
17041,0
4668,1
6150,1
15271,0
24429,1
21392,0
23180,0
20544,0
1085,0
19300,0
5784,1
28076,0
720,0
22199,0
18416,1
574,0
25866,0
24494,0
12472,0
12518,1
16538,0
1284,0
18370,1
22231,0
10630,0
27227,0
16165,1
11963,1
3351,0
15995,0
2373,1
14990,0
22554,0
13326,0
4099,1
966,0
20018,0
20896,1
1650,0
8026,0
28099,0
11521,0
7280,0
21026,0
14654,0
10996,0
24641,1
25287,1
23482,0
16627,1
12031,0
23740,0
273,0
12190,1
466,1
16489,0
24226,1
24866,0
17225,0
17514,0
12292,0
23133,0
6127,0
12390,0
9139,0
17736,0
6030,0
29799,1
18124,0
27928,0
28081,0
9425,0
17027,0
21375,1
15578,0
5790,0
10628,0
11450,0
19845,1
23670,0
8250,0
7085,1
29146,0
2370,0
26404,0
24879,0
21812,1
17959,0
25875,0
12436,0
11438,0
3740,0
25570,0
10376,0
13233,0
15541,1
12862,0
27260,0
16820,1
29687,0
13610,0
4997,0
18551,0
27760,0
23250,0
29445,0
3868,0
22776,0
28788,0
22614,0
1221,0
179,0
13164,1
10211,0
23137,0
21830,0
21863,0
12979,1
1644,1
18630,0
14216,0
5272,1
26301,0
16087,1
11199,1
84,0
10850,0
24721,0
12085,0
17562,1
3090,0
10223,0
8700,0
19720,0
22477,0
9203,0
17077,0
25986,0
15490,1
19406,0
17632,0
19458,0
4914,0
23622,0
26381,0
23227,0
23840,0
26599,0
26449,0
20513,0
11303,0
22159,0
24012,0
24655,1
28826,0
28122,0
21395,0
17526,0
26930,0
4617,0
22294,0
8731,0
20628,1
15601,0
28633,1
26122,0
4012,1
7733,1
22974,0
15267,0
23563,0
10483,0
22243,0
12015,0
7808,0
11045,1
175,1
28380,0
26347,0
14271,1
9352,0
28196,0
11722,0
26772,0
3738,0
25716,1
13636,0
5415,0
23907,0
28683,0
3776,0
19588,1
9219,0
9080,0
19470,0
26875,0
3958,0
21249,1
28407,0
23415,0
13195,0
9003,0
10173,0
17175,1
22723,0
7233,1
15438,1
7930,0
15486,0
28780,0
22305,1
5951,1
27604,1
10914,0
8761,0
16514,0
11272,0
6826,0
21127,0
27700,0
14747,0
1890,0
8459,0
14349,0
29681,0
1429,0
11755,0
512,0
21522,0
19844,0
19135,1
8496,0
6253,0
16484,0
28852,0
17964,0
1432,1
2021,0
584,0
1589,0
11865,0
7368,1
4032,0
20900,0
12372,0
1802,0
27670,1
8457,0
12888,0
22797,0
18946,0
17466,0
20185,0
13286,0
29581,1
10810,0
19010,1
4874,0
5973,0
19212,0
21024,0
21193,0
19208,0
24771,1
20877,0
27096,1
15809,0
15746,1
10168,0
20166,0
15969,0
4131,0
26896,1
11254,0
10045,0
13670,0
27498,0
1574,0
21910,0
28137,1
8849,1
13938,0
25829,0
15713,0
27717,0
29167,0
1593,0
14392,0
25958,0
26724,0
18770,0
8441,1
11023,1
13735,1
19728,0
27777,1
13050,0
3834,0
9024,0
27518,0
20991,0
29618,1
26194,0
12129,0
3420,0
22581,0
26066,0
7409,1
27290,0
956,0
15351,0
10095,0
768,0
13104,0
1985,0
14985,0
8719,1
8182,1
20998,1
628,0
18667,0
26260,1
4123,1
2798,0
17813,0
26084,0
21263,0
24957,0
20999,1
25098,0
21312,1
16065,0
11976,0
27167,1
29241,0
6612,0
17056,1
12919,0
14111,0
19833,0
28571,0
5544,0
18203,1
11857,0
25874,1
15992,0
19647,0
2657,0
27553,1
4504,0
19003,0
27612,0
10915,0
13096,0
13848,1
13381,0
3446,1
18408,1
17016,0
13723,0
29008,0
19838,0
9707,0
10351,0
27745,1
10393,0
27667,0
18248,0
9259,0
442,0
18341,0
8374,0
16281,0
17136,0
6851,0
7518,0
16783,0
4612,1
29521,1
16475,1
25267,0
5887,0
25002,1
17121,0
27139,0
20928,0
25849,0
3305,0
1918,0
12182,0
2184,0
16758,1
13660,0
19996,0
11268,0
1635,0
15758,1
21397,0
8554,0
11845,0
3050,0
25350,0
2610,0
10073,1
11166,0
21359,0
9410,0
23314,1
15237,0
4537,0
6813,0
16185,0
25361,0
26041,0
21156,0
25780,0
27285,0
28221,0
23688,0
27794,0
21213,0
22118,0
18374,0
5723,0
26703,0
27732,0
26117,0
8603,0
29279,1
27610,0
19071,0
6653,0
25755,0
2679,0
14664,0
21755,0
9878,0
99,1
28511,0
24204,1
7044,1
8916,0
23412,0
29451,0
9194,0
17611,1
21025,0
29272,0
13488,0
6941,1
19713,0
4938,0
29514,0
23899,1
6515,0
12881,1
26103,0
1289,0
22782,0
25434,0
12294,0
2096,0
14671,0
23579,0
24342,0
5677,0
1984,1
18463,0
18885,1
28888,0
2688,0
138,1
4028,1
22813,0
13536,0
28053,0
25011,1
22265,1
5921,0
26943,0
4920,0
12367,1
755,0
25375,0
10079,0
4776,0
14149,0
2560,0
24710,0
8580,0
27342,0
3323,0
27092,0
14500,0
29818,0
6898,0
17750,0
6350,0
12261,1
20675,0
3338,1
21716,0
26228,0
13630,0
10259,0
17475,1
26223,1
7596,0
5538,0
26574,1
24183,0
20395,0
26443,0
2382,0
11284,0
25943,0
20978,0
18950,1
7103,0
8357,0
29027,0
19822,0
5236,0
26208,0
1862,0
24770,0
23095,0
10754,1
16011,0
12101,0
17584,0
14815,1
3798,0
1886,0
20979,0
7074,0
24388,0
7158,0
26874,1
17911,1
26104,1
14032,0
29485,1
26893,0
2608,0
5221,1
23868,0
14890,0
19966,0
14240,0
29207,0
3763,0
19190,0
28413,0
18900,1
20435,1
759,0
1148,0
8391,0
27249,0
652,0
4492,0
12650,0
27341,0
9023,0
21150,1
12768,0
23662,0
24064,0
15334,0
15597,0
28710,0
23390,0
14402,0
6218,1
18371,0
6646,0
21131,0
12474,1
17120,1
28079,1
27091,0
27086,1
412,0
14807,0
29090,0
10878,0
20146,1
29007,0
11720,1
23529,0
14400,1
13444,1
23437,0
15581,0
4281,0
22303,0
5567,0
1171,0
14000,0
17045,1
6409,1
1924,1
5426,0
25311,0
610,0
1771,0
25170,0
449,0
7512,0
23903,0
21181,0
2934,1
13741,0
8847,0
20851,0
22971,0
27396,0
4726,1
1564,1
16349,0
3210,0
10033,0
6709,0
6557,0
28833,0
3366,1
12847,0
9317,1
17571,0
60,1
21949,0
19165,0
13447,0
11183,0
26748,0
984,0
8590,0
13658,0
9493,0
1619,1
22449,1
20337,0
29484,0
12187,1
29372,0
5274,0
22293,0
14947,0
19784,0
27126,0
11431,0
27335,1
6896,0
17809,0
4142,1
14945,0
4701,1
11709,1
6589,0
9836,1
3755,0
8985,1
6399,1
24833,1
22046,1
28281,0
11288,1
21382,0
11992,1
24188,0
26466,0
26899,0
14060,0
18539,1
29409,0
16869,0
23617,0
13521,0
23939,0
14249,0
17399,0
28735,0
7578,0
3558,0
17472,1
13639,1
20996,1
25629,1
16333,0
480,0
14155,0
3271,0
10846,1
23593,0
10964,0
25086,0
7124,1
9312,0
5774,0
19382,0
23945,1
356,0
25974,0
8011,0
19229,1
12488,1
21297,0
23649,0
24055,0
3638,0
4571,1
6490,0
12238,0
479,0
8151,0
6411,0
4660,0
16779,0
3866,0
29793,1
29476,0
19539,0
22953,1
17876,0
20195,1
5718,0
24518,0
28797,0
11678,0
26137,0
26399,0
24464,0
29387,0
25650,0
29946,0
12049,0
13175,0
18207,0
16454,0
20319,1
17381,0
21260,0
7924,0
5140,0
8923,1
2834,1
10710,0
28361,0
9925,0
12185,0
29328,0
4010,0
27128,0
27098,0
16797,0
23265,0
9123,0
29688,0
28278,0
24568,1
14321,1
2356,0
16474,0
11922,0
28562,0
2668,1
21067,0
8021,0
24638,0
515,0
27548,0
27216,0
23509,1
27094,1
27262,0
1382,0
222,0
4949,0
23476,0
19209,1
13987,0
28798,0
29879,0
12,0
3348,0
3051,0
2676,0
8056,0
17348,0
9538,0
11104,0
10454,0
10689,1
6931,0
10560,1
840,0
857,1
28077,0
29070,0
12644,0
13336,1
11940,0
21811,0
12963,0
25072,0
22067,0
1314,0
488,1
2111,0
25925,0
22440,0
22617,0
11357,0
23812,0
7644,0
9905,0
22718,0
12312,0
21135,0
20801,0
8798,0
4173,1
16631,0
4792,0
15996,0
928,0
8208,0
9513,0
22539,0
20397,0
8022,0
10692,0
16914,0
16395,0
3764,0
19244,1
3143,0
8007,0
19085,1
5541,0
16763,0
27600,0
2337,0
21475,1
21157,0
17702,0
993,1
1335,0
14488,0
17320,0
6843,0
22140,0
27062,0
5037,1
26006,1
6037,1
23763,0
19830,0
902,0
17868,0
5012,0
21302,0
17205,0
2877,0
5510,1
10717,0
27499,0
29050,0
12146,0
3704,0
11585,0
16036,0
20411,1
5161,1
11574,1
7703,0
5048,0
5235,0
16457,1
29890,0
24446,0
22961,0
10842,0
19012,1
14724,1
10141,0
21722,1
9823,0
28677,0
26682,1
19938,0
14151,1
7802,0
10547,0
14145,0
11629,1
17352,0
20886,0
21930,0
24328,1
18703,0
16616,0
23724,0
28231,1
19061,0
25818,0
20525,1
16051,0
1921,0
14499,0
8420,0
20718,0
1203,0
12949,0
9660,0
26020,1
19273,0
14567,0
20506,1
1554,0
5325,0
9953,0
10532,1
2600,0
29668,1
21887,0
8170,1
6970,0
23002,0
22836,0
11422,1
21599,1
11086,0
27489,0
27024,1
23438,0
7271,0
11418,0
6009,0
10644,0
25419,0
9370,1
2977,0
1975,0
24319,1
29100,1
9741,0
14150,1
2037,0
12662,0
6506,0
7177,0
16724,0
22168,0
24189,0
7629,0
2626,0
5637,0
17228,0
19618,0
268,0
28902,0
18322,1
6134,1
9809,0
6464,0
26841,1
26769,0
13220,0
14988,0
18699,0
18363,0
51,0
8513,0
7013,0
9787,0
5026,0
10284,0
8908,0
20491,0
17851,0
681,0
19042,1
24753,0
17760,0
16198,0
23446,0
25611,0
5080,0
3015,0
24954,0
27539,0
8726,0
25078,0
12604,0
3214,0
28750,0
5692,1
3368,0
14907,0
15750,1
3354,0
2300,1
28732,0
21869,1
25921,0
29307,0
17332,0
16749,0
19255,1
28102,0
5835,1
19542,0
14625,0
7511,0
536,0
25003,0
29895,0
2329,0
25865,0
4001,1
24552,0
28013,0
23924,0
29389,0
8866,0
9022,0
10378,0
23517,0
25967,0
27334,0
23245,0
9912,1
17139,0
16725,0
6544,0
17953,1
11788,0
5730,0
21976,0
1882,0
747,1
8649,0
10274,0
15919,0
23351,0
4887,0
17235,1
18187,0
24303,0
2458,0
18779,0
5729,0
12136,0
28492,0
9175,0
6321,0
27668,0
15599,0
13831,1
22577,1
23900,0
12728,0
13477,0
13869,0
23004,0
29468,0
3971,0
26188,0
9198,0
16921,0
11294,1
24471,0
9044,0
27467,1
7089,0
22968,0
5057,0
17980,0
29138,1
2919,0
20056,0
6099,0
23943,0
6479,1
20906,0
7996,0
28990,0
22052,0
29941,1
5385,1
24502,1
11904,0
1977,0
16998,0
24761,0
270,0
22763,0
29534,0
28778,0
15054,0
972,1
11533,0
4271,0
29902,0
19605,1
24186,0
15643,0
5306,0
14756,0
24259,0
7457,0
21456,0
27274,0
15964,1
17497,1
562,0
16037,0
8694,0
28944,0
9404,0
19149,0
3637,0
15953,0
18075,0
19685,0
401,0
23427,0
19704,0
20744,1
16645,0
11949,0
7335,0
17873,0
14355,0
10864,0
4039,0
10307,1
13025,0
23328,0
842,0
24227,0
22490,0
20365,0
18721,0
23399,0
28309,0
2548,0
13402,0
21675,0
4989,0
2875,0
14379,0
10408,0
15124,0
23322,1
13065,1
29140,0
25750,0
4036,0
24628,0
18062,1
12428,1
13840,0
12706,0
24449,1
4471,1
14097,0
26585,1
19005,0
12563,0
17341,0
12883,0
19595,0
13237,0
2471,0
25728,0
23475,1
10706,1
13814,1
10647,0
17179,0
21826,0
16532,0
29573,1
14055,1
12427,0
21396,0
24073,0
11161,0
22543,0
25935,0
290,1
28662,0
19788,0
7207,0
28650,0
6626,0
2993,0
29541,0
6440,0
4453,1
25371,0
14169,0
1230,1
11696,0
12236,1
18723,1
4135,0
26181,0
9038,0
25189,0
5304,0
12537,0
13103,0
23667,1
19176,0
26902,0
24318,0
7754,0
4290,0
27301,0
20634,1
23092,0
26552,0
8342,1
16727,0
1528,0
16107,0
3504,0
27506,0
6581,0
3505,0
25004,0
8015,1
9376,0
20270,1
22145,0
19897,0
24651,0
12584,0
12926,0
347,1
1611,0
15073,0
2230,1
1111,0
6290,0
16439,1
407,0
5892,1
29009,1
17178,0
7656,1
27761,0
20530,0
28258,0
5461,0
16222,0
9257,0
15219,0
6606,0
25109,0
28506,0
4067,1
376,0
17273,0
3587,0
9299,1
7028,0
3134,0
21394,0
6764,0
539,0
11035,0
21690,0
22863,0
11669,0
7261,1
17449,0
27439,0
29224,0
15122,0
23056,0
19335,0
10003,1
25163,0
19645,0
23153,0
4994,0
11156,0
19946,0
20905,0
18676,0
10988,0
12541,0
18617,0
10335,0
17715,0
3646,0
24995,1
2969,0
2387,0
17856,0
11516,0
22649,0
18326,1
19083,0
5670,0
9949,0
16384,0
16643,0
19931,0
19332,1
9188,1
14746,1
7478,0
12930,0
23992,1
20003,0
1200,0
12827,1
19032,0
23871,0
11341,0
23610,1
19041,0
5409,0
13526,0
22867,0
4366,0
734,0
21053,0
15579,0
15408,0
1791,0
3869,1
20627,1
24175,1
1861,1
3476,0
7273,1
61,0
16935,0
14565,0
22841,0
21802,0
9394,1
8918,0
16462,0
14902,0
17887,0
19749,0
25273,0
13666,1
22758,0
14103,0
25911,0
20405,0
28388,0
819,0
13892,0
24099,0
3734,0
27676,0
12246,0
25631,0
13957,0
10138,0
27436,0
29594,0
14843,0
7902,0
725,1
2904,0
10501,0
27356,0
20883,0
16565,0
15116,0
21441,0
22889,0
23759,0
27940,0
16118,0
2449,1
13433,0
23193,1
18914,1
28069,0
14830,0
2050,0
19018,0
5455,1
4334,0
3364,1
14365,0
23618,0
14666,0
17282,0
15343,0
7689,0
12408,0
9431,1
18100,1
23361,0
29366,0
5911,0
333,0
20263,0
1058,0
10078,0
17509,0
20829,0
29921,0
18184,0
12341,0
26422,1
16269,0
8356,1
16042,0
8501,0
22699,0
17061,0
11204,1
22474,1
10951,1
1699,0
10162,0
26661,1
10023,0
10968,0
6241,0
6007,0
17371,1
21332,0
18989,0
23902,0
9240,1
11179,1
22130,0
1568,0
22318,0
7938,0
312,0
19077,0
1244,0
29718,0
27148,0
29362,0
29467,1
3619,0
14501,0
11145,0
16421,1
4745,0
21713,0
519,0
10090,0
2842,0
8037,1
16012,0
28700,0
15955,1
27824,0
5261,0
3402,0
22467,0
12690,0
8172,1
16904,0
12521,0
27229,0
14286,0
21944,0
6597,0
5630,0
21380,1
2693,0
28216,0
17000,0
3658,0
5429,0
25645,1
26481,0
6244,0
146,1
18739,0
16986,0
17067,0
15869,0
3979,1
13725,0
5297,0
29259,1
7942,0
15923,1
3739,0
20437,0
25488,1
11205,1
11154,0
25933,0
14263,0
26472,0
3534,1
27000,0
27566,1
29882,1
21935,0
25435,1
12961,0
6501,1
13049,0
896,1
9046,0
15805,0
27354,0
4665,0
19283,1
26608,0
23713,0
10932,0
24484,0
2661,0
5736,1
15586,0
17422,0
26762,0
6519,0
17607,0
14677,0
13354,0
15114,1
26485,0
8495,0
9826,1
4346,0
5757,0
14849,0
4953,1
12805,1
22482,1
21139,0
17966,0
6766,0
15976,1
14228,0
9456,1
9091,0
12923,1
25031,1
3225,0
26246,1
26211,1
21039,1
27328,1
19548,1
5184,0
9144,0
21492,0
24364,0
19348,0
22958,1
18935,0
21357,0
21882,0
23207,0
6309,1
6761,0
29939,1
2509,1
6322,0
2660,0
11121,0
1954,0
12452,0
16624,1
19089,0
8650,0
7815,0
21443,0
18076,0
10371,0
13996,0
23816,0
6874,0
3691,1
9776,0
29579,1
6481,0
18400,0
8976,0
739,1
2985,0
6288,1
18929,0
23719,1
4227,0
8697,0
19635,0
13924,0
19210,0
5673,0
24384,0
17828,0
19413,0
44,0
20225,0
26206,0
9286,1
2317,1
229,0
16075,1
2041,0
16819,1
24687,0
11065,1
3789,1
27190,0
12806,0
3972,0
22152,0
1709,0
29926,0
6658,1
25029,0
29520,0
6920,0
20450,0
21352,1
24526,0
17830,0
26277,0
9658,1
11360,1
27399,1
13400,0
11816,0
8157,0
29212,0
6541,0
18560,1
16973,0
24759,1
15986,1
3099,1
23697,1
1191,0
14685,1
24375,1
10444,0
4858,1
18339,0
11913,0
29478,1
16561,0
11099,0
10048,0
5849,0
25092,1
29226,0
29304,0
7855,1
9747,0
22674,0
1777,1
134,0
5681,0
7421,0
11690,1
17318,1
5857,0
17053,0
9771,0
28086,1
28808,1
8790,1
8087,0
10135,0
24809,0
1585,0
24108,0
1581,0
26669,0
27177,0
2818,0
18197,0
22798,0
26076,0
3767,0
22666,1
21880,1
6480,0
10506,0
13824,0
119,0
14640,1
7456,0
18050,0
20059,1
9625,0
21507,0
11054,1
20784,0
2770,0
11657,0
26835,0
307,0
5896,0
1156,0
2177,0
8770,0
19270,1
6978,0
10122,1
23663,0
667,0
8354,0
9190,1
25904,0
1749,0
26757,1
16593,0
13565,0
27800,0
3218,0
18782,1
18738,0
2675,0
18063,0
21557,0
21480,0
29700,0
15001,0
22851,1
95,0
22846,0
10997,0
12978,0
3019,1
27635,1
18714,0
7853,0
14502,0
26556,0
8647,0
6862,0
12174,0
23698,0
8211,1
10358,0
20603,1
28600,0
10949,0
13306,0
15080,0
21951,0
24049,0
23773,0
27470,0
12114,1
24202,0
26128,0
28675,0
5201,0
5468,0
4694,0
14761,1
25778,0
6017,1
9345,0
2918,0
23176,0
15483,0
28284,1
24647,0
26324,0
23928,1
20157,0
27065,0
21167,0
29039,0
14896,0
13719,0
19368,0
28115,0
12621,0
22540,1
13802,0
18448,0
14953,0
18874,0
4484,0
18421,0
29737,1
21954,0
7109,0
29626,0
27442,0
15702,0
20475,1
14434,0
24398,0
2854,0
17550,1
17051,0
2594,0
4810,1
13998,0
14910,0
19234,1
764,0
21487,0
13386,0
28592,0
4025,0
9062,0
23296,0
26292,0
25944,0
2221,0
331,1
11386,0
21644,0
28663,1
16394,1
25927,0
6779,1
19101,0
9158,1
15032,0
5601,0
18111,0
14839,0
16660,0
13002,0
23578,0
10013,1
2042,1
7267,0
23232,1
25439,0
16553,0
9981,0
10511,0
5860,0
27982,0
9802,0
13333,0
20786,1
24556,0
22990,1
3086,0
5387,0
9570,1
21086,0
24051,0
3232,0
24374,1
23202,0
13420,0
22766,1
29318,0
23625,1
4731,0
26029,0
14621,1
11400,0
29495,0
2099,0
24813,0
9163,0
15092,0
28846,0
8608,0
21555,1
12267,1
24241,1
19950,0
10222,0
26534,1
7216,0
18744,0
24355,0
8075,0
23919,0
10777,0
16126,1
23755,0
21742,1
4869,0
10571,0
27028,1
19118,0
3944,1
10219,0
24036,0
4344,0
28218,0
11057,0
12938,0
6051,1
15756,1
4692,0
22048,1
1467,0
5370,0
5489,0
22670,0
13409,1
28820,1
15340,0
25062,0
5114,0
17847,0
6019,0
22811,1
25344,0
7748,0
4832,0
29492,0
3133,0
20082,1
24503,1
24433,1
20477,1
28996,1
20667,1
18477,1
10450,0
7377,0
27319,0
10066,0
1680,1
4495,0
14279,0
13776,0
9374,0
13446,0
22995,0
15999,0
144,0
20941,0
2773,0
12856,0
7221,0
27402,1
17956,0
20885,1
14615,0
3484,1
19782,1
9784,0
7469,1
6194,0
13004,0
7493,0
22675,0
19637,0
9073,0
11887,0
23842,0
12403,0
1249,1
22214,0
29734,0
29770,0
10281,0
5039,1
10936,0
12522,0
25824,0
17160,0
16234,1
12742,0
10902,0
12688,0
946,0
13274,0
16849,0
484,0
18425,0
21903,0
22161,0
478,0
2107,0
13501,0
22710,0
18433,0
24917,0
10654,0
148,0
12723,0
23522,0
3570,0
12649,0
5738,0
12857,0
7136,0
318,0
11201,0
9591,0
24274,0
6443,0
11543,0
17617,0
5814,1
21354,0
11083,0
20424,0
17792,0
24454,0
16477,1
20778,0
26912,0
3454,0
16827,1
21154,0
5917,0
13643,0
6418,0
6915,0
29072,0
10370,0
21187,0
21834,0
6732,0
1351,1
9255,0
19102,0
6802,1
28480,0
729,1
16428,1
2966,1
731,0
14622,0
638,0
25978,1
12105,0
14987,0
15759,0
21630,0
7406,0
15930,0
12378,0
24213,0
18608,0
16670,0
3741,1
13317,0
7791,0
6039,0
25159,0
11238,1
14705,0
15655,0
6924,0
26098,1
23676,1
16810,0
13854,0
24219,0
3273,0
3301,1
20039,0
17044,1
4759,0
9016,0
14884,0
13546,0
13710,0
14368,0
28518,0
21538,0
24674,0
25568,1
25025,1
10886,0
29587,0
10606,0
19336,1
2528,0
25296,1
13672,0
4693,0
28132,0
12062,0
17386,0
6963,0
26937,0
27233,0
3450,0
3406,0
20823,0
11879,0
4760,1
9980,0
9020,0
21074,0
14275,0
25120,0
11298,1
791,0
4068,0
23442,0
2058,0
7193,0
8821,0
10521,0
1667,1
5443,0
1298,1
2997,1
12710,1
20304,0
14348,0
12527,0
348,0
25699,0
28540,0
14332,0
6137,0
4800,0
28513,0
13770,1
497,0
1253,0
16,1
9503,0
16426,1
12957,0
17795,1
3864,0
68,0
11496,0
17510,0
16713,0
23406,0
9999,0
26587,0
12486,1
18246,1
4299,1
17331,0
9791,0
8859,1
6808,0
1797,0
5022,0
20354,1
13779,0
11859,0
10112,0
11595,0
13370,0
20075,0
18170,0
27725,0
4801,1
3891,0
27718,0
6119,1
4728,0
26285,0
21703,0
23024,0
27237,1
5118,0
27628,1
16096,0
11177,0
26970,0
3478,0
1026,0
18910,0
22183,0
24331,0
4970,0
21162,0
13083,0
29256,0
5281,0
6417,1
6295,0
9300,0
13810,0
1337,0
13566,0
20690,1
25788,0
25773,0
8335,1
21075,0
11090,0
11362,0
4284,1
7723,0
5994,0
773,0
13034,0
5331,0
29075,0
9483,0
7922,0
11762,1
20293,0
15587,1
1472,0
9942,1
4922,1
7430,1
17871,0
12000,0
9856,0
20623,0
10468,0
9385,1
6487,0
24861,0
17485,0
7814,0
26231,0
21090,1
24467,0
24606,0
21496,0
605,0
13905,0
8296,0
9239,0
9630,0
21564,1
20882,0
26695,1
6713,1
17189,0
17276,1
3679,0
27709,0
11743,0
13515,0
21562,1
15828,0
6838,0
26059,0
8442,0
22794,0
13119,1
16371,0
2788,1
692,1
10732,1
11367,0
2573,0
24567,0
13975,0
13754,0
19983,1
19910,0
4684,0
8365,0
18961,0
11666,0
13414,1
18791,0
9626,1
17613,0
9050,0
7501,1
25398,1
24269,0
19073,0
19383,0
9886,1
7784,0
11411,0
19333,0
14264,1
21992,1
29868,0
3121,0
11983,0
9575,0
29176,0
1627,1
8754,0
9623,0
20775,0
27297,0
8320,0
17184,0
11133,0
12309,0
3521,0
27434,0
21463,0
25116,0
3281,0
17623,0
13303,0
5392,0
2791,0
13549,1
25672,0
15310,0
28004,0
2547,0
8231,0
22956,0
16254,0
5771,0
2233,0
13945,0
8858,1
18066,0
25608,0
6415,0
15711,0
21732,0
10064,0
28117,0
22074,1
3986,0
5755,0
18674,0
2529,1
19325,0
20723,0
22585,0
24054,0
844,0
19415,0
18592,0
3312,0
1411,0
2665,0
3262,0
25763,1
2643,1
17598,0
18684,0
27132,1
24713,0
5132,0
19481,0
5492,0
17904,0
23798,1
6076,0
29420,0
4070,0
28815,0
24427,0
9621,0
14096,0
26711,0
18594,0
7386,0
1606,1
9984,0
2804,0
22732,0
25084,0
8128,0
7060,1
7583,0
20053,0
7908,0
14570,0
7208,1
25920,0
2691,0
4315,0
25056,0
12487,1
18137,0
18310,0
23091,1
18780,0
10249,0
2640,1
4805,0
2859,1
1498,0
64,0
19767,0
23122,0
5464,1
10317,0
25658,0
26474,0
22962,0
17100,0
25822,1
4523,0
12694,0
26487,0
20138,0
17092,1
16931,0
805,0
11137,0
9176,0
7475,1
3867,1
3024,0
7876,0
19915,0
29455,0
28549,0
16279,0
24205,0
15518,0
17198,0
5062,1
9994,0
9303,0
27286,0
18988,0
22965,0
12131,1
8394,0
24969,0
9419,0
23059,0
16045,0
3266,0
9064,0
8198,0
9792,1
219,0
16851,1
19680,0
26492,0
27917,0
21003,0
9177,0
8276,0
13563,0
4460,1
21320,1
21468,0
14393,1
5450,1
9486,1
21321,0
6689,0
17718,0
6020,0
8699,0
21040,0
10905,1
6383,1
1324,0
26517,1
4074,1
22715,0
20570,0
6398,0
26641,0
9982,0
2161,0
7204,0
3931,0
10478,0
29612,0
13053,0
15624,0
28150,0
2176,0
9349,0
12956,1
19568,0
2124,0
20178,0
29875,0
18678,0
1550,1
20026,0
16525,0
23723,0
20762,0
13391,1
26168,0
10247,1
24193,0
7933,0
690,0
21749,0
5257,0
23285,0
19106,0
23114,0
25476,0
27573,1
3339,0
22302,0
23905,0
5234,1
5899,0
15412,1
18693,0
2916,0
10804,0
735,0
24883,0
2,0
20461,0
16598,0
19088,1
823,0
28686,0
28510,0
28461,0
20964,0
6041,1
18165,0
13428,0
13440,0
2898,0
24432,0
27932,0
10429,0
4427,0
18013,1
18661,0
13634,0
25101,0
2406,1
4468,0
7606,0
6671,0
29099,0
18007,0
3158,0
3353,0
911,0
9470,0
28615,0
17771,1
20164,0
18219,0
7655,1
4822,0
550,1
24972,1
8825,1
13614,0
22241,0
8959,1
23261,0
1062,1
17848,0
2971,0
19449,0
19096,0
27637,1
6587,0
12018,0
24887,0
9338,0
13282,0
23968,0
13920,0
25498,0
4646,1
11556,0
13011,0
21028,1
22528,0
23783,0
27050,0
25975,0
17865,0
25821,1
12149,0
29670,0
11522,0
2712,0
10366,0
4219,0
9694,0
13981,0
27550,0
20563,0
27015,0
10554,0
8285,0
4348,0
15647,0
15048,0
5457,0
26118,0
23226,0
14504,0
3161,1
12320,0
11768,1
20412,1
15484,1
7326,1
12257,0
26878,0
16915,0
21085,0
8243,1
8690,0
15103,0
5038,1
6881,0
19121,0
20458,1
27063,1
3433,1
433,0
20927,0
26796,0
8326,0
12943,0
7740,0
26531,0
1277,0
14982,0
27992,0
3355,0
18462,0
23710,0
8145,0
22368,0
22473,0
20296,1
21735,0
2963,0
25314,0
18590,0
1161,0
13907,0
160,0
59,0
20442,0
9931,0
29281,0
4072,0
12142,0
10816,0
26799,0
5807,0
18048,0
13662,0
21403,0
22542,0
16644,0
20362,0
20685,0
2667,0
4211,0
9497,0
17610,0
9955,0
5374,0
6311,0
24996,0
2501,0
8307,0
29655,0
15918,0
5220,0
13407,0
6086,0
3089,0
6911,0
15373,0
3246,1
17705,1
28359,0
27828,0
24559,0
13426,0
8723,0
28391,0
13539,0
11925,0
22464,0
16858,0
29538,0
16030,0
12707,0
20212,1
15749,0
29187,0
10558,0
4775,1
23425,0
28552,0
13558,0
1732,0
12141,0
25406,0
21979,0
16061,0
10453,0
23375,0
12526,0
11352,1
19381,0
11167,0
13815,0
6672,0
29313,0
6430,0
15876,0
9720,1
21602,0
314,0
11771,0
12577,0
4048,0
13042,1
3288,0
5775,0
28425,0
6382,0
29062,0
19421,0
26408,0
4988,0
8816,0
11828,0
15929,0
25312,0
21922,0
21516,0
11537,1
7788,0
21224,0
2633,1
22147,0
11162,0
22400,0
7529,0
24487,0
17703,0
23721,1
26473,0
22807,0
24425,0
11605,0
5977,1
6199,0
259,1
321,0
31,1
7026,0
29308,0
21656,0
14237,0
3032,0
715,0
17753,0
22815,0
7311,0
19584,0
21639,0
20650,0
22385,0
13077,0
16134,0
7007,0
28746,0
17628,0
19127,0
3453,0
3254,0
29135,1
12920,0
1245,0
23110,0
24570,1
26454,0
18410,1
28438,0
29427,0
11602,0
21581,0
26693,0
6906,0
3917,1
14837,1
17020,1
8106,1
5858,0
23080,0
4345,0
7059,0
6769,1
9037,1
8329,0
14868,0
25097,0
9327,0
23534,1
4855,1
1597,0
5486,0
27254,0
19402,1
1754,0
5063,0
18465,0
16150,1
4407,0
24264,0
21488,0
26800,0
22545,0
2432,0
3902,0
6635,1
18909,0
8269,0
1774,0
21064,0
11008,0
16184,0
155,0
5856,0
18396,1
21681,0
22519,0
4675,0
18963,0
12339,1
28264,0
27474,0
9288,0
11240,0
5088,0
9947,0
3903,0
2279,0
10228,0
15355,0
24752,1
3611,0
13076,1
19789,1
814,1
3485,0
21591,1
14972,1
3735,0
549,0
26114,0
724,0
23958,1
7941,1
16055,0
5819,0
7129,0
25331,0
6072,0
2752,1
12884,0
3400,0
1729,0
2994,1
22862,0
4862,0
4384,0
12017,1
16960,1
20117,0
267,1
19052,1
19630,0
1424,0
24253,0
15231,0
28484,1
29825,1
16718,0
8845,0
12544,0
20850,0
25639,0
7265,0
7417,0
27611,0
3463,0
17726,0
11229,0
166,0
22551,0
6632,1
29325,0
24017,1
4016,0
26698,0
24620,0
5341,0
2055,1
4404,0
18475,0
122,0
13931,0
10383,1
26602,1
7967,0
10845,1
6905,1
19353,0
25017,0
20588,1
12205,0
26813,0
21517,1
19484,0
1033,0
1316,0
1325,0
20895,1
20479,1
20618,0
18603,0
29851,1
17166,1
14531,0
25400,0
27524,1
11343,0
10675,0
17157,0
4114,0
12306,0
3883,1
15742,0
13613,0
13932,0
4754,0
21429,0
2810,1
15796,0
19407,1
16241,0
18109,0
26178,0
10813,0
29872,0
10782,0
23388,0
12365,0
3045,0
29717,0
15133,0
19590,0
9794,0
7257,0
9769,0
6138,0
8799,0
22135,0
17238,1
20087,0
22886,0
27444,1
15544,0
17677,0
12603,0
29052,1
21254,0
10854,1
22312,1
21231,0
10767,0
2499,1
14854,0
5228,0
26806,0
27138,0
12520,0
22326,0
27408,1
19358,0
13421,0
10167,0
12458,1
10879,0
21733,0
3940,1
5434,0
15467,0
13185,1
12121,1
28304,0
20502,0
16950,0
15603,0
4144,1
165,0
7404,0
1322,0
26180,0
3719,1
15111,0
5430,0
26831,1
25111,0
23300,0
19219,1
22422,1
7121,0
3306,0
16969,0
26107,0
26056,0
18937,1
23805,0
11475,0
18615,0
14593,0
11893,0
5685,0
6329,1
22583,0
22059,0
21809,0
14717,0
12068,0
11834,0
17084,0
1913,0
7343,0
6006,0
16204,0
22636,1
24373,0
28555,0
9128,0
18043,0
21340,0
18431,1
6078,0
833,0
17005,1
9662,0
26275,0
11600,0
18764,0
10062,0
24748,0
1915,0
12264,0
23359,0
4108,0
10404,0
3696,0
20556,0
15197,0
434,0
22230,1
29705,0
26594,1
2151,0
2692,0
10118,0
8836,0
16430,0
13700,0
18905,1
5280,0
28715,1
18660,0
3949,0
26089,0
12617,0
6155,0
18942,1
5514,0
4216,1
11753,0
8052,0
17744,0
5525,0
21165,0
26996,0
2624,0
28436,0
21194,0
11249,0
15712,0
1624,0
25343,0
308,1
21763,1
28920,0
20669,1
7299,0
4767,1
27225,0
3431,0
18179,1
17167,1
13675,0
28764,0
14556,0
12178,0
11882,0
11621,0
10325,1
22122,0
5203,0
16890,0
8523,0
14922,0
11365,0
6854,0
16701,1
21728,0
6062,0
21409,1
25298,0
5702,1
17097,0
4498,0
22630,0
8627,0
1870,0
13926,0
23016,0
8745,0
9699,0
11245,0
19374,0
3787,0
6774,0
23535,0
9964,1
9644,1
14211,1
24410,0
7080,0
9882,0
17393,0
25307,1
2136,0
3706,0
25180,0
18178,0
25259,0
2968,0
14665,0
9434,0
27144,0
6534,0
16072,0
2532,0
14179,0
15765,1
3821,1
22308,0
2621,0
25354,0
29026,1
15673,0
18701,0
22423,0
27542,0
3101,0
18625,0
19496,0
3889,0
28792,0
22417,0
8102,0
608,0
10024,0
9918,0
29219,0
23828,0
23124,0
11637,0
3784,1
5770,0
22599,0
11572,0
20940,0
9170,0
24352,0
19658,0
4936,0
293,1
27306,0
24783,0
22079,0
21011,1
5230,0
19172,0
7705,0
7029,0
2758,0
21425,0
4013,0
18440,1
16351,0
27424,0
16572,1
680,0
19579,0
25005,0
27838,0
27145,0
21169,0
12409,1
27305,0
16970,0
1996,0
5556,1
2280,0
28863,0
29460,0
23063,0
18932,0
15069,0
26565,0
21796,0
21537,1
28619,0
5248,0
21558,0
10218,0
18847,0
16028,0
28163,0
11978,0
24648,0
16987,0
11025,0
27780,1
20921,0
21054,0
12534,1
21905,0
2243,0
5561,0
29267,1
5116,0
13008,0
2933,0
4458,0
3290,1
22544,0
22733,1
15126,0
5117,0
15614,0
12434,0
25884,0
18478,0
6011,0
1907,0
20421,0
29180,0
21806,0
2087,0
29406,0
20863,0
19376,0
10250,0
783,1
7789,0
4883,0
11571,1
19643,1
14933,0
2584,0
7360,0
8043,1
3016,1
23893,0
8747,0
29275,0
6258,0
12797,0
19139,0
20346,1
19399,0
10472,0
22251,0
1899,0
8455,0
24144,0
24844,0
16944,0
9234,0
2515,0
3157,0
25245,0
8635,1
1536,0
25985,0
511,1
16901,0
5299,0
12093,0
29011,0
16852,0
6205,0
8225,1
19624,1
3080,0
7010,0
8382,1
15180,1
9988,1
21068,0
27147,0
10121,1
26052,0
2340,0
29617,1
11053,1
15426,0
2789,1
12115,0
1925,0
16917,0
24367,0
6780,0
22394,1
12293,0
23732,1
936,0
21795,0
25681,1
17850,1
9178,1
21692,0
7670,1
21657,0
15522,1
15901,1
27556,0
10827,0
18413,0
18893,0
28223,0
9375,0
29672,0
9266,1
17115,0
11186,0
15186,0
3108,0
22050,0
21201,0
2331,0
9628,0
20709,1
17390,0
22646,1
3043,0
19899,0
4710,0
15984,1
11460,1
14174,0
14016,0
24297,1
2004,0
27196,1
26318,0
29310,0
14568,0
21406,0
11899,1
1229,0
27802,0
15571,0
27359,0
12035,0
26712,1
9554,0
10766,0
7602,0
7745,0
25268,0
12736,0
16172,1
16956,0
23010,1
18980,0
23885,0
17405,0
24408,0
11569,1
9642,0
1122,0
24865,0
102,0
8621,0
14326,0
22208,1
23458,0
12322,1
19866,0
25934,0
14780,0
14293,0
25236,0
26209,0
25227,0
14710,0
28198,0
23254,1
17590,0
20569,0
14302,1
19871,1
6861,0
26224,0
15531,0
18357,1
24824,1
13704,1
29856,0
27580,1
13979,0
17461,0
17214,0
19730,0
5905,0
7232,0
25840,0
3277,0
18840,0
16516,0
12989,1
3953,0
22501,0
14729,0
19763,0
28275,0
5992,0
22623,0
22271,0
145,0
18515,0
24096,0
20987,0
12324,0
3137,0
15745,1
1725,0
25412,0
29319,1
13155,1
11470,1
2937,0
7249,0
29419,1
23417,0
28090,0
12985,1
25166,0
27500,1
5703,1
10319,1
13331,0
15925,0
7385,0
29913,0
21874,0
23861,0
29850,0
14528,1
409,0
642,0
19201,0
1866,0
16441,0
28504,1
16416,0
9437,0
529,0
28603,1
25669,0
9540,0
16801,1
20516,0
5276,0
17864,0
19962,0
6364,0
25628,0
12106,0
20917,0
22620,1
13708,0
8614,0
17068,0
5258,1
23661,0
14408,0
17811,1
10442,0
11688,0
21202,0
17265,0
27666,0
27006,0
11944,0
16130,0
21448,1
13729,0
25179,1
4250,0
24132,1
9463,0
16740,0
21695,0
28134,0
959,1
18878,0
1946,0
4184,0
18680,0
9893,0
6476,0
11924,0
26024,0
23297,0
5397,1
17990,0
15086,1
1436,1
26182,0
8160,0
25211,1
10906,0
24343,0
6113,0
13744,0
27337,0
4871,0
8408,0
14416,0
9551,0
7412,0
15296,0
29652,1
25266,0
14476,0
19404,0
11241,1
13215,0
5795,0
22033,0
19098,0
11135,0
3690,0
6366,0
5278,0
10826,1
2769,0
24079,1
7960,1
18508,0
14490,0
28479,0
13235,0
28441,0
29300,0
16948,1
21478,0
15636,0
20369,0
11111,0
26148,0
8522,0
21132,0
10377,0
23941,0
20275,0
20875,0
3493,0
19087,1
25383,1
14558,0
12582,0
4839,0
22899,0
2414,0
29500,0
8692,0
17034,0
18516,0
8929,0
11889,0
22022,0
8935,0
18972,0
28364,0
12286,0
404,1
29022,1
938,1
7468,0
9365,0
8179,0
11082,1
11301,0
18663,0
20420,1
25563,0
27164,1
2812,0
17001,0
5562,1
22802,0
15723,1
19748,0
5186,0
21343,0
24117,1
21484,0
28851,1
14101,0
20204,0
22506,0
2088,1
26916,0
18458,0
10818,0
10778,0
24699,0
6049,0
13465,0
21006,0
20582,0
10037,0
3629,0
10244,1
25730,0
12940,1
28865,0
1555,1
14079,0
6944,0
1202,0
5839,0
15105,0
19494,0
8013,0
12314,0
10153,0
26251,0
16452,0
22299,0
1301,1
8150,0
22221,0
12477,0
17563,0
6870,1
21528,0
10027,0
3375,0
8619,0
26395,0
26489,1
4120,0
25079,0
17774,0
25413,1
5927,0
18148,0
10496,0
3224,0
18872,0
352,1
22320,0
28386,0
4653,0
14291,0
7057,1
22146,0
8703,0
1224,0
14247,0
20529,0
553,0
8136,0
15258,0
1867,0
24516,0
24702,0
14777,1
9420,0
8371,1
9881,0
17597,0
29646,0
41,0
23764,0
17595,0
2546,0
10966,0
20820,0
28120,0
14736,0
22466,0
22186,0
18488,0
21641,0
23869,0
12007,0
28825,0
28290,0
12138,0
21567,0
12889,0
17391,0
1338,0
15605,1
27650,0
17057,0
14569,0
13680,0
2301,0
29251,0
2517,0
16790,0
21814,0
17627,1
3552,0
17441,0
19867,0
15144,1
16143,1
17503,1
4463,0
14533,1
8143,1
4294,0
20511,0
10715,1
1419,0
4793,0
6536,1
2185,1
27763,1
16863,0
9647,0
18003,0
5113,0
6840,0
16226,0
3227,0
7382,0
10517,1
9565,0
9500,0
18287,0
18794,0
15469,0
4784,1
7441,0
18115,0
25602,0
21322,0
19985,0
11103,0
22686,0
6717,0
2295,0
10599,0
23654,1
23480,0
6692,0
10573,0
14043,0
21433,0
7556,0
20136,1
29130,0
26611,1
17006,0
20539,0
5919,0
14660,0
694,0
4846,0
18533,0
9220,0
7710,0
20127,0
4031,0
13183,0
388,0
19696,0
14142,1
20076,0
13874,0
14294,0
26723,1
2040,0
22736,0
23569,0
12206,0
614,0
5697,0
16411,1
12116,1
2118,0
14604,0
12606,0
12698,1
10973,0
14840,0
14477,0
8401,0
6872,0
2767,0
6847,1
7278,0
5380,0
5560,0
19751,1
10146,0
18330,0
11030,1
29561,1
8553,0
10952,0
10490,0
16006,0
7992,0
4779,0
9995,0
21776,0
9583,1
2346,1
25447,0
22338,0
16623,0
21726,0
27197,1
7751,0
10201,0
29556,0
27278,0
6938,1
19285,0
16031,1
2251,0
19905,1
18101,0
22603,0
1573,1
29863,1
13484,0
29915,0
22395,0
12086,0
281,0
15549,0
19885,0
8525,0
5869,0
22441,1
16305,0
25710,0
5565,0
24504,0
11072,0
16563,0
22276,0
10032,0
9525,1
12382,0
22346,0
8060,0
2510,1
25239,1
6484,0
16356,0
27799,1
12284,0
25691,0
21664,0
28491,1
24750,0
21777,0
24495,0
12112,0
7017,0
23550,0
5361,0
12330,0
4442,0
5068,0
22639,0
23930,0
807,1
2602,0
19952,0
3687,0
925,1
20370,1
26249,0
4455,1
14605,1
12689,0
13335,0
26767,0
7929,1
4322,0
2056,0
1120,1
20259,0
7985,0
27919,0
3097,0
7973,1
17105,0
3498,1
22175,0
26371,0
21924,0
9700,1
9890,0
6496,1
25896,0
926,0
27080,1
19265,0
28306,0
22778,0
29774,0
27324,0
16777,1
16808,0
17737,0
16675,0
10783,0
20796,0
5653,0
20302,0
6273,0
5025,0
26683,0
2619,0
11435,1
28811,0
18151,1
20939,0
26673,0
12714,0
22945,0
17070,0
25275,0
26105,0
5475,0
19414,0
2137,0
11635,0
9754,0
14407,0
630,0
18868,0
20073,1
9705,0
19853,0
14894,0
20880,0
20537,0
15584,0
13908,1
11519,0
24758,0
5474,0
5151,0
20180,0
22865,0
22144,0
20106,0
9914,0
17426,0
15468,0
4380,0
11001,0
10590,1
23660,0
26390,0
12447,0
28119,0
8258,0
14203,1
10296,0
23867,0
10386,0
24386,0
26797,0
14794,0
22064,1
3413,0
23075,0
12207,0
25981,1
15936,0
12965,1
6447,0
12033,0
24497,0
8472,0
1781,0
16009,0
7907,0
20051,0
12201,0
4020,0
13043,1
3479,0
9427,1
6400,1
9911,0
16976,0
11144,1
29840,1
8536,1
17981,0
17648,0
16720,0
2409,0
8943,0
17275,0
25022,0
2827,1
16913,1
25335,0
17039,1
26323,0
19666,0
7505,0
25847,0
29249,0
9318,0
9057,0
25609,0
7383,0
5712,1
9904,0
4224,0
9609,0
24690,1
3616,0
12859,0
18897,1
29577,0
13300,0
27464,0
19848,0
2717,0
3873,0
5742,0
29804,1
10541,0
10785,1
9900,0
712,0
11970,0
3849,1
15838,1
340,0
23405,0
24841,1
3053,1
3020,0
29461,0
2291,1
18734,0
22096,0
3568,0
2881,0
15062,1
25201,0
24279,0
11439,0
17950,1
16155,0
26766,0
12595,0
7834,0
11730,0
4825,0
1243,1
4788,1
20997,1
19303,1
22916,0
12552,0
13,1
3146,1
29963,1
10642,1
12089,0
4339,0
26549,0
7246,1
4444,0
436,0
25288,0
1385,0
11150,0
4445,0
28502,1
2687,1
20385,0
22950,0
17132,0
27769,0
18150,0
11016,0
5190,0
13406,0
17082,0
20307,0
25936,0
29666,0
4390,0
21399,0
12557,1
28717,0
1465,0
27981,0
22560,0
16362,1
9532,0
12179,0
3815,1
22660,0
2401,0
4691,1
17978,0
26687,0
26940,1
17256,0
28763,0
14691,0
10891,0
26633,0
7264,0
12364,1
3571,0
16685,0
5420,1
16307,0
2436,1
29624,1
22387,0
24916,1
1462,0
27375,0
5752,1
4440,0
4051,0
2658,0
18576,0
1898,0
2017,0
26387,0
170,0
10976,0
13739,0
13014,1
8454,0
27854,0
18917,0
25876,0
16219,1
8677,0
18224,0
16265,0
4145,0
10225,0
21479,0
4944,1
22537,0
4565,0
11302,0
26763,0
28627,0
12663,0
16923,0
29549,0
18422,0
7548,0
1495,0
25063,1
4952,0
19870,0
5125,0
4493,1
27040,0
8842,0
7101,0
6888,0
23818,1
10998,1
26589,0
11710,1
3758,0
21140,0
16200,0
2229,0
301,0
16081,0
19188,0
17099,0
704,0
25583,0
1762,0
28929,0
26662,0
10357,0
14999,1
19937,0
23704,0
14001,0
14095,0
2939,0
4588,1
3993,0
29750,0
22913,0
11921,0
9159,0
28130,0
8275,0
26083,0
240,0
29037,0
17879,0
7213,1
24560,0
5727,0
3324,1
27923,0
9447,0
18566,0
7824,1
23478,0
26681,0
27461,0
20245,0
8898,0
169,0
17122,0
29150,0
27380,0
27620,0
3331,1
4174,1
3164,0
4636,0
1692,0
9390,0
15182,0
19936,0
9737,0
19185,1
17050,1
18214,0
21739,0
13767,0
25253,1
11222,1
18072,0
3689,0
9917,0
25662,0
16440,0
20538,0
27362,0
18998,1
17306,1
9287,0
26081,0
6738,0
14580,0
19836,0
12530,0
29732,0
236,0
228,1
20007,0
25146,0
13889,0
29944,0
12763,0
25556,0
3948,0
22192,1
4526,1
13418,0
27773,1
21717,0
20308,0
2028,1
28638,0
10012,0
7413,0
17735,0
7200,0
10695,0
8481,0
27234,1
428,0
16581,0
394,0
7566,0
8510,0
8532,1
12331,0
9232,0
4166,0
16649,0
21856,0
20871,1
29722,0
22203,0
17920,0
5843,0
24652,1
5180,0
1330,0
3049,0
3612,1
11615,1
17080,0
9273,1
20893,1
22307,0
8921,0
24217,0
21508,0
22315,0
22430,0
13035,0
13793,0
22716,0
13732,0
22047,0
20536,0
11716,0
27172,0
15815,0
4910,0
14339,0
25577,0
6675,0
14908,0
21091,1
23186,0
9640,0
19638,1
17494,1
1303,1
27271,0
22594,0
18793,0
2731,0
2175,0
13126,1
11663,0
22561,0
19258,0
15323,0
13544,1
16398,0
14482,0
10923,0
7542,0
26115,1
2204,0
23837,0
2462,1
5462,0
836,0
4342,0
9742,0
25389,0
16579,0
27856,0
17543,0
5372,0
11073,1
26190,0
23956,0
21896,0
20499,0
6174,1
14303,1
23672,0
17645,0
11143,0
23911,0
13632,1
3487,0
10234,1
12268,0
8456,0
2500,0
20413,0
10934,0
17731,0
4851,1
25305,0
29274,0
11918,0
2258,0
27031,0
6448,0
16543,0
15917,1
6746,1
1936,1
23758,1
17747,0
5207,0
1595,0
20631,0
25588,0
17891,1
24542,0
27788,0
3367,0
21100,0
29348,0
9635,0
12686,0
2820,1
23974,0
29117,0
15132,0
29664,0
332,0
3459,0
18758,1
7878,0
20553,0
10908,0
21879,0
2952,0
26328,1
2265,0
28496,0
13460,1
5971,0
1665,0
17839,0
6785,0
26623,1
22726,0
6326,0
15479,0
16170,0
18540,1
8503,0
390,0
18466,0
10495,1
25381,0
3507,0
16580,1
29374,0
21275,0
22356,0
9684,0
6722,1
531,0
3597,0
28256,1
11175,0
16885,0
18854,1
2990,1
24930,1
7323,0
15160,1
6042,1
6605,0
2148,0
16434,1
4128,0
23085,0
18733,0
13825,0
1395,0
27790,0
4324,0
17685,0
12674,1
28946,0
5583,0
6827,0
12636,0
16550,0
1466,1
10390,0
19804,1
4045,0
19718,0
15811,0
6508,1
11492,0
23451,0
17281,0
27414,1
27642,1
6384,0
8652,0
6832,0
2038,0
6445,0
16928,1
21289,1
14036,1
13990,0
11412,0
12673,0
15493,1
24475,1
21730,0
26989,0
15440,0
5470,1
17363,0
7837,1
5644,0
16299,0
3840,0
2238,0
25721,0
24973,0
870,0
9377,0
1190,0
11838,0
4349,1
9269,0
4977,0
13644,0
28799,0
7963,1
6552,1
1272,0
9755,0
420,0
2220,0
17127,1
22397,0
5732,1
24431,0
23671,1
5656,1
5408,0
20643,1
9978,0
8704,0
14727,0
10081,0
11265,0
22339,0
12161,0
518,0
10257,0
4138,0
28631,0
26135,1
11540,0
4306,0
9592,0
11749,0
9677,0
8478,0
18636,0
19913,0
23197,0
3995,1
28817,0
19667,1
23975,0
1427,0
9160,1
7872,0
7944,0
8551,0
16355,1
20607,0
13275,0
19567,0
22548,0
16482,0
2342,0
22218,0
11538,0
25712,0
16785,0
16735,0
7734,0
11745,0
20765,0
17222,1
26986,0
15935,1
26261,0
20400,0
1226,0
29706,0
23266,0
7197,0
25448,0
11276,0
23445,1
2353,0
14609,0
8240,0
17335,0
5833,1
27377,0
12241,0
29710,0
19064,0
29363,0
20913,0
11447,0
10195,0
537,0
5373,0
2740,0
24258,0
28226,0
17048,0
11667,0
29137,1
8426,0
10566,0
5853,0
14426,0
8585,0
12058,0
27586,1
20335,0
22290,0
13281,0
20143,0
21437,0
14162,0
17457,0
7989,1
15800,0
18346,1
29006,0
617,0
18027,0
17187,0
28572,0
22224,0
6100,0
9268,0
17454,0
3445,1
28671,0
2809,0
5866,0
19699,0
15540,0
24187,0
17547,1
14506,0
3894,0
13436,1
1039,0
21548,0
622,0
13442,0
11106,1
13499,0
20508,1
8693,0
4517,0
7228,0
24278,0
8516,0
8766,1
23556,0
16196,1
23619,0
25881,1
2491,0
10039,0
10061,0
29105,0
23364,1
16676,1
23796,0
11170,0
18759,1
18439,0
9681,0
27151,0
15949,0
22934,0
5660,0
4364,0
4540,0
27460,1
2690,0
28667,0
27441,1
14254,0
29093,0
13716,0
1262,0
7843,1
6987,0
25528,0
17404,0
26460,1
26235,0
14692,0
15125,0
26221,0
23838,0
3630,0
3251,0
9346,0
3536,1
22969,0
8626,0
14584,0
25893,0
6565,1
26621,1
19574,0
7555,1
23706,0
8086,0
26490,0
26407,0
1165,0
18786,0
13829,0
16026,0
12078,1
12499,0
1482,0
13762,0
20101,0
8991,0
2076,1
19607,0
29689,0
3514,0
24231,0
6333,0
19580,1
25162,0
25758,0
19351,0
2121,0
6456,0
29953,0
16695,0
15663,0
1207,0
27252,0
8483,0
14119,1
11253,0
3572,1
2873,0
23778,1
4171,0
7384,0
28787,1
10678,0
21267,0
3826,0
2463,1
11996,0
6823,1
7480,1
14176,0
25466,0
16635,0
26337,0
10305,0
26450,0
28311,0
4283,1
27438,0
9061,0
9421,0
817,0
21010,0
18417,0
1050,0
25284,0
16323,0
14083,0
20294,0
3215,1
20731,0
24171,1
7507,0
168,0
25118,0
13626,1
36,0
4503,0
4562,0
28340,0
1506,0
20229,0
7864,0
6089,0
27070,0
16523,1
12622,0
11500,0
9523,0
19926,0
15166,0
4614,0
12986,0
9440,0
20957,0
9686,1
27574,0
12981,0
26897,0
6816,1
15300,0
5884,0
23989,0
4946,0
17196,0
24104,1
28131,0
15187,0
14950,0
4097,1
26619,1
23064,0
5997,0
1610,0
14071,0
28854,0
19906,0
13535,0
17323,0
19753,0
26494,0
11577,0
19663,0
25349,0
7728,0
26461,0
8378,0
18035,1
8095,0
2511,1
25374,0
1445,0
7706,0
8259,0
855,0
6770,0
16225,1
21149,0
22767,0
15203,1
1981,0
16564,0
29830,0
25295,0
9883,0
25702,1
25795,0
6863,0
12163,0
2484,0
13304,0
8903,0
3025,1
15526,1
8835,0
7485,1
28727,0
43,0
16221,0
4434,0
16908,0
23189,0
23600,0
24527,0
17043,0
2671,0
12905,1
12651,0
24249,1
11897,1
15404,0
29162,0
19128,0
16132,0
20498,0
5791,0
17471,1
4293,1
18149,0
10803,0
9793,1
25514,0
27218,1
24244,0
24200,0
26378,0
6754,1
6633,0
25798,1
8638,0
15830,1
11445,1
3206,0
7645,1
3039,1
12418,0
8380,0
15818,0
2967,0
23806,0
12642,0
23822,1
11596,0
13749,1
4899,0
29768,0
24165,0
2648,0
19311,0
11565,0
9258,0
4365,1
16846,1
5918,1
24468,0
5488,0
16501,0
23151,0
1124,0
8247,0
1415,0
22348,0
19124,0
21770,0
11457,1
22207,0
21820,1
12075,0
19427,0
4115,1
21997,0
24697,0
15031,0
18681,1
19669,1
5135,0
17745,1
7142,0
9728,0
15,0
21381,0
27875,0
29661,0
1461,0
22411,0
2984,0
4313,0
17286,0
18639,0
20113,0
19999,0
4795,0
7601,1
2728,0
21253,0
916,0
12542,0
180,0
19444,0
13819,0
3184,1
11052,0
5175,1
6143,0
3010,0
7869,0
6453,0
9323,0
24127,0
9372,0
13397,1
5353,0
4650,0
17215,0
20938,0
12917,1
26440,0
4723,0
3942,0
8286,0
14855,1
14865,0
10722,1
9315,0
15435,0
3151,0
27946,0
28305,0
13464,0
4623,0
28455,0
18789,0
19321,0
23391,0
7185,0
9735,0
15482,1
513,1
13029,0
5006,0
8273,0
18561,0
12510,0
21855,0
624,0
8331,0
11202,0
4907,1
26908,0
13419,0
7832,0
28300,0
18549,0
13584,0
22879,0
5396,1
8550,0
19205,0
16612,0
18068,0
19994,0
20274,0
5872,1
24934,0
5155,1
13949,0
13378,0
5204,0
22219,0
17155,0
24819,0
18403,0
2135,0
12924,0
4058,0
20332,0
18081,1
25270,1
14074,0
9847,0
27471,0
13242,0
1000,0
8261,0
3599,0
21205,0
2784,0
25057,0
12533,0
26595,1
13051,1
8044,0
24624,1
26077,0
21687,0
4574,0
8192,0
8538,1
9698,0
5240,1
25449,1
11836,0
9763,0
12767,1
5437,0
22535,0
26491,0
20049,0
10416,0
24111,0
898,1
26524,0
20448,0
18044,1
5845,0
17524,0
2840,0
86,1
8063,0
21844,0
27365,0
576,0
7779,1
11338,1
10204,0
2248,1
23991,1
5861,0
18233,0
4419,0
11980,1
25316,1
17958,1
6855,0
12950,1
22344,0
7344,1
18220,0
29190,0
18164,0
26942,0
19974,0
14384,1
5382,0
23183,0
14259,0
29927,0
5786,0
23741,0
18041,0
14635,0
23561,1
4608,0
1878,0
18766,0
12801,0
26857,0
10461,0
29432,0
3379,0
20818,0
18730,0
16617,0
3321,0
26100,0
29488,0
4632,0
28055,0
28880,0
9475,0
9659,1
12844,0
20191,0
26204,0
17948,1
24027,0
11852,0
9648,0
28251,0
9731,0
13982,0
12599,1
28303,0
21958,0
3285,0
3710,0
2235,0
22420,0
23367,1
13601,0
18227,0
8925,0
12491,0
15575,1
25175,0
7094,0
18646,0
13299,0
1876,0
15948,0
12683,0
27663,0
29590,0
28245,0
28405,0
4736,1
6406,0
1317,0
10764,0
29351,0
19854,0
27156,0
22791,0
11055,1
28040,0
2618,1
29554,0
25787,0
3497,0
1879,1
13590,0
20427,0
16847,0
13944,0
22982,0
24738,1
4964,0
23995,0
16466,1
29076,1
25465,0
1780,0
1904,0
14776,1
19068,0
8466,1
20698,0
17026,1
26740,1
8437,0
29400,0
29572,0
5345,0
26732,0
24863,0
834,0
12394,0
16331,1
24059,0
13058,0
29360,0
1136,0
10000,0
24662,1
1188,0
7459,0
7287,1
5990,0
9459,0
4333,0
13339,0
17462,0
560,0
27936,0
20515,0
17137,0
22412,0
7035,0
11152,0
21552,0
7075,0
473,0
9208,1
11618,1
18556,0
2145,0
10865,0
6033,0
252,1
18500,1
1927,0
9036,0
12274,1
26193,1
3526,0
16636,0
40,0
21589,0
7717,0
28420,0
8417,0
1697,0
14107,1
9110,0
8978,1
28758,0
29740,0
18827,1
4857,0
16924,0
27850,0
24904,1
29643,0
27478,0
17711,1
17480,0
17470,0
1722,1
16181,0
5995,0
23422,0
298,0
10381,1
24001,0
23052,0
4340,0
17490,0
18401,0
16418,0
2073,0
7968,0
20986,1
29412,0
19935,0
27891,0
14648,0
5346,1
25604,1
27899,0
11437,0
18705,1
13009,0
21663,0
9858,0
4838,1
3586,0
4415,0
29960,0
16573,0
10399,0
894,1
16604,0
22099,0
24514,0
18644,0
20836,0
13121,0
23635,1
3011,0
14483,0
24718,1
6148,0
15669,0
24903,0
3088,0
13855,0
6628,0
3992,1
24191,0
9112,1
5679,1
25954,1
8556,1
29205,0
15895,0
17998,0
24623,0
12203,0
22428,0
26032,0
18965,0
18490,0
10707,0
2180,0
28911,0
687,0
19109,0
9282,1
14914,0
5837,0
17478,0
28048,0
10790,0
24044,0
6647,0
9378,0
11246,0
25734,0
17083,0
18280,0
20678,1
24376,0
25580,0
3418,0
9087,1
14120,0
69,0
15844,0
18104,0
25169,1
7268,1
12432,0
5639,0
5005,0
26158,0
13045,0
11474,0
12265,0
28621,0
21328,0
5764,0
25864,0
22586,0
25998,0
10659,0
3131,1
16587,0
28337,0
22292,0
821,1
3260,0
23386,0
9386,0
19394,1
16774,0
1363,0
21542,0
4065,0
16840,0
25850,1
25462,1
22273,0
13917,1
854,0
1198,1
18073,1
19141,0
12233,0
10701,0
11685,0
16560,0
23223,0
444,1
19151,0
7071,0
822,0
12148,1
6975,0
27655,0
19555,0
4583,0
28271,0
2972,0
11372,0
2396,0
2285,0
22516,1
8499,0
16626,0
19613,0
22768,0
4640,0
8575,0
27021,0
15880,0
12516,0
9450,0
29238,0
22981,0
4204,0
5277,0
8896,0
7525,1
17759,0
12600,0
8230,0
15649,0
7149,0
27389,1
16730,0
18129,1
13609,0
27406,0
6561,0
4111,0
13026,0
7390,0
21043,0
6141,0
14133,1
23012,0
25473,0
20280,0
21430,0
9228,0
12494,0
28087,0
21921,0
4096,0
28397,0
22903,0
28910,0
6877,0
22036,0
18102,0
26634,1
14714,0
17939,0
28385,0
3543,1
6543,0
25409,0
7474,0
8363,0
9828,0
27898,0
29186,0
11646,1
28896,0
968,0
14027,0
21117,1
15787,0
24511,0
10226,1
17783,0
28882,0
15039,0
27557,0
11501,0
14382,0
8936,0
20854,0
18079,1
14183,1
27280,0
7568,0
742,0
4054,0
18058,1
22722,0
18045,0
20855,0
17444,0
18168,0
26365,0
12895,0
21424,0
12638,0
14181,0
5223,0
2489,0
1407,0
19947,0
15558,0
27426,1
21719,0
24350,0
4499,1
14274,0
12701,0
5988,0
9639,0
21952,0
15235,0
12505,0
13765,0
20480,1
29471,0
3252,1
4641,0
10584,0
29614,0
21771,1
8051,0
4610,0
7341,0
22253,0
6797,0
22832,0
11982,0
21114,0
19611,0
22854,0
17489,0
18974,0
26615,0
10769,0
14300,1
16406,0
7251,0
4719,0
15972,1
13560,0
17149,0
23009,0
27451,0
25654,0
5103,0
21650,0
25248,0
20426,0
12543,1
21008,0
15361,0
23936,0
19319,0
19746,0
25087,1
5357,0
20682,0
23206,0
21934,0
23196,0
5142,1
16144,1
18550,0
29860,1
29580,0
2887,0
12809,1
19640,0
2733,0
6188,1
11286,1
16365,0
26701,0
11706,1
7767,0
28583,0
3007,0
17603,0
29701,1
15654,0
27559,1
18757,1
2928,0
19434,0
27901,1
26890,0
6433,0
20695,0
24672,0
28024,0
424,0
11348,0
5532,1
8489,0
6081,1
20989,1
17307,0
9627,0
9688,1
1368,0
20995,1
6714,0
18679,1
5229,0
4707,0
23826,0
26213,0
25207,0
3422,1
11471,0
22495,0
26573,0
21982,0
23608,0
29611,0
22102,0
1980,1
7211,1
27248,1
18593,1
16251,0
19004,0
4148,0
7319,0
8416,0
9477,1
6696,1
13283,1
12097,0
22582,0
19046,1
24509,1
13842,0
8874,0
29603,0
14931,0
4490,0
11570,0
22751,0
19651,0
17251,1
5130,0
2039,0
19054,0
1701,0
16488,1
19562,1
11774,0
11779,0
29931,1
7387,0
23609,0
17147,0
9796,0
16325,1
11756,1
21878,0
17151,0
23089,0
5255,0
17587,0
5922,1
14552,0
28968,0
2036,0
1408,1
27811,0
8872,0
11660,0
7535,0
25970,0
7772,1
7636,0
15993,0
7432,0
13267,0
29424,0
18578,1
416,0
4544,0
6739,0
1883,0
3808,0
17345,1
2632,1
11847,1
345,0
26511,1
12821,0
12433,0
23141,0
13681,1
20290,0
21390,0
11760,1
13253,0
7969,0
24498,0
9903,1
7796,1
15287,0
17588,0
21670,1
29491,1
4047,1
1013,0
19828,0
29453,0
5563,0
11390,1
10895,0
1919,0
4802,0
28961,1
22167,0
6094,1
14190,0
10348,0
15506,1
14219,0
24846,0
8905,0
6939,0
26859,1
878,0
19011,0
8860,0
6022,1
19731,0
9245,0
15338,0
11932,0
20399,0
3548,0
12245,0
7435,0
22191,0
2482,1
23447,0
10164,0
13873,1
3289,1
15768,0
10801,0
2768,0
7309,1
28624,0
26770,0
17888,0
16207,1
23140,0
6622,0
13263,0
26298,0
15242,0
21915,0
24063,0
15938,1
22963,0
17785,1
2438,0
12080,0
16469,0
6630,0
26064,0
5554,0
13502,1
13190,0
28072,0
14436,1
28731,1
15521,1
22333,0
21179,0
4326,0
6513,0
20960,0
9668,1
9569,0
10535,0
4053,0
25572,0
8673,1
664,0
15326,0
6437,0
20252,0
13875,1
2982,0
16228,0
17518,0
27860,0
11717,0
18817,0
5211,0
16979,1
21543,0
586,1
2552,0
699,0
20866,0
25446,0
16467,1
22042,0
10295,0
27624,0
7890,0
19682,0
21234,0
26981,0
15210,0
29175,0
23743,0
25212,0
8313,0
6916,1
17777,0
1891,0
12789,1
21070,0
20375,0
1342,1
15155,0
20097,0
14201,0
8617,1
24795,1
9516,0
12442,0
17575,0
19737,0
18163,0
25503,0
28499,1
13582,0
11087,0
6703,0
11866,0
4451,0
25122,0
13671,1
18393,0
22948,0
8479,0
26149,0
23854,1
26289,1
27005,0
12852,0
609,0
7024,1
13112,0
9063,1
16436,1
1952,0
18042,0
23888,0
25418,0
17452,0
20431,0
23370,1
28254,0
14153,1
2545,0
28322,0
5802,0
24403,0
23074,1
23761,1
12204,1
7379,0
18553,0
4274,1
26737,0
13357,0
20977,1
2493,1
19100,0
15448,0
50,1
29669,0
16642,1
67,0
24857,0
11633,0
8660,1
8412,0
3350,0
29388,0
23679,0
4305,0
15123,0
26498,0
5144,1
20064,0
19017,0
20844,0
9453,0
26962,0
14017,1
23258,0
28830,0
19625,0
19859,0
6727,0
171,0
9744,0
19858,0
18460,0
566,1
16709,0
18428,1
14610,0
26667,0
19193,0
20951,0
29290,0
21226,0
28094,1
21065,0
25809,0
24714,0
12655,0
25543,0
26271,0
28068,0
11741,0
29745,1
5145,1
6335,0
11282,0
16243,0
15594,0
2943,1
5247,0
4816,0
22979,0
9785,1
11110,0
3286,1
13117,0
1413,0
6079,0
28189,0
4385,0
3624,1
22673,0
10419,0
9832,1
22615,0
26642,0
7166,0
10594,0
8490,0
22225,0
10374,0
22912,0
9613,1
26062,0
17437,1
13369,0
17527,1
20242,0
5582,0
6074,0
13390,0
6330,0
12778,0
11312,1
26173,0
18842,0
22139,0
11331,1
26575,0
4637,0
21366,0
19104,0
3854,0
15973,0
4300,1
19357,0
15610,0
22341,0
18801,0
801,1
2563,0
6461,0
9899,0
26564,1
26162,0
7093,0
12090,0
8587,0
23935,0
7348,0
5405,0
14928,0
29353,0
15736,0
6192,0
29262,0
22610,0
10504,0
8155,0
24621,1
19418,0
5398,0
4757,0
27789,0
11387,0
27267,0
19758,0
23929,0
3847,0
15559,0
16113,1
25900,1
18321,0
20462,0
11558,0
22783,0
4024,0
5195,0
18260,1
223,0
3203,0
26727,0
11049,1
26169,1
15737,0
10431,0
14702,0
647,0
20024,0
7811,0
21789,0
26043,0
25040,0
27701,1
16335,0
10691,1
7338,0
8712,0
18795,0
23006,0
10525,0
19549,1
14848,0
3481,0
9235,1
28529,1
905,0
24563,0
366,0
4738,0
2223,0
27558,1
16875,0
14317,0
10422,0
623,0
9078,1
18712,1
23273,1
2101,1
10539,1
6208,0
21608,0
58,0
5127,0
29562,0
21737,0
1318,0
3352,0
5711,0
26377,0
5093,0
816,1
8882,1
25525,0
23585,0
10711,0
6310,0
12373,0
19250,0
2805,0
23062,1
20476,1
18040,0
1406,0
15350,0
5638,0
25208,0
8549,0
11467,0
16142,1
14039,0
9172,0
10434,0
6867,0
24332,0
3495,0
23433,0
5891,0
25441,0
15861,0
9841,1
16589,0
6232,0
21867,0
8637,0
17967,0
26934,0
27657,1
11278,0
2208,0
15538,1
15851,0
20716,1
22613,1
28179,0
12088,0
20216,0
6953,1
2780,0
2030,0
9147,0
21937,0
20388,0
23336,0
8388,0
6255,0
15019,0
27596,0
4848,0
29320,0
14805,0
15710,0
27452,0
27750,0
23830,0
19443,0
17280,0
8010,1
13452,0
21314,0
25385,0
11481,0
2211,0
12440,0
19197,0
12199,0
4094,0
13841,0
3876,0
22438,0
17413,0
25410,0
1027,0
14094,0
2297,0
16137,0
9397,0
14143,0
23401,0
4226,0
21005,1
3313,0
2863,0
16064,0
17954,0
16035,0
27431,1
5427,0
25968,0
3003,0
17415,0
20363,1
10564,1
29798,0
18633,0
26274,0
5441,0
7909,0
235,0
5709,0
19671,0
7034,0
16237,0
3603,0
20159,0
7859,0
14354,1
16397,0
11728,0
17625,0
16850,1
573,1
16401,0
19015,0
18258,0
18432,0
27110,0
22330,0
23358,0
29291,0
7030,0
3275,0
1941,0
6213,0
24501,0
7256,0
6528,0
19293,0
18658,0
15207,0
23020,0
20805,0
4703,0
21950,0
3194,0
16782,0
9876,0
6110,0
9415,0
16232,0
8463,1
17838,0
15967,0
3502,1
3561,1
8517,1
23031,0
7252,0
15646,0
19710,0
7215,1
9004,0
29464,1
1315,1
10178,0
29844,1
723,0
29264,0
5251,0
15634,0
1524,0
28534,0
5894,0
20686,1
20950,0
20612,0
13382,1
20398,0
2541,0
7653,0
20853,1
24493,0
25470,0
28669,0
7949,0
13068,0
8665,0
14385,0
2574,0
29336,0
1690,0
20041,0
2870,0
6045,0
15748,1
26709,1
7677,0
16215,0
11560,0
6688,0
7225,0
29749,0
4737,0
25317,0
27361,0
4009,0
26592,0
24982,0
16022,0
18527,0
10550,0
27088,0
24005,0
1820,1
11266,0
10055,0
561,0
21148,1
10809,0
9717,0
29322,1
8229,0
7420,0
18394,0
12948,1
6013,1
7520,0
21089,1
8618,0
12091,0
23371,0
10267,0
23793,0
3031,0
1696,1
5254,0
8789,0
3475,1
16023,0
25484,0
9480,0
7584,0
3705,0
5635,0
23692,0
25323,0
7911,0
1051,0
25117,0
7852,0
19511,0
3193,1
4049,0
12798,0
882,0
9580,1
12482,1
14205,0
23379,1
9901,0
25292,0
770,0
16097,0
3900,1
25333,0
15932,0
1158,0
402,1
398,0
20031,0
16252,1
9716,0
10587,1
26441,1
11119,1
9685,0
7640,1
15806,0
10373,1
6535,1
4362,0
11746,0
15510,0
14373,0
29438,0
23787,0
15178,0
2605,0
26448,1
26281,0
27222,0
13061,0
19616,0
9805,1
6467,0
10943,0
13327,1
482,0
20471,0
14419,1
23882,0
5227,0
14335,0
22123,0
9908,1
29813,0
20971,0
16236,0
4257,0
20318,1
19377,0
8201,0
1785,1
14596,0
9072,1
29884,1
10264,0
9295,1
19181,0
12571,0
24907,0
19401,1
19703,0
22120,0
9768,0
21123,0
899,0
7634,1
27448,0
1321,0
25352,0
1032,1
9066,0
1065,0
27041,1
19887,0
11401,0
14202,0
17387,0
19805,0
13834,1
2557,0
5269,0
632,0
15366,0
6846,0
6436,0
27758,0
23673,0
4872,0
11701,0
19362,0
25263,1
14466,0
5789,0
20901,1
2543,1
15772,1
19552,0
1355,0
2983,0
19506,1
20281,0
19020,1
2821,0
18257,0
2913,0
24286,0
8144,0
18491,0
19543,0
11430,0
17525,0
12215,1
125,0
1501,0
18894,0
3546,0
2430,0
26512,0
6883,0
5208,1
8430,0
24946,1
16982,1
10516,1
15625,0
22165,0
21158,0
10102,0
14901,0
21696,0
4815,0
21872,1
1470,0
5944,1
9260,0
7593,0
11428,1
16711,0
18571,0
218,0
13570,1
26469,0
1076,0
9209,1
20581,0
26253,0
6292,0
18787,0
403,0
26521,0
20456,0
21702,0
23628,1
7508,0
26145,1
21676,0
17695,0
9584,0
13318,1
20287,0
866,0
7830,0
18359,1
25918,0
12787,1
10152,0
7497,0
21891,0
9367,0
15002,0
7163,0
23150,0
22155,0
24093,0
15777,0
1532,0
18569,0
21326,0
6369,0
15152,0
29439,0
10656,1
16836,0
14763,0
28653,1
18930,0
8149,0
18442,0
1718,0
25237,1
24765,0
5733,0
11289,1
19670,1
21347,0
1485,1
3908,1
7977,0
29604,0
1761,0
25744,1
233,1
23685,0
15784,0
17532,0
15393,0
14265,0
24406,0
24789,0
27930,1
28680,0
27223,0
6860,0
29962,1
2216,1
25991,0
7188,1
24791,0
13858,0
20659,0
15462,0
21975,0
2800,1
14994,0
24872,0
19757,0
4008,0
19857,0
934,0
16147,0
19230,0
9553,1
17054,0
28352,0
13087,0
1917,0
26050,0
20728,0
27916,0
18890,0
12113,0
25158,0
7860,0
26919,0
23295,1
14760,0
6947,1
21876,0
688,0
18995,0
6798,0
10277,0
25271,0
7236,0
21813,0
21837,0
2173,0
21112,1
2422,0
8125,0
685,0
24123,0
12126,0
10410,0
14258,0
24087,0
11739,0
21341,0
13362,1
4508,0
5185,0
8406,0
6196,0
3559,1
29269,0
26895,0
5825,1
9770,0
2152,0
23243,1
18071,0
14082,0
14965,0
17788,1
1102,0
13992,0
22787,0
9332,0
18436,0
14025,0
4819,0
13698,0
25269,0
29792,0
13374,0
17720,0
12792,0
5568,0
20271,0
24320,1
4105,0
29273,0
7022,0
23957,0
4564,1
6342,1
14892,0
22868,0
1212,1
28931,0
20602,0
23131,0
19775,1
1455,0
4446,0
28922,0
17647,0
14376,0
15085,1
17507,0
18229,0
17754,0
2052,0
25075,1
9571,0
14227,0
25727,1
9313,0
19862,0
16830,0
22917,0
12359,0
23033,0
25969,0
14081,0
25492,1
8337,0
8749,1
19294,0
28745,1
4799,1
27246,0
3565,0
7750,0
20701,0
9408,0
26944,0
1520,0
19973,0
23324,0
27626,0
8097,0
17878,1
2786,1
11712,1
5528,0
11656,0
17986,1
22521,0
19437,0
7277,0
10349,0
2723,0
167,0
8593,1
10057,0
18600,0
29198,0
25984,0
15983,0
23086,0
24417,0
5250,0
24548,1
4218,0
26774,0
24474,0
24544,0
8476,0
6998,0
929,0
17227,0
24997,0
4377,1
10196,0
23528,0
6219,0
4378,0
15134,0
28082,0
21619,0
26725,1
27,0
18688,0
17829,0
4969,0
25999,0
10912,0
16195,0
22695,0
25690,1
20591,0
27757,0
8582,0
23652,0
17749,0
21848,0
13624,0
6220,0
2620,0
21682,0
3002,1
12465,0
24129,0
21688,0
28681,1
16409,0
923,0
4246,0
24950,0
541,0
241,0
7250,0
24562,0
28070,1
26822,0
28065,0
28545,1
15466,0
23072,1
4807,0
28578,0
29778,0
10786,1
6408,0
22451,0
27116,0
28247,0
18067,0
8047,0
16188,0
6468,0
6560,0
1953,1
24912,0
18032,0
18870,0
9168,1
5352,0
1364,0
6225,1
8333,0
9430,0
14834,1
101,0
14276,0
26245,0
28009,1
14643,1
572,0
2388,0
26016,0
26688,0
15439,0
29215,1
28684,0
6679,1
9380,0
2822,1
20862,0
17855,1
3244,0
11010,0
7699,0
25501,0
22696,0
21304,0
25403,0
1741,0
20584,0
8072,0
3492,0
19591,0
12079,0
17515,0
196,0
21066,0
13056,1
10500,1
17572,1
29959,1
4482,0
11359,0
2763,0
29208,1
10227,0
6320,0
15372,0
26913,1
4190,1
7764,0
4644,0
17433,1
29730,0
11323,0
3633,0
5101,0
21620,0
10025,0
16654,1
11077,0
9325,0
9749,0
887,0
26478,1
18853,0
17351,1
29183,0
21624,0
5002,0
4287,0
7179,0
10760,0
25485,0
12362,1
19794,0
4959,0
29046,0
29640,0
8792,0
27537,0
22626,1
17712,0
23742,0
20751,0
5031,0
19398,0
14489,0
13344,0
7048,1
3936,0
23678,0
25605,0
10863,1
19179,0
2651,0
11700,0
16691,0
4909,0
25939,0
27016,0
3325,0
22352,0
25555,0
24299,0
24113,1
4046,1
9276,0
10116,0
2115,1
1736,1
14131,1
2371,0
12585,1
6547,1
2539,0
4163,0
2644,0
29865,1
4616,0
11130,0
24067,0
6227,0
16759,1
3707,0
17522,0
12220,0
4904,0
28501,1
12656,1
7713,1
27616,0
9074,1
18128,0
15363,0
12928,1
5698,1
29498,1
11468,0
953,0
199,1
26630,0
7581,0
8529,0
26909,1
16757,0
15535,1
10568,1
5074,0
20898,0
8543,0
4961,0
27084,0
5800,0
6114,0
25432,0
13449,0
13059,0
7181,0
7301,0
23925,0
5467,0
11190,0
27192,1
27765,0
28705,0
12991,0
9678,1
10796,1
16799,0
4265,0
21768,1
28696,1
2817,0
19137,0
15352,0
24561,1
13882,0
21959,0
3610,0
8462,1
23384,0
19057,0
14670,0
29855,0
4881,1
21009,1
21769,0
17546,0
15751,0
22185,0
23338,0
15705,0
15568,0
5720,0
5485,1
25987,0
23901,0
5315,1
18727,0
17439,1
18524,0
25805,1
19566,0
3919,1
25128,0
23400,1
19436,0
15826,0
1126,0
23819,0
20135,0
657,1
9371,1
13911,0
1381,0
29784,1
11542,1
29288,0
25160,1
21274,1
27257,0
14427,0
8819,0
7906,1
5422,0
16977,0
1523,1
8744,0
27549,0
4465,0
5572,1
4101,1
9508,0
11797,0
13027,0
8926,1
13258,1
12629,0
3192,0
8670,0
23318,0
24469,0
29020,1
7067,0
12117,0
27330,0
15837,0
18097,1
10304,0
17557,0
17333,0
28035,0
6520,0
19698,0
19339,0
2514,0
16752,0
13523,1
20291,0
10505,0
19820,0
20505,0
4595,0
21948,0
5364,0
4868,1
3057,0
21535,0
17244,1
24456,1
3786,0
17300,0
29759,0
7695,1
29791,0
2761,0
24,0
15920,0
9581,0
20619,0
8534,0
17789,0
3494,0
15641,0
21775,0
23081,0
27203,1
18288,0
25445,1
15139,1
28730,0
8589,0
3369,1
24716,0
12691,0
27036,0
1850,0
3998,1
15331,0
29002,0
554,0
16341,1
19764,0
25540,0
11027,1
7659,0
27194,0
8946,0
27289,1
12223,0
28994,0
17716,0
17589,0
10726,0
8287,1
3221,0
29209,0
28982,0
11902,0
27585,0
26609,1
21214,1
16597,0
6775,0
4401,0
9600,0
14576,1
29954,0
8972,0
1331,0
10708,1
29059,1
22138,0
27504,0
11815,0
26183,0
17825,1
14019,0
22163,0
13984,1
11495,1
4524,0
7875,1
13759,0
8535,1
1268,1
26191,0
3399,0
22509,0
10161,1
23282,0
18452,1
16317,0
5160,0
20638,0
24838,0
23564,1
19435,0
7675,0
15821,0
24176,0
12125,0
994,1
4842,0
18074,0
23558,0
28573,1
15803,0
5500,0
2260,1
16507,1
14925,0
11279,0
998,1
8246,0
20430,0
28620,0
25919,0
17296,1
2992,1
18011,1
2565,0
4395,0
22213,0
15766,1
11405,0
27825,1
26510,1
24806,0
18180,0
24637,0
21245,0
18412,0
28634,0
18426,0
16719,1
6759,0
1660,0
28295,1
26034,1
23130,0
29744,1
17309,0
6095,1
8414,0
20128,0
22289,0
1672,0
26646,0
23231,0
19520,0
12630,1
646,1
3456,1
26580,0
6186,0
20646,1
9027,0
29843,0
23240,1
19078,1
19252,0
5193,0
23843,1
14090,1
12296,0
17806,0
4592,1
25200,0
20847,0
20134,1
676,1
11329,0
17880,0
2481,1
24033,0
16238,0
13912,0
20141,0
6912,1
1826,1
10093,1
1151,0
18825,0
8867,0
7336,0
6645,0
27158,0
24210,1
26447,0
14221,0
25664,0
1306,0
14361,0
24643,0
11649,0
13196,0
18492,0
22487,0
18335,0
6507,0
27939,0
13468,0
29709,0
28294,0
8832,0
1518,0
7965,0
25929,0
21590,0
20696,0
10537,0
25717,0
933,1
5403,0
6126,1
26060,1
25032,1
12863,1
16965,0
29309,1
23025,0
6267,0
18548,0
7238,0
21894,1
19660,1
8105,0
25395,0
10099,0
9895,1
18883,0
11964,1
29708,0
20992,0
21519,0
9294,1
25791,0
4671,1
6582,0
3304,0
4441,1
9923,0
21113,1
1067,1
17935,0
7925,1
6728,0
10493,0
13812,0
25890,0
18009,1
5618,0
4015,0
23850,0
10051,0
8977,1
17290,1
20819,0
11335,1
26341,0
18160,0
20937,1
14157,0
18783,0
3393,0
19556,0
12407,0
7998,0
12836,0
459,1
7679,0
5242,0
17722,1
25584,0
26153,0
672,1
16526,0
3652,0
27412,0
2677,0
28177,1
1803,0
1370,0
5902,0
19016,1
28471,0
10106,0
8025,0
20509,0
5827,0
27390,1
23077,0
17315,0
1916,0
11947,1
27477,0
26226,0
18968,0
20746,0
6875,0
28157,0
7144,0
27187,0
22496,0
5834,0
23167,0
20133,0
9026,0
16751,0
2964,0
14469,0
4011,0
3887,0
9107,0
22217,0
19535,0
19483,1
17216,0
13448,0
24550,0
29454,0
28527,0
11384,0
19062,0
10629,0
418,0
9798,0
19206,1
16860,1
20879,0
10680,0
12211,0
13782,0
28693,0
11929,0
24763,0
3926,1
11786,1
3997,1
14099,0
13707,0
16961,0
6293,0
28509,0
19120,0
25687,0
10699,1
10604,0
15550,0
22444,1
23051,0
8303,0
7427,0
25846,1
15441,0
21180,1
27447,1
12891,0
15660,1
3582,1
27423,0
11926,0
5748,1
5073,1
23680,0
26950,0
14978,0
19629,0
19929,0
15906,0
1629,0
22684,0
4038,0
15346,0
3110,0
12560,0
6956,0
16576,0
19223,0
4459,0
16247,1
17544,0
19082,0
25886,0
1104,1
20311,0
22570,1
14261,0
23220,0
4479,0
10799,0
10233,0
5362,0
22707,1
14956,0
5363,1
18031,0
10530,0
23675,0
11068,0
27593,1
20497,0
20474,0
21740,0
27756,0
11800,1
20277,0
506,0
1772,0
14038,0
17496,0
1311,0
4023,0
5531,1
7424,1
6135,1
16677,1
1433,0
3229,1
24736,0
9164,1
7669,0
3730,0
14707,0
2727,0
25895,0
26915,0
26437,0
4124,0
22565,0
17240,0
19681,1
29004,0
13479,0
13966,0
21974,0
28415,0
7187,0
6990,0
26332,0
78,1
29841,0
14845,0
3179,0
12576,0
27740,0
17015,1
8823,0
13964,1
3754,0
21711,0
3663,0
9071,1
1220,0
18543,0
9344,0
21290,1
13066,0
9844,0
5083,1
10272,0
28864,0
490,0
14522,0
25768,0
14292,0
16250,0
1098,0
12222,0
10484,0
23875,0
26172,0
25634,0
15451,0
15064,0
29163,0
15322,1
14387,0
9055,0
28370,0
23576,0
17897,1
19991,0
872,0
12874,0
8625,0
20438,0
20297,1
18584,0
12235,0
10494,0
20009,1
3699,0
10206,0
12450,0
9488,1
6303,0
11022,0
20047,0
8502,1
23289,1
1747,0
20600,0
28333,0
26312,0
15145,1
28289,0
26568,0
4649,1
2844,0
502,0
812,0
12242,1
14572,1
17481,0
12214,0
28722,0
20526,0
19426,0
5096,0
8875,0
594,0
27384,0
15277,0
5966,0
5671,0
10600,0
25379,0
26863,0
27703,0
392,0
23312,1
24535,0
100,0
12754,1
1092,0
28775,1
2403,0
22287,0
21712,0
21334,0
21525,0
17972,1
7114,1
4269,0
4652,0
18871,0
6077,0
15088,0
666,0
1661,1
27579,0
9557,0
5699,0
21296,1
4295,0
695,0
8006,0
10574,0
13709,1
5296,0
22895,0
12221,0
1123,0
5879,0
28505,0
16958,1
2189,0
1079,0
9490,0
8017,0
23737,1
13262,0
18139,0
17922,0
7045,0
28594,1
2298,0
25198,0
1421,0
3149,1
20934,1
11346,0
18276,0
14946,0
3122,0
5046,1
27136,0
7349,0
6328,1
3217,0
29524,1
13890,0
9757,0
25115,0
28999,0
23479,0
24159,0
1252,0
13682,0
17519,0
5294,0
8786,0
1488,1
14674,0
11851,0
1539,0
19292,0
27019,0
25772,0
28654,0
4586,1
579,0
3626,0
22053,0
14105,1
20783,0
27432,0
19446,0
8178,0
14112,0
23032,1
6927,0
24574,1
2586,0
19868,0
22737,0
12028,0
6424,0
21570,0
18384,0
19203,0
21877,0
5149,1
7363,1
12020,0
1106,0
27904,1
20725,1
9897,0
8561,1
5084,0
29149,0
27590,0
9298,0
185,1
6247,0
14122,0
9308,1
11715,0
15191,1
7661,1
3838,1
16487,0
18264,1
12335,0
22598,1
10315,0
28741,0
29465,0
4000,1
15907,0
29914,0
14204,0
364,0
7997,0
27217,1
15845,0
23627,0
8398,0
14784,1
12586,1
7741,0
24688,1
21204,0
14475,0
29716,0
2569,0
865,0
26931,0
22980,1
21385,0
8081,0
24911,0
27358,1
23117,1
4613,1
14961,0
19059,0
16158,0
2125,0
22499,0
25676,0
21718,0
16618,0
25957,0
5449,0
13968,0
25091,0
13748,0
23800,0
26965,0
26598,0
28291,1
1746,0
10287,0
24068,0
27678,0
14981,1
23067,1
22909,0
2138,1
13494,0
21582,1
28748,0
21526,0
21019,0
28308,0
5206,0
5390,1
12200,0
13816,1
2093,0
29496,0
20231,1
18249,0
15875,0
2344,0
463,0
400,0
7226,0
27224,0
19888,0
6231,0
28868,1
39,0
7342,0
12652,0
27281,0
23199,0
25972,1
10746,1
7340,0
22416,0
2978,0
17926,0
15884,1
27404,1
16369,1
7914,0
139,0
26877,0
37,0
28371,0
38,1
7275,0
8909,1
16043,0
2518,0
13775,1
1319,0
5652,0
21378,0
25193,1
12496,1
5049,0
6465,0
23980,1
8443,0
27009,1
20803,0
26655,0
5216,1
24290,0
25799,0
12925,0
28066,0
2117,0
14778,0
26212,1
15489,0
15324,0
11724,0
22711,0
25279,0
13687,0
28439,0
6902,0
14297,0
17846,1
16298,0
14087,0
19022,1
11664,1
26195,1
28609,0
2932,0
4662,0
24899,0
11472,0
11699,1
18846,0
22837,0
14113,0
237,0
5904,0
18849,1
22830,0
10273,0
6702,0
18797,0
7646,0
3999,0
23185,1
5410,0
7056,0
13000,0
24724,0
27569,1
16952,0
12384,1
10459,0
14401,1
25131,1
861,0
3307,0
19856,1
16547,1
3176,0
6554,0
11955,1
9850,1
25722,0
21566,0
7321,0
4902,0
18651,0
16528,0
12099,0
16357,0
15801,1
23239,0
23188,0
12900,0
9296,0
18023,0
11482,0
3472,0
25127,0
6796,1
11044,0
3773,0
25979,0
613,0
10913,1
375,0
18536,0
173,1
26465,0
29246,0
19324,0
7079,0
14241,0
26790,0
7410,0
8838,0
3448,0
903,0
9718,0
23542,1
3112,0
17326,0
16567,0
8729,0
4734,0
16382,0
29812,0
28886,0
15221,0
17103,0
17289,0
8427,0
28215,1
20935,0
28796,0
7694,0
29834,0
7879,0
25832,0
4289,0
9052,0
29752,1
9702,0
18304,1
21122,0
19392,0
24018,1
15764,0
12475,0
23792,0
14740,0
11679,0
24481,0
5076,1
24595,1
2735,0
4084,0
21766,0
12583,0
2895,0
10337,0
29410,0
20156,0
19490,0
27969,0
18324,0
5846,0
25513,0
11888,0
23017,0
16393,1
10871,0
28010,0
2263,0
24635,0
24289,0
13769,0
363,1
1255,0
9102,0
28490,0
19603,0
29779,0
19516,0
3292,0
23190,0
12109,0
8841,0
23696,0
2868,0
21940,0
3566,0
26022,0
29893,0
19051,0
744,0
14926,0
28384,0
3320,0
21301,0
24006,0
22206,0
8963,0
11038,0
7234,1
16182,0
12744,0
9849,1
2524,0
15743,0
9924,0
5758,0
17784,1
19823,0
9199,0
15211,0
3795,0
16900,0
17261,1
27809,0
14547,0
14207,0
8820,0
9804,0
1553,0
16427,1
12952,0
5347,1
6200,0
23631,0
23368,0
12340,0
7116,0
11702,0
4197,0
776,0
9597,0
9594,0
6380,0
24983,0
19287,0
489,0
6485,1
16447,1
13284,0
22028,1
4462,0
10698,0
22323,0
2508,1
10455,0
3697,1
11594,1
22087,0
21604,0
257,0
14793,0
25499,0
9578,1
21428,0
8710,1
12134,0
271,0
24209,0
12147,0
15101,0
12471,0
21233,0
15495,0
8058,0
26269,0
13809,0
904,0
28794,0
9319,0
2553,0
17537,1
1854,0
22113,0
19711,1
19119,0
25741,0
27695,1
9510,0
27075,0
11890,0
20043,1
22085,0
18398,0
14065,0
17886,0
14634,0
7934,1
27784,0
17577,0
15049,1
22427,0
14364,1
22419,0
9433,1
4863,0
4088,1
23615,1
18096,1
7253,1
22141,0
25044,0
14817,0
12048,0
21584,1
135,0
14002,0
22336,0
5446,0
5302,1
27014,1
4677,1
7607,0
18939,0
20954,0
9289,1
2891,0
25114,1
29608,0
10526,0
22237,1
21208,0
414,0
13509,0
23160,0
4255,0
29809,1
28939,0
5885,0
19472,0
5020,0
20234,1
19343,0
8327,0
10666,0
13171,0
11777,0
3665,0
4081,0
5657,0
26418,1
11909,0
11421,0
2257,0
1359,0
3731,0
17443,0
18243,1
14068,0
11037,1
13467,0
26019,0
11937,0
16689,0
14213,0
7262,0
29005,0
10294,0
14029,0
10189,0
18685,0
16245,1
20174,1
4438,0
11293,0
20512,0
10911,0
21550,1
12344,0
21345,0
27411,0
17148,0
15046,1
8028,0
6140,0
1617,0
20320,1
16637,1
4372,0
21744,0
27570,0
17529,0
20622,1
13069,0
24076,0
17688,0
1167,0
6016,0
17040,1
458,0
21613,0
25955,0
18506,0
438,0
29391,0
28697,0
2503,0
8435,0
11043,0
5178,1
5138,0
22744,0
7307,0
22701,0
20161,0
24225,0
18628,0
9608,0
6641,1
12495,0
13163,0
9683,0
21987,0
3606,0
23756,0
10947,0
9958,1
20391,1
25509,0
12254,0
17965,0
13547,1
17583,0
6180,1
6291,0
14940,0
26894,1
28172,1
5959,0
3022,1
25313,0
27174,0
19322,0
22364,0
11719,0
17932,0
1745,0
23374,0
24437,0
9130,0
9089,1
15159,0
8644,0
13492,1
13071,0
28924,0
16575,0
4965,1
9536,0
20358,0
29329,0
8807,0
24994,0
18726,0
23060,0
7206,0
27269,0
19301,0
13401,0
14772,0
29231,0
23603,1
9000,1
12962,0
7466,0
21034,1
11567,0
15066,0
3810,1
28440,0
21324,1
21866,1
3980,0
27623,0
13868,0
737,0
26604,0
26905,1
18604,0
24312,1
16673,0
18316,1
13757,0
24383,1
11604,0
1752,0
11689,1
29071,0
25221,1
28028,1
28323,0
7146,0
4480,0
22209,0
27462,0
28869,0
5599,0
24336,0
20520,0
9607,1
12398,0
21953,1
6750,0
13581,0
29909,1
10202,0
27779,0
20710,0
17329,0
17141,1
1145,1
28790,0
15498,0
6666,0
9333,1
20832,0
3628,0
4978,0
3106,0
15979,0
11969,0
12570,0
5661,0
25102,0
9606,0
15306,0
9889,0
5431,0
19497,0
21626,0
26072,0
2378,0
4533,0
18820,0
1639,0
17114,0
21138,0
14607,0
19954,0
10105,1
9054,0
8611,0
13470,1
21788,0
25557,1
16257,0
7019,0
25023,0
3458,1
16407,0
13417,0
1494,0
14343,0
8552,0
19632,1
1912,0
24072,1
6765,0
1653,1
21674,0
4233,0
28738,0
23964,1
13655,1
14598,0
17090,0
1116,1
12711,1
11981,0
23833,0
16874,0
16010,0
9941,0
6690,0
20833,0
9831,0
20481,0
2160,0
3639,0
24792,0
1213,0
23565,0
14084,0
15829,0
14687,0
21037,0
27401,1
15583,1
27912,0
26039,0
10637,0
22332,0
16258,0
10120,0
6928,1
18601,1
28832,0
27235,0
5982,0
11314,0
1183,0
29900,1
11209,0
23718,0
26659,0
16261,0
3607,0
23428,0
15104,0
13641,0
7328,0
2588,1
6111,0
27043,1
1856,0
27736,0
23858,0
3327,0
27859,0
475,0
19677,1
1798,0
2186,1
7111,0
14612,0
4399,0
8894,0
10364,0
18468,1
10111,0
4201,0
18094,0
29533,0
11892,0
28831,0
19831,0
27340,0
19155,0
22999,1
598,0
6282,0
21939,1
10749,1
4578,1
4085,0
8834,0
22072,0
13571,0
26163,0
23712,1
4328,0
21607,0
27726,0
16765,0
46,1
6691,0
2386,0
1028,0
16483,1
13784,0
20554,0
15688,1
27303,1
710,0
28355,0
20220,0
10601,0
18292,0
2321,0
6,0
10808,1
105,0
13194,0
15576,0
6819,1
2852,0
3223,0
27816,0
23474,0
22524,1
5543,0
17164,0
8068,0
21494,0
10927,0
13807,0
18772,0
25041,1
17656,0
19290,0
1853,0
28566,0
27008,0
19729,0
5796,0
29257,1
3797,0
27942,1
27787,0
13794,1
600,0
1016,1
5419,0
25302,0
4758,0
22066,0
6489,0
24077,0
16463,1
91,0
10781,0
29199,0
9667,0
11784,0
21859,0
8387,0
22274,0
20253,0
5690,1
8787,0
21752,0
9588,0
23408,0
7608,0
18026,0
27332,0
13160,0
29067,0
18579,0
23139,0
6246,0
13777,1
7771,1
1804,1
11123,0
27874,0
7625,0
3823,1
19920,1
22659,0
23209,0
23735,0
14324,1
14619,1
17249,0
10725,1
5090,0
21667,0
26991,0
17194,1
18065,0
8339,1
3923,0
1988,1
21501,0
16154,0
7739,0
18864,0
10762,0
12907,0
13750,0
25843,0
19192,1
25218,0
5150,0
25203,0
20549,1
19105,0
2506,1
15174,0
27696,0
22182,1
12731,0
9803,0
16100,0
16577,0
18863,1
5222,0
5328,0
29034,0
17153,0
23701,0
3627,0
21565,0
4497,0
20068,0
24234,0
9403,0
16985,0
13538,0
22847,0
27892,0
18522,0
5883,0
24052,0
5608,1
7810,0
23213,0
23926,0
12687,0
23744,0
2190,0
15375,0
10643,0
7915,1
23677,0
2065,0
16839,0
22638,0
23147,0
20795,1
2104,1
13734,0
16500,1
19734,1
11011,0
12250,0
24260,0
5383,0
16864,0
6894,0
25325,0
25946,0
11397,0
19469,0
357,0
28147,0
27185,0
9854,0
11985,0
1800,1
29395,0
27851,0
3989,1
11903,0
7641,0
23829,0
17707,0
20010,0
14386,0
19131,1
9992,1
16816,0
276,1
15194,0
3749,1
20873,0
13127,0
1155,0
2741,0
29680,0
12913,0
25061,0
24120,0
20804,0
633,0
8901,0
3250,0
29839,0
18320,0
22569,0
8023,0
21355,0
28241,0
16159,0
4316,0
21461,0
4500,1
4241,0
23540,0
28437,0
18552,0
4647,0
2048,0
25327,0
9966,1
8748,0
26670,0
16112,1
27251,1
27911,0
26583,0
14115,0
3170,1
7455,0
29192,0
29057,0
21446,1
3618,1
7755,1
26685,0
16927,0
3594,0
13007,0
24491,0
3766,0
10407,0
26951,0
13621,0
719,0
29043,0
18773,0
24421,0
29783,0
13055,0
22475,0
11579,0
7214,0
26205,0
17791,0
16088,1
20565,0
9291,0
2358,0
21511,0
4522,0
12239,0
24676,0
12316,0
14220,0
17728,1
17882,0
4853,1
23638,0
28279,0
29571,0
29013,0
22110,0
14936,1
1493,0
23410,0
15991,0
5289,0
8460,1
27847,0
1679,0
10224,0
18665,0
23972,0
27302,0
5769,0
15392,1
10330,1
4663,0
13405,1
555,0
4314,0
9099,1
20679,0
48,0
28860,0
2836,0
1012,0
24847,0
27293,0
16370,1
12368,1
14187,1
23350,0
18835,0
19768,1
21215,0
10392,1
15478,1
29364,0
22015,0
13201,1
19914,1
15035,0
28898,1
7916,1
17310,1
4286,0
980,0
3540,0
22034,0
17909,0
24521,0
29015,0
17236,1
14287,0
26095,0
19412,0
10512,0
26836,0
20071,0
644,0
3477,0
7346,0
11652,0
29859,0
11990,0
19515,0
10861,0
14667,0
14767,0
20868,0
1816,0
20867,1
16033,0
18975,0
26663,0
27327,1
17397,0
6202,0
15757,0
24257,0
13608,0
22991,0
5847,0
28043,0
14378,0
16379,1
11723,0
28874,0
28585,0
21846,1
1545,1
27797,0
24443,1
10798,0
24505,1
14033,0
3621,0
16882,1
7096,0
20074,0
3857,0
15472,0
25187,0
11598,0
21746,0
27832,0
11705,0
27272,1
1414,0
950,1
26207,1
19537,1
23229,0
19593,0
24596,0
15642,0
18977,0
21386,0
16078,0
5199,0
1770,0
26023,0
7898,0
11644,0
25014,0
25293,0
16534,1
15013,0
15380,0
28350,0
24450,0
23029,1
2086,0
11580,0
10882,0
12034,0
5549,0
6741,0
28949,0
24424,0
5375,0
12380,0
23429,0
28181,0
25760,0
3062,0
26240,0
17908,1
6569,0
26108,0
18000,0
297,0
28532,0
10638,1
22914,0
5914,0
20788,1
8444,0
22591,0
11194,0
21533,1
22232,0
20192,0
29225,1
10149,1
29625,0
12057,0
12386,0
4019,0
23353,1
17395,0
5613,0
7259,0
24678,0
28486,1
11024,1
8142,1
16353,0
25657,0
6419,0
19346,1
7627,0
6965,0
23222,0
19136,0
24245,1
13287,0
8653,0
21298,0
2077,0
19659,0
26523,0
829,0
27284,0
20543,0
14507,0
14728,0
10368,0
22908,0
16603,0
24575,0
10415,0
26949,1
18153,0
22600,1
18671,0
19798,1
25964,0
27914,0
13090,0
21216,0
11965,0
19631,0
12167,1
24066,0
25006,0
24422,0
12060,1
26793,1
6349,0
21612,0
11151,0
296,0
3034,0
19163,0
23112,0
22109,0
895,0
7332,1
7308,0
1562,0
11436,0
21610,0
8084,1
5975,0
10605,0
26225,0
25923,0
1642,1
16345,0
2183,0
18728,0
20199,0
16227,0
2272,0
23786,0
12024,0
12830,0
12885,0
1735,0
70,0
27508,0
4149,0
20811,1
12609,0
14641,0
16582,1
2623,0
14004,0
18146,0
4607,0
8960,1
17030,1
16891,0
23316,0
2188,0
10475,1
5680,1
21827,1
12453,0
29699,0
19114,0
6799,0
18955,0
10970,1
7433,0
114,0
23443,1
27848,1
18344,0
23789,0
12448,0
24797,0
24308,1
25870,0
371,0
15613,1
5915,1
24902,0
28564,0
7472,0
2866,0
10853,0
1685,0
5621,0
10015,0
27309,0
4063,1
24773,0
4212,0
25360,0
16835,1
28240,1
976,1
14429,0
7392,1
6613,0
29886,1
4790,0
22808,0
4906,0
8995,0
26317,0
12052,0
12598,0
21012,0
27344,0
10874,0
21783,0
1279,0
5064,0
19474,1
17565,0
21498,0
13408,0
14720,0
27430,0
10085,1
22379,0
14893,0
22351,0
5991,0
19770,0
20501,1
21618,0
2282,0
1571,0
12001,0
22361,0
353,0
12566,1
12507,0
3748,0
5381,1
5069,1
22532,0
544,0
24745,1
16942,0
3427,0
23642,1
10125,0
5157,0
8815,1
14581,0
26486,0
27162,0
12697,0
21929,0
21909,0
11340,0
8344,0
20357,0
25800,0
3683,0
28913,0
8267,0
13410,0
18259,0
24124,0
9846,0
27968,0
4004,0
24360,1
19065,0
29441,0
13395,0
29120,1
14064,1
7708,0
16347,0
21991,1
23217,0
9106,0
10190,0
1112,0
2146,0
14461,1
14316,0
10470,0
10361,0
17902,1
7504,0
15215,0
21506,1
7141,0
14524,0
3913,0
17995,1
10741,1
28212,1
10359,0
19873,0
2811,0
27869,0
130,0
27601,1
13487,0
26519,0
18769,0
15590,0
26643,0
27027,0
8612,0
5726,0
4621,0
14751,1
21016,0
26750,0
22859,0
4850,1
11184,0
17600,0
22812,0
12676,0
15447,0
11369,0
3042,1
12838,0
27243,0
17385,0
26283,1
23372,0
4069,0
24465,1
11513,0
9467,0
28546,0
2828,0
1750,0
4619,0
14114,0
13714,0
9567,0
19450,0
9206,0
13541,0
28342,1
19263,0
18760,1
16508,0
19036,1
3452,0
20102,0
19674,0
17581,0
27282,0
3728,0
3906,1
25210,0
20368,0
20289,1
15836,0
24292,0
25697,1
8949,0
9812,0
23246,0
21222,0
27862,0
9649,0
133,0
29777,0
2278,0
26567,0
16873,0
27698,0
958,0
17764,0
4388,0
21093,0
26026,0
27517,1
26675,1
8449,1
5119,1
18208,1
29191,0
21916,0
25490,1
1400,0
7354,0
20729,0
4882,1
1767,0
28836,0
20013,0
21821,0
11084,0
19813,0
9550,1
22817,0
13463,0
12260,0
18990,0
9673,0
19422,0
11242,0
10849,0
19524,0
29586,1
10765,0
28760,0
2286,0
17738,0
19236,1
28640,1
25879,0
7874,0
17278,1
8671,0
13760,0
6818,0
2197,0
5209,0
25653,0
2527,0
25901,0
3226,0
16408,0
8868,0
16056,0
29827,0
19361,0
27582,0
13657,0
7638,0
29240,0
24135,0
5815,1
2392,0
24330,0
21509,0
20260,0
16936,0
27007,0
495,0
27083,0
20211,0
22390,0
18958,0
16743,1
4626,1
6416,0
23717,0
22578,0
7033,0
24284,0
18457,0
13936,0
24928,0
14792,0
8568,1
8381,0
21840,0
27684,0
20055,0
22313,0
12640,0
6446,1
25387,0
10181,0
9843,0
5124,0
19031,0
5017,0
5499,1
15677,1
3959,0
27013,0
13308,0
7844,0
28250,0
12342,0
25139,0
4809,1
4560,0
26008,0
995,0
12824,1
28668,0
15265,1
17336,1
7838,0
21773,0
29475,0
15623,0
17835,0
25794,1
15817,0
14239,1
18399,0
9671,0
8822,0
1296,0
21264,0
13785,0
16887,0
15679,1
19964,0
13015,1
187,1
21164,0
15645,0
22761,0
10124,0
7175,0
8389,0
8657,0
4064,0
7637,0
7762,0
15602,0
1305,0
11499,0
13115,0
6423,1
18311,0
22436,0
15379,0
21094,0
10405,0
14447,0
24882,0
5664,0
14875,1
3518,0
16295,1
2756,0
1426,0
1398,0
15841,1
27457,0
5473,0
9137,0
10965,0
12743,1
6810,0
13568,0
26850,0
9618,0
14601,0
921,0
19334,0
17721,0
18362,1
18210,0
17197,0
22520,0
19554,1
27059,1
22045,1
15793,0
29477,0
22065,0
2720,0
5574,1
26652,0
16169,1
21450,0
20924,0
24704,1
10332,0
27697,0
8717,0
24892,0
24115,0
28321,0
10467,0
20870,0
18866,0
12733,0
12279,0
11259,1
21573,0
5466,0
4210,0
18908,0
24653,0
3207,0
19517,1
17298,1
13367,0
15775,0
11860,0
27512,0
25235,1
12794,0
4580,1
18979,0
17366,0
4974,0
16039,0
16166,0
9031,0
7725,0
28351,0
6614,0
17013,1
16235,1
25048,0
29852,0
15537,0
26431,0
14611,0
29904,0
3800,0
20088,0
18645,0
16066,1
18889,0
19961,0
10640,0
5731,0
9280,1
27033,0
20766,0
23960,0
20785,1
12538,0
20058,0
4859,0
8396,0
20691,0
6054,0
11867,0
19403,0
28292,0
21889,0
8041,0
25739,0
23177,0
2000,0
12969,0
29858,0
22785,1
23347,0
10395,1
21004,0
28095,0
27067,0
28136,0
16792,0
23502,0
25769,0
13288,0
16933,0
20203,1
23001,0
1922,1
21798,0
18193,0
14835,0
10314,0
25992,0
7073,0
6146,0
14478,0
12157,0
22517,1
339,0
19069,1
17213,0
23666,0
28341,0
8616,0
4518,0
8189,0
12139,0
2487,1
11791,0
25427,0
13073,0
26352,1
8989,0
5938,0
6029,0
25857,0
429,0
23362,0
29369,0
21013,0
12564,0
23881,0
27099,0
28777,0
11164,1
21890,0
9657,0
25651,0
18530,0
8515,0
5646,0
26570,0
11936,0
6791,0
11498,0
20285,0
14779,0
1517,1
8592,1
2074,0
19971,1
29242,0
27887,0
25353,0
7818,0
7490,0
27488,0
1362,1
25527,0
25693,0
17757,0
28162,0
23018,0
25537,0
2882,0
16788,0
16715,1
26536,0
5750,0
1992,0
22071,1
1973,0
28032,1
1451,1
12611,0
28347,0
29767,0
792,0
20531,0
302,0
19909,1
20904,1
18788,0
2059,0
6120,0
14124,1
1974,1
3888,0
162,0
17857,0
1799,0
12677,0
386,0
8498,0
12389,0
26196,0
16175,0
9937,0
19204,0
11854,0
25431,1
1858,0
26154,0
3991,1
14583,0
7284,0
26507,0
8390,0
29842,0
21417,1
7551,0
13052,0
8881,0
8721,1
10593,1
5024,0
3715,0
13257,0
25529,0
25059,0
1643,0
16102,0
1881,1
27876,0
21104,0
16164,0
27163,0
16092,1
21092,1
12759,0
26689,0
15365,0
11634,1
6871,1
24900,0
14046,0
7747,1
23146,1
9750,0
25277,0
21778,0
3613,0
17069,0
23590,0
10056,0
17367,0
27085,1
17468,0
26847,0
10892,0
1673,0
28953,0
2390,0
517,0
137,0
5453,1
13092,0
27999,1
16817,1
18666,0
16146,0
224,1
8191,0
22877,1
29727,1
17195,0
12299,0
17455,0
12992,1
3963,0
2807,0
24476,0
28091,0
26747,0
19492,0
9672,0
1273,0
23588,0
23597,1
29526,0
14539,0
16700,0
18001,0
1174,1
11911,0
103,1
4739,0
26696,0
11968,0
8728,0
25899,0
21257,1
2885,0
5941,0
24751,0
25190,0
10955,1
24371,0
22700,0
4029,0
29376,0
97,0
4129,1
27555,0
26125,1
13972,0
10288,0
21554,0
18570,0
3712,0
8687,0
14451,0
3946,0
5452,0
26540,0
23811,0
1561,0
5394,0
1720,0
9960,0
12383,0
28742,0
5689,0
22306,0
16513,0
24116,0
22738,0
1893,1
24517,0
7460,1
740,0
14013,0
20808,0
11727,0
27526,0
11562,0
22925,0
16114,0
13789,0
611,1
21445,1
7994,1
13221,0
8092,0
14872,0
8984,0
16197,1
2593,0
4076,1
2744,0
6662,1
21351,0
25309,0
23639,0
26753,1
13805,0
22030,0
5805,1
234,0
2014,1
15409,0
24929,0
7647,0
16456,0
9146,0
24585,0
8122,0
10645,0
17232,0
20316,0
19281,0
3295,0
12441,0
9616,0
6053,0
24665,1
16192,0
11089,0
16879,0
15697,0
6620,0
3388,0
20970,0
13321,1
18285,0
28814,0
23541,0
11320,0
4750,1
25424,0
23050,1
16329,0
3813,0
15859,0
15025,1
28433,0
11546,0
1556,0
25526,1
20473,0
17686,0
16925,1
7203,0
14330,1
11507,0
23990,1
17639,0
27979,0
1971,1
1717,1
28235,1
24608,0
29346,0
28523,0
16244,0
772,0
15311,1
12915,1
9246,1
19526,0
22653,0
11766,0
32,0
591,0
4957,0
9454,1
16815,0
1828,0
21580,0
22669,0
8567,1
24283,0
20312,0
17072,1
287,0
18520,0
5187,0
18278,1
21729,0
21333,0
13507,1
7692,0
18719,0
19320,0
3563,0
808,0
19872,0
25633,0
6553,1
242,0
22492,0
7892,1
7337,0
29365,0
19464,0
12224,0
19177,0
28007,0
12508,1
26017,0
21947,0
10030,0
22983,0
11534,0
10736,0
26102,0
6725,1
18643,0
26856,0
22275,0
22735,1
4924,0
9779,1
22472,0
4162,0
7350,0
23949,0
3954,0
22016,0
26553,0
22650,0
2428,1
26482,1
23152,0
19717,0
14578,0
14069,0
11763,0
29945,0
3386,0
17923,0
18614,0
11573,0
1423,0
4600,0
14044,0
10426,0
88,0
20169,0
5649,0
28802,0
29373,0
22531,1
7729,1
9604,0
10388,0
28057,0
29031,0
15065,0
25195,0
16552,0
17375,1
16138,0
8907,0
29306,0
13615,1
26984,0
29211,0
3160,0
29597,0
16699,1
24031,0
23999,1
16480,0
6958,1
25234,0
20887,0
10435,0
372,0
8082,0
25621,0
12337,1
13679,0
15060,0
24042,0
28986,0
465,1
23962,0
14730,0
3263,1
12492,0
18365,0
20902,1
21933,0
7495,0
5330,0
8168,0
10232,0
6116,1
8902,0
8609,0
22989,0
18404,0
5305,0
9051,0
29164,0
14646,0
23785,0
26887,0
14320,0
20451,0
29430,0
22286,1
22316,0
19195,0
23852,0
19226,0
11614,1
3602,0
4633,0
12590,1
2318,0
19393,0
7738,1
1760,0
26618,0
14311,0
12231,1
13142,0
28672,0
22058,0
17901,0
27312,0
7429,0
23874,1
25133,0
0,1
11827,0
14773,0
14508,0
29814,1
23073,1
29515,1
20154,1
7720,0
2071,0
29440,0
29144,1
29797,0
23465,0
23797,1
10119,0
4697,0
9971,0
8827,0
23669,0
11856,0
16277,1
25567,0
24139,0
19038,0
17269,1
15229,0
20672,1
11530,1
12842,0
23398,1
15121,0
18299,0
23469,0
17291,1
3447,0
5490,0
1848,0
19432,0
22156,1
23983,0
25417,0
19277,1
18402,0
107,0
24722,0
19949,0
20116,1
10401,1
11825,0
22656,0
19408,0
6964,1
3641,0
7084,0
14555,0
22478,0
22628,0
8053,0
16187,0
17400,1
19001,0
26978,0
2862,0
7172,0
19295,0
21803,0
12779,0
3322,0
8740,0
13022,1
13435,0
774,0
16766,0
5741,0
3914,0
20433,0
12934,0
1908,0
23257,0
11131,0
28042,0
19953,0
9498,0
22754,0
20825,1
27572,0
14453,0
11067,1
16506,0
5105,1
4768,0
9227,0
13141,0
12388,0
24980,0
25777,0
6421,0
21033,0
2695,0
28318,0
7523,1
11515,0
6434,0
21799,0
25736,0
7276,0
14266,0
12514,0
10713,0
26364,0
17831,1
10088,0
12517,0
1299,1
27463,0
18762,0
26973,0
4930,0
7224,1
20317,0
26578,0
10476,0
16223,1
17604,0
17642,0
7799,0
6128,0
7086,0
10154,0
16246,0
26967,0
23450,0
9598,1
1042,0
3884,0
27693,0
5386,1
26654,0
24633,1
1231,0
20689,0
3932,0
14336,1
5402,1
849,0
3147,0
28544,0
23720,0
22667,0
9711,0
16821,0
3299,0
21724,1
19476,0
25515,0
15428,0
9555,0
21434,0
14480,0
15461,1
25290,1
447,0
3788,0
10265,0
24944,1
18274,0
26998,0
17652,0
22179,0
11607,0
26138,0
5264,0
116,0
4628,1
23219,1
5900,0
19126,0
16862,0
5268,0
19941,0
17794,0
6623,0
25362,1
25641,0
21152,0
2837,0
28965,0
4717,0
1141,0
27785,1
20083,1
29168,0
16450,0
25544,0
10246,0
1632,0
19903,0
24255,0
16791,0
8446,1
29870,1
5384,1
26300,1
23932,1
20295,0
17741,0
3694,0
5555,1
22870,0
7981,0
17028,0
25241,0
28416,0
8228,0
13222,1
6817,0
11837,0
1017,1
18855,1
29152,1
14795,1
3269,1
16050,0
16778,0
9558,0
208,1
5859,0
24576,1
11212,0
25009,0
1910,1
16602,1
9381,0
23623,0
21946,0
4279,0
1002,0
1023,0
23589,0
18,0
15860,0
25618,0
8828,0
13534,0
19834,0
24418,0
23906,0
28255,1
5406,0
9887,0
8602,0
1513,1
25483,0
17962,0
5445,0
2647,0
6959,1
17330,0
8930,0
15347,0
16201,0
21902,0
28751,0
20351,1
20098,0
12808,0
14389,0
1712,1
4308,0
1389,0
2536,1
8434,0
16286,0
8709,0
24240,0
27949,0
25553,0
26845,1
5596,0
14473,0
17801,0
6233,0
14106,0
12685,0
15666,0
22555,0
11631,0
9484,0
23770,0
15911,0
22170,0
22370,0
18669,1
23249,0
23440,1
2824,1
9614,0
23547,0
8964,0
16079,1
3524,0
12325,0
2112,1
2755,1
10253,0
9307,1
3859,0
1708,0
21551,0
940,0
19056,1
7975,0
23727,1
27956,0
13001,0
5706,0
6040,0
410,1
16975,1
4136,0
4277,0
28945,0
26672,0
2833,0
3533,0
7757,0
28752,0
19688,0
15653,0
2525,0
18034,1
23325,0
6762,0
23752,0
752,1
9337,1
4057,0
3381,0
15176,0
7849,0
16315,0
10010,0
4448,0
25224,0
19326,0
15994,0
29507,1
9389,1
10975,0
29343,1
19359,0
22922,0
29506,0
28919,1
12608,1
8338,0
12005,0
24272,0
20806,1
2450,0
21045,0
14353,1
24582,0
10938,0
3397,0
17837,0
14360,0
25774,1
15455,0
2576,0
14245,0
9478,0
21323,0
22006,0
6876,0
7212,1
20673,0
10867,1
10143,1
28887,0
17826,0
1810,0
839,1
22822,1
1223,1
13355,0
16861,0
20114,0
22347,0
1763,0
23255,0
23201,0
2012,0
20247,0
5027,0
8910,0
27945,0
20692,1
16015,0
26612,0
15424,0
5517,0
21391,0
17779,0
14745,0
4746,0
22424,1
15004,0
20200,0
16872,1
7993,0
20891,0
12402,0
322,0
24016,0
22890,1
7598,0
13269,0
4990,1
3693,1
11619,0
12579,0
4987,0
2889,0
12511,1
20931,0
10553,0
22664,0
16509,1
6050,1
5320,0
12462,0
16302,0
23562,0
17963,0
9560,1
15218,0
25472,0
9021,0
12213,0
1261,1
7333,1
20738,0
16540,1
9141,1
2172,0
20920,0
661,1
3878,0
11971,0
13668,0
21527,0
14876,0
1041,1
9065,0
6685,0
11235,0
19184,0
24327,0
8572,1
2947,0
10581,0
19183,0
6878,0
13512,0
28123,0
22497,0
10469,1
10185,0
5505,0
1404,0
13226,1
12835,0
14459,0
24304,0
21486,0
1807,0
14116,0
8974,0
11455,1
20614,0
20432,0
24060,0
2910,0
26674,0
11120,0
4926,0
23612,0
3384,0
15997,0
25345,0
23863,1
1061,0
22463,0
18190,0
28964,0
8103,0
4272,1
19315,0
29083,1
29634,1
20824,0
2474,0
10572,0
3070,1
26018,0
29682,1
11355,0
22677,0
3896,0
24499,0
6608,0
15318,0
23650,0
21268,0
20269,0
3622,1
24473,0
659,0
21020,0
11277,1
3892,0
22215,0
14088,1
27038,0
22272,0
4992,0
3065,0
4130,0
19233,0
21725,0
6982,0
9416,0
11935,0
7281,0
1834,0
12668,0
21784,0
13360,0
26868,0
256,0
19523,0
16922,0
27170,1
22019,0
21658,0
29058,0
24668,0
20103,1
18502,1
9519,0
13934,0
6234,1
4696,0
13611,1
16802,1
15730,0
8879,0
19238,0
4409,0
9946,1
29449,0
28485,0
2961,1
8484,0
4338,0
12400,0
1285,0
15096,0
1783,0
26242,0
24805,1
1569,1
11080,0
18567,0
15877,0
16929,1
4194,0
20139,0
10618,0
26873,0
16916,0
26805,1
2464,1
29038,0
6604,0
14304,1
1478,1
25766,0
11066,0
516,0
20993,0
27738,0
17369,0
14639,0
5688,1
24346,0
15940,0
19465,0
23771,1
25455,0
23892,0
193,0
28525,0
8947,1
15591,0
4022,0
21415,0
25132,1
3816,0
26910,0
56,0
5932,0
13048,0
1648,0
25700,0
7078,1
26044,0
18245,0
25019,0
5332,0
20523,0
23525,0
8268,0
26780,0
1197,0
10674,0
2415,0
8175,1
18691,0
25054,0
15909,0
28972,0
5122,0
26424,1
10872,0
18119,0
25477,0
10123,0
21632,0
20578,0
26307,0
9902,0
4310,0
7896,1
767,0
25594,0
1307,0
16555,0
15266,0
16694,0
28554,0
4669,0
21536,0
4683,0
29247,0
15253,0
4747,0
10447,0
27123,0
14958,0
5010,0
2666,0
5183,0
24239,1
8138,0
29378,0
16405,0
16468,1
24689,0
13173,0
13914,1
4452,0
15051,1
29382,0
5301,0
10858,0
13691,0
16981,0
28840,0
5619,0
23813,0
7947,0
21642,0
6284,0
11675,0
6720,0
28904,0
12614,0
20262,0
698,0
28435,1
15445,1
13482,0
17658,0
19509,0
603,0
24543,0
12540,0
17500,0
14734,0
15619,0
26889,1
13623,0
6776,0
1177,0
22987,0
17912,0
1257,0
1304,0
2289,0
9161,1
28849,1
13469,1
9392,0
24696,0
4867,0
19134,0
25707,0
25790,0
2411,1
558,0
22278,0
3828,0
2714,0
5095,0
29188,0
9171,0
14775,0
7315,0
9320,0
20120,0
10299,0
4880,1
18130,0
28926,0
27115,0
27795,0
21858,0
14189,0
22240,0
492,0
26903,0
23577,0
12412,0
24515,0
22897,0
2134,0
4478,0
13638,0
22002,1
16492,0
19429,0
27554,1
3604,1
10894,0
27920,0
28995,1
1281,0
20649,0
16599,0
1875,0
4950,1
5708,1
4104,0
11085,0
23582,1
7686,0
8607,0
288,1
24610,0
16176,1
26765,0
23187,0
24026,0
26362,0
3549,1
1905,0
620,0
5533,0
1007,0
16586,1
18271,0
28161,0
13663,0
23606,0
24978,0
11697,1
3855,0
25018,0
14771,0
12044,0
21221,1
11251,1
19045,0
28823,0
14047,0
18557,0
13651,0
12410,0
23516,0
16647,0
7962,0
1278,0
7015,0
13441,0
12191,0
23591,0
16350,0
6828,0
23373,0
29379,0
13252,0
21109,0
7239,1
20044,0
6865,0
28723,0
25856,0
1393,0
9845,1
8966,1
12546,1
20626,0
20112,1
7569,0
24295,0
5237,0
20745,0
17696,0
283,0
1651,0
20110,1
29103,0
25945,0
13063,0
3426,0
8199,0
9687,0
28167,0
3513,0
12336,0
26960,0
8439,0
15433,0
15721,0
6477,0
7693,0
28629,0
12528,0
6884,0
20029,0
7614,0
9811,0
10925,0
13375,0
19814,0
20955,1
18862,0
18867,0
9851,1
278,0
12416,0
11214,0
29889,0
13309,0
17709,0
6825,1
23283,0
28447,0
3835,1
22905,0
11158,0
26134,0
29848,0
17701,1
5308,0
24130,0
6546,1
27476,0
5414,0
4773,0
25491,0
28574,1
10001,0
21601,0
6573,0
13940,1
29854,0
19159,0
1691,0
85,0
5159,1
3238,0
5809,0
22523,1
29442,0
4865,0
2310,0
29776,1
7732,0
8541,0
18967,0
15416,0
10920,0
22261,0
8675,0
10004,0
6524,1
6452,0
24252,0
26777,1
17842,0
21518,1
14495,0
26001,0
22784,0
24785,0
13753,0
8214,1
29758,0
14694,0
8944,0
24860,0
26495,0
16687,1
16099,0
10248,0
13853,1
20727,1
25136,1
10,0
24984,1
24589,0
24046,0
2808,0
8109,0
20661,1
14993,0
2199,1
29265,0
18177,0
28526,0
27388,0
1636,0
9411,0
26562,1
24732,1
27310,0
7087,1
26101,0
16217,0
29711,1
14662,1
16358,0
26888,1
16115,0
1199,0
22805,1
16485,0
588,0
11617,0
129,0
4110,0
29196,0
15044,0
29280,0
23734,0
4225,1
21793,1
649,0
8376,0
17260,0
26315,1
17131,0
17748,1
16211,1
16661,0
26629,0
14652,0
18994,0
20237,1
20306,0
7063,0
8302,1
25959,0
675,1
7161,0
10662,0
786,0
23327,0
17725,1
5578,0
19518,0
3818,1
13191,0
6586,0
16630,0
2063,1
4412,0
26834,0
18242,0
14369,1
384,0
27827,0
2147,1
15457,0
565,0
7133,1
24156,0
18209,0
28345,0
16739,0
22525,0
16136,1
18848,0
18936,0
28623,0
21686,0
1459,0
14783,0
16803,0
8533,0
26384,1
19602,0
24617,0
707,0
5367,0
29559,0
15389,1
2649,1
4327,0
13904,0
15674,0
25416,0
25585,0
3820,0
8666,0
884,1
10922,0
20037,0
4983,1
9874,1
13497,0
22158,0
21510,0
26704,1
28374,1
28145,0
22202,0
18641,1
14347,0
1586,0
9113,0
27909,1
556,0
153,0
4687,0
2061,0
14550,0
1903,0
28259,1
21481,0
11811,0
6617,1
8864,0
11672,0
1256,0
22918,0
1133,0
19148,0
13562,1
23034,0
24040,0
10008,0
10704,0
1814,0
6946,0
7105,0
20257,0
27191,1
20580,1
13017,1
365,0
27636,0
19783,0
20268,0
24010,0
20085,0
21980,0
2157,0
717,1
3208,0
26959,0
14404,0
22788,0
23037,0
7894,0
4091,0
19781,0
11781,0
12551,0
1040,0
5071,0
29148,1
3055,0
27095,0
1365,0
23651,0
4563,0
26155,0
27546,0
16212,1
10438,0
17208,0
20983,1
9388,0
19142,0
21279,0
13456,1
24399,0
19424,0
28739,0
1630,0
22563,0
15956,0
14706,0
18720,0
7519,0
20908,0
5906,0
20251,0
6518,0
10684,0
5643,1
15852,0
29472,0
7463,1
19202,0
3978,0
1073,0
20347,1
671,1
22180,0
13927,0
4331,0
21476,1
27181,0
23947,1
21606,0
10083,0
6356,0
20953,0
18336,1
20004,0
6173,1
28112,0
12672,0
10614,0
13900,0
26430,1
22258,0
13392,1
22426,0
28755,0
17987,1
6103,0
22717,0
5597,0
25382,0
8213,0
13214,0
15899,0
11528,0
23834,0
7632,0
13315,1
7053,0
19053,0
28649,0
14444,0
13272,0
12098,0
13168,0
24365,0
13755,0
5482,0
6841,1
11096,0
4984,0
29367,0
9481,0
8624,1
7761,0
18302,0
3021,0
11493,0
27283,0
15863,1
7513,0
18088,1
22825,0
19241,0
16920,1
14381,0
18785,0
10256,0
3317,1
2802,0
27578,0
930,0
16220,0
8159,0
13166,0
7305,0
16995,1
25962,0
24296,0
11247,0
4778,0
9916,0
10403,1
12262,0
5598,1
16209,0
26174,0
10092,1
6275,0
26533,0
11661,0
28276,0
23491,0
18940,0
25619,0
19371,0
27878,0
18528,0
10497,0
29377,0
19940,0
25965,0
28915,1
111,0
27842,0
14757,1
881,1
15015,0
28789,0
951,0
5337,0
11094,0
9629,0
28073,1
11880,0
6516,1
26079,0
26272,0
5830,0
22061,1
15095,0
6966,0
24992,1
28850,0
22409,0
27296,1
110,0
1405,1
27897,0
17445,0
27393,1
8373,0
14035,0
18183,0
4546,0
29040,0
29815,0
3895,0
20348,0
7366,0
9330,1
23665,0
7848,0
11765,0
19578,0
23448,1
6961,0
5309,0
25541,0
13606,0
9185,0
27881,0
7361,0
24780,0
12443,1
12189,1
21964,0
12281,0
20492,0
13787,0
10989,0
24089,0
18117,0
6426,1
14672,0
4512,0
21616,1
3407,0
13320,1
12966,0
827,0
11809,0
14210,0
27545,0
9261,0
20460,0
20000,0
6756,0
16276,1
15850,1
28791,0
25407,0
640,0
9297,0
12173,0
1434,0
2377,1
3372,0
21843,0
16296,0
11423,0
22357,0
11606,0
5783,1
1336,1
29714,1
15475,0
23611,0
11230,0
14681,1
7959,0
23978,1
20648,0
26826,0
18158,0
13474,0
21741,1
24053,0
6743,0
14269,0
4638,0
19608,0
24701,1
4916,0
2215,0
13958,1
19218,1
22942,0
9829,0
29918,0
29952,0
25747,0
19725,0
18474,0
28539,0
20197,1
8114,0
7095,0
13635,0
29025,0
8573,0
24065,0
28482,0
9661,1
4711,0
26230,0
22296,0
6031,1
9179,0
4249,0
2469,1
25291,0
9790,0
26471,0
7873,0
18740,0
3287,0
21331,0
17200,1
22389,1
23831,0
6147,1
20541,0
27957,0
15659,0
6346,0
28106,0
1287,0
24368,1
7782,0
2437,0
9105,0
18132,0
7097,0
3794,0
16199,0
13918,0
25652,0
24878,1
1822,0
22508,0
24228,0
29030,0
10356,0
14742,0
1018,0
12819,0
11330,0
26003,0
8990,0
28779,0
24507,1
29277,0
15848,0
1248,0
24285,0
20376,0
21684,0
14853,0
413,1
18845,0
22680,0
8306,0
10107,0
28301,0
14966,1
15785,0
25454,0
1214,0
29341,0
27682,1
17787,0
5665,0
6595,0
14075,1
11642,1
679,0
1769,1
9954,0
8318,0
3669,0
14496,0
26073,0
11383,0
23496,1
1515,0
27484,0
9496,0
26132,0
19525,0
19356,0
2120,0
4090,1
20590,0
21078,0
16495,1
7752,0
1356,0
23511,0
14100,0
29880,0
24843,1
10929,1
25674,0
15011,0
15513,0
12692,0
27830,1
21128,1
7502,0
17271,1
21458,0
12043,0
25265,0
19690,0
25367,0
27468,0
2956,0
20061,0
6486,0
29132,0
17994,0
24740,0
15735,0
28908,0
15007,0
6431,0
21556,0
14613,0
28019,0
19993,1
29340,0
4198,0
25242,0
5241,0
23313,0
22869,0
23817,0
23527,0
26607,0
26678,0
29523,1
11377,0
22786,0
19488,0
22592,0
8012,0
26349,0
8911,1
26705,0
27998,0
18047,0
26885,0
22121,0
29200,0
8115,0
22459,0
26648,0
5089,0
16972,0
3780,0
3542,0
28118,0
4976,0
15608,0
12226,0
3391,0
22946,0
26528,0
4026,0
27708,0
17302,1
24947,1
11795,1
18125,1
21832,0
19049,0
9007,0
28809,1
9487,1
29443,0
17128,0
29771,1
24485,0
4945,0
21805,0
15981,0
27720,0
24799,0
27055,0
13439,0
17095,0
28918,0
17340,0
23657,0
22372,0
10014,0
8164,0
26038,0
2896,0
10703,1
28313,0
16953,0
13728,0
29741,1
24167,0
2699,0
11673,0
6387,0
9894,0
11415,0
27155,0
2587,0
28761,0
10002,1
16786,0
1435,1
26055,0
915,0
12531,0
8152,0
16800,1
18077,0
18470,0
3747,0
24039,0
16811,0
24112,0
28877,1
19839,1
9633,0
8648,1
20677,1
17201,0
16893,0
25021,1
24836,0
14452,0
6833,1
27778,0
18745,0
20596,0
25837,0
21472,0
8688,0
15059,0
143,0
23699,0
1655,0
17852,0
22631,0
10624,0
19478,0
27180,0
3345,1
23078,0
5428,0
20758,0
28487,0
7845,0
28249,0
17969,0
23041,1
5504,0
9990,0
2275,0
17081,0
748,1
11079,0
17824,0
3441,1
8814,1
8954,0
27880,0
27519,1
12826,0
25035,0
24851,1
3681,0
21431,1
13162,0
22311,0
7393,0
5092,0
4230,0
24222,0
24338,0
1489,1
13519,0
8492,0
16287,1
23100,0
27820,0
9042,0
17989,0
29600,0
4879,0
741,0
23987,0
9655,1
17258,0
405,0
20616,0
3831,1
17133,1
18012,0
29838,0
11956,1
16734,0
20876,0
14479,0
25709,0
5964,0
8362,1
5778,0
18969,1
810,0
5553,0
14398,1
17913,1
23486,1
18244,1
24486,0
11844,0
22606,0
28879,1
2165,0
10795,1
19620,0
11275,1
11174,0
11916,0
28265,0
18507,0
6935,0
4457,0
23299,0
17303,1
25376,0
26199,0
7004,0
6190,0
22380,0
25661,0
4485,0
12909,0
6900,0
11295,1
20826,0
8350,0
12198,1
28759,0
17409,0
29129,1
14827,1
3860,1
1739,0
6069,1
25364,0
29414,1
9302,0
13328,0
6864,0
4943,1
29182,1
2995,1
3296,0
10595,0
16105,0
8504,0
22239,0
12846,0
25046,0
10255,0
3865,1
10243,0
28417,0
28401,0
15464,0
9767,0
1134,0
5984,1
264,0
21110,0
29091,0
22955,0
22014,0
15577,0
6217,0
13131,1
23791,1
4,0
21348,0
26907,1
2927,0
8996,1
26865,0
1549,0
5820,0
1332,1
16666,0
5949,0
3380,0
5589,0
14331,0
18019,0
8078,0
19932,0
2315,0
17539,0
10346,1
8367,0
27046,1
1480,0
12890,1
28548,0
8093,0
8767,1
14935,0
4762,0
21346,0
23211,0
25966,0
8418,0
29084,0
15138,0
29217,1
10577,0
2064,0
29177,0
3095,0
8445,0
9746,0
9517,0
4682,0
1989,0
13462,1
29544,1
28353,0
14170,1
23149,0
2869,0
19419,1
6601,0
11525,0
14137,0
21329,0
27052,0
14372,0
15344,0
8714,0
11223,1
23311,0
28813,0
28617,0
11630,0
27868,0
23604,0
18896,0
4847,0
10837,0
5823,0
16697,0
24254,0
10687,0
6323,0
16754,0
19390,0
9048,1
10843,1
25996,0
21898,0
24703,0
8096,0
2941,1
15900,0
20521,0
23981,0
738,0
21174,0
847,1
17614,0
12784,0
20792,0
13827,0
5279,1
27054,0
26355,0
29104,0
10406,0
14858,1
11459,0
6289,1
4505,0
7622,1
29323,1
10077,0
12478,0
5925,1
12548,1
1833,0
4231,0
8413,1
12249,0
4423,0
20165,0
2779,1
27716,0
23847,0
17605,1
6621,0
12287,0
7126,1
16186,0
23594,0
795,0
17432,1
1097,0
2262,0
19331,0
722,0
16897,0
10165,0
604,0
25377,0
6787,0
27644,1
12980,0
24322,0
62,1
19792,0
16545,0
3760,0
23461,0
11393,0
2989,1
1117,0
14267,0
17936,0
27835,0
23230,0
23513,0
15639,0
451,1
14042,0
29278,1
9256,0
15904,1
29949,0
15939,0
21759,0
29483,1
29060,0
5214,0
71,1
22491,0
27250,0
6568,0
22654,0
27535,0
3460,0
18080,0
18731,0
2031,0
3491,0
17796,1
18263,0
14070,0
16795,1
14509,1
5052,0
6472,0
15738,0
12457,0
11601,0
1600,0
23173,0
11877,0
18982,0
17353,0
28495,0
27360,1
13232,0
23079,1
15941,0
14200,0
7138,0
9086,0
27807,0
1677,0
24657,1
28744,0
16903,0
16971,0
27446,0
21786,1
10774,0
8212,0
29546,1
6237,1
29204,1
25797,0
18813,0
18944,1
25282,0
7222,0
28923,0
6853,1
3,0
13756,1
5566,0
27209,0
9455,0
6509,0
9976,0
7910,0
29053,0
28124,0
1892,0
24955,0
6324,1
10830,0
9848,0
29765,0
24164,0
11608,1
26310,0
29042,1
28569,0
20639,1
25793,0
4688,1
373,0
11820,1
2719,0
28859,0
22353,0
23090,0
24875,0
1613,1
16412,0
15022,0
1944,1
13186,0
4845,0
3243,0
21258,0
13228,0
25579,0
13368,0
18369,1
27994,0
1326,0
29819,1
13817,0
21423,0
6359,0
3580,0
26262,0
23955,0
4721,0
11371,0
5651,0
9083,1
10757,0
1163,0
2466,0
11767,0
5940,0
25789,0
12745,0
875,0
25164,0
19785,1
11862,0
27952,0
29416,0
28993,1
8188,0
9101,1
16458,0
8112,1
16770,1
11250,0
11946,0
4307,0
27051,0
11898,0
28026,0
21919,1
11263,1
2606,1
28644,0
13850,0
19597,0
6163,1
20273,0
21373,0
22069,0
18781,0
14011,0
3141,0
21358,1
5605,0
3291,0
19955,0
12473,0
12413,0
24840,0
6527,0
4991,0
11187,0
27061,0
12110,0
27735,0
22077,0
9572,0
9476,0
12168,0
19992,0
15077,1
17206,1
1563,0
14063,1
2716,0
8085,1
21349,0
16208,0
25724,0
3996,0
3778,0
1859,0
24339,0
22972,0
10133,1
2860,1
11322,0
18580,0
25444,1
19765,0
6660,0
1320,0
12627,0
16041,0
10132,1
4258,1
25831,0
13576,0
25817,0
8706,0
4796,0
23005,0
11026,1
27798,0
29487,1
20301,1
12243,0
6034,0
27154,0
23333,1
7881,0
25426,0
10852,1
17536,0
21977,0
7731,1
3234,1
27118,0
11309,0
13883,0
1440,0
16983,0
2816,1
24341,0
10285,0
14161,0
15496,0
23705,0
28093,0
27255,0
3259,0
5322,0
17440,0
15400,0
23281,0
29092,0
28699,0
9922,0
15926,0
7484,0
528,0
28674,0
27988,0
19776,0
24248,0
9603,1
27044,0
12354,0
13726,0
27661,1
28912,0
16326,1
1849,1
14630,0
26198,0
29413,0
3517,0
4217,0
19963,0
9363,0
6694,0
8014,1
4532,0
21469,0
7329,0
25463,0
1968,1
22933,0
5868,1
28429,1
1150,0
28720,0
7039,0
18640,0
19795,0
1877,0
12120,0
21983,0
28387,0
28432,0
3601,0
19898,0
14313,0
28642,0
660,0
26743,0
23484,0
15961,1
14358,1
9441,0
14698,1
11155,0
17513,0
22642,0
19787,0
15169,0
89,0
28955,0
18354,0
10672,0
19829,1
13169,1
9781,1
21849,0
11772,1
19349,0
18521,0
2599,1
2923,0
5311,0
12628,0
9865,0
22947,1
17035,1
9875,0
12647,0
27179,0
25686,0
15202,0
4073,0
27291,0
22127,0
6378,0
4840,0
2457,0
19430,0
21178,0
16002,0
13136,1
3341,0
27266,0
13078,0
7316,0
21515,1
28376,0
15778,0
10365,0
471,0
22861,1
4951,0
23454,0
6687,0
15706,1
6122,0
13554,0
8073,0
27963,0
8334,1
4516,1
28022,0
28824,0
22589,0
18215,0
14312,0
18261,0
5579,0
15971,1
3359,0
21186,0
1456,0
25243,0
542,1
22993,0
7683,1
10805,0
26809,0
27184,1
29054,0
28980,0
14748,0
20194,0
9859,1
14769,1
1623,0
15336,0
16871,0
29678,0
9871,0
5735,0
7450,1
21985,0
28261,0
25064,0
291,1
19309,0
16449,1
14606,0
27638,1
20929,0
9262,0
23809,0
6297,0
3666,0
29118,1
27665,0
16877,1
22624,0
23780,0
15808,0
23304,0
4232,0
26229,0
18360,0
22671,0
8938,1
15131,1
18544,0
19313,0
6890,1
5034,0
4302,0
1020,0
11189,0
21060,0
2787,0
19766,1
26759,0
7667,1
21790,0
21659,0
28319,1
19513,0
10772,0
25951,0
27276,0
18342,0
18595,0
9460,0
27767,0
16569,0
12009,0
21096,0
3937,0
9952,0
26514,0
16984,0
17357,0
8190,0
29596,0
28575,0
10289,0
21545,0
25546,0
295,0
27495,0
6627,0
1945,1
14471,1
16160,0
22743,0
25685,0
26920,0
4183,0
15050,0
6063,0
23821,0
5273,0
21286,0
29165,0
20109,0
21125,1
26009,0
23497,0
9610,0
5926,0
26530,0
6391,0
27941,0
21353,0
15431,0
13415,1
3233,0
965,0
21760,1
19138,0
23794,0
25332,0
5844,1
19752,0
3473,0
24557,0
27336,0
17243,1
18110,0
10457,0
16283,0
25938,0
29111,0
8282,0
708,0
22227,1
23643,1
28096,0
10231,0
16926,0
12741,1
8915,0
27398,1
25365,1
7151,0
20973,1
24856,1
355,1
14250,1
22035,0
29527,0
21689,1
25251,0
13976,0
11440,0
29807,0
18415,0
28810,0
23402,0
24140,0
1640,0
10921,1
23214,0
29628,0
18718,1
12302,1
21907,0
13922,0
7292,0
16459,0
3515,0
17670,0
8730,1
20214,0
20889,0
22529,0
7621,0
14525,1
3337,0
24979,1
26719,0
24707,0
19825,0
18746,1
5107,0
9985,1
5546,0
10485,0
29632,0
25369,0
5607,0
10935,1
20052,1
16020,0
2296,1
15415,1
892,0
13648,0
8404,1
29511,0
25601,0
11735,0
6183,1
8562,0
6191,0
7899,0
14573,0
637,0
16091,0
7696,0
20267,0
26932,0
11466,1
21083,0
1043,0
14031,0
6593,0
5154,0
7756,0
4439,0
29846,1
16814,1
10394,0
13795,1
28973,0
8758,0
12626,0
3830,0
12164,1
9152,0
2566,0
22282,0
22041,0
5497,0
20488,1
18252,0
14833,1
10508,0
15913,0
22596,0
16300,0
26830,0
6312,1
26286,0
29660,0
10811,1
24206,1
10031,0
3576,1
26980,1
28984,0
11954,0
19918,0
14704,0
12355,1
8705,0
21029,0
11643,1
12366,0
4165,0
10910,0
12038,0
4520,0
21665,0
13778,0
18382,0
16655,1
23247,0
16348,0
25740,1
8919,1
29261,0
18662,0
16024,0
25792,1
1616,1
2749,0
10820,0
19927,0
1222,0
23555,0
4189,0
26151,0
23264,0
3503,0
258,0
10957,0
217,0
24828,0
9342,0
23537,0
29575,1
28186,0
2256,0
28711,0
19514,1
1940,0
24603,0
24411,0
12878,0
16478,1
11738,1
8385,0
16413,0
9689,0
9464,0
6316,0
11361,1
10053,0
10723,0
10682,0
25746,0
26686,1
26340,0
24644,0
27953,0
651,0
682,0
2127,1
24949,0
29648,1
24834,1
23637,0
19865,0
23709,0
23369,0
26651,0
2013,0
25252,0
27683,0
12591,0
3362,1
9,0
14318,0
29501,0
17337,0
4593,0
700,0
9436,0
27400,0
26234,0
13652,0
23132,0
29903,0
7263,0
7846,0
10309,1
9485,0
10992,0
15106,1
20066,0
16319,0
6071,0
5773,0
18347,0
14413,0
22720,1
15532,1
1264,0
11465,1
2082,0
4133,0
8809,1
16848,0
28197,0
20674,0
1873,0
2171,0
25082,0
25285,1
23053,1
19395,0
24629,0
6236,0
25459,0
16318,1
7043,1
14943,0
369,1
26053,0
7574,1
8569,0
24081,1
5454,0
28356,1
5654,0
9819,0
29943,0
5109,1
8952,1
21099,1
1683,0
23157,0
25803,0
21103,0
1003,1
18236,1
13533,1
23218,0
20063,0
27169,0
27200,0
17211,0
3770,0
8746,1
16504,0
16340,1
3578,0
2886,0
20115,0
2025,0
12634,0
21541,0
11988,1
4569,0
11019,1
1064,1
24506,0
11291,0
10660,0
18735,1
1099,0
11115,0
19216,0
18619,0
3401,1
21393,0
20377,0
26123,0
11578,1
4117,0
15383,1
19600,1
7700,0
26069,0
17545,0
21306,0
581,0
9143,0
23154,0
9126,0
27042,0
8132,0
8715,0
15572,0
8967,0
6901,1
15546,0
12818,0
28297,0
8321,1
25692,0
12411,0
25347,0
9181,1
15307,1
6831,0
29061,0
29645,1
12132,0
15388,0
28935,0
9559,0
28021,0
28515,0
22762,0
24777,0
29766,1
3328,0
5167,1
28114,0
3173,0
2829,0
24935,0
16708,1
27710,1
11318,0
29115,0
2538,0
24611,0
29715,0
18464,0
13343,0
486,0
12414,0
27776,0
4980,0
1131,0
4268,1
10751,0
29145,0
22134,0
5350,0
7100,0
28991,0
24744,0
16693,0
988,0
7503,0
1874,1
18472,0
19074,1
26370,0
26057,0
18960,0
14467,0
2281,0
9921,1
8295,0
25223,0
415,0
21575,0
20533,0
19217,0
21401,0
24014,0
8121,0
14636,0
10011,0
13247,0
26409,0
213,0
3247,0
12519,1
24808,0
16536,0
27865,0
21050,0
16962,1
25841,0
6178,1
12012,0
12158,0
22365,1
28503,1
26994,0
12177,0
18906,1
9043,0
29725,0
23182,0
15783,1
20033,0
3642,1
28607,1
26033,0
9622,1
11682,0
1713,0
11069,0
16438,0
26166,0
1958,0
4705,1
27072,0
5056,0
17308,0
3335,1
6625,1
26444,0
27114,1
14383,1
17161,1
23241,0
6681,0
17311,0
21972,0
24756,0
19530,0
25137,0
9564,0
3153,0
4292,0
20099,1
9724,0
23613,0
18107,0
14329,0
23795,0
26368,0
10443,0
11808,0
24215,0
12076,1
5936,0
17881,1
13264,0
16898,0
18501,0
6474,1
21363,0
20665,0
7567,0
21738,0
15946,0
16591,0
21421,1
24416,0
17168,0
22051,0
21603,0
19384,0
25103,0
13921,0
20687,0
11552,1
13046,0
26171,0
18877,1
19541,1
27861,0
22004,0
14197,0
13906,0
28581,0
6682,1
5077,0
1086,1
6795,1
19843,0
28466,0
12084,0
28500,0
21102,0
3659,0
25859,0
27852,0
14456,0
18385,0
3664,0
8048,0
1930,0
29764,0
14651,0
25552,1
20676,0
25215,0
27057,1
21142,0
24705,0
8584,0
26342,0
13953,0
12301,0
3875,0
2408,0
24326,0
22298,0
14689,0
11058,0
11590,0
25373,0
22322,0
28541,0
14230,0
7871,1
19027,0
29078,0
16854,0
11878,0
19187,0
9801,0
1851,0
24172,0
806,0
18924,0
5615,0
15988,1
9970,0
18635,0
1711,0
14127,0
17143,0
20528,0
24717,0
21917,1
7680,0
16592,0
15234,0
14281,0
758,0
1001,0
23629,0
7870,0
10280,1
29518,0
25666,0
1583,0
27315,0
1663,1
10260,0
29079,0
28154,0
14856,1
29738,1
29370,0
24024,0
24048,0
9643,0
28097,1
22415,0
27980,0
19636,0
2440,1
8290,1
7247,0
5378,0
12003,0
10555,0
14977,0
20324,0
11509,1
23288,0
20755,1
28606,0
23634,1
8981,1
14110,0
19310,0
26363,0
3709,0
21073,0
17464,1
27307,0
1153,0
25165,0
12420,0
19855,0
28514,0
1358,0
11127,0
27561,1
2575,0
1950,0
6594,0
21524,0
18558,0
7398,0
7698,0
6345,1
3899,0
26464,0
27972,0
14543,0
24807,0
22777,0
21908,0
3183,0
15747,0
10177,1
2395,0
6482,1
10974,0
427,1
25952,0
15714,1
29888,0
24379,0
28017,0
1380,0
16503,1
13684,0
22405,0
9120,0
28324,0
4598,0
26870,0
927,0
21278,0
17270,0
11744,1
14825,0
1219,0
16959,0
21183,0
5219,1
1793,0
1379,0
25184,0
15889,0
879,0
17284,0
29633,0
1548,1
16696,0
23262,0
1955,0
4087,0
7833,0
7722,0
15773,0
27786,0
11234,0
21412,0
11864,0
25592,0
15719,0
17775,0
25480,0
10214,0
1218,0
3457,0
3165,1
22291,0
23432,0
24161,0
19261,0
19366,0
23835,0
766,0
27003,1
26002,0
1397,0
10980,0
7580,0
21185,1
3428,0
7461,0
5696,0
9124,1
11469,0
10338,0
29553,0
1100,1
1409,0
8906,0
13461,0
29831,1
27213,0
5756,1
1719,1
24541,0
29153,0
26068,0
2601,1
10591,0
494,1
10928,0
20148,0
18830,0
3311,0
303,1
11568,0
11215,0
15411,0
5131,0
6379,0
9974,0
29574,0
20874,0
12291,0
27903,0
1529,0
11108,1
17781,0
24730,1
5059,0
9356,0
9822,1
24790,0
15137,1
20396,0
5998,0
26343,1
10880,0
29017,1
18270,0
15089,0
9443,1
2355,1
11831,0
20062,0
20459,0
17680,0
11419,0
11305,0
21059,0
24452,0
26820,1
6073,1
18021,0
6439,0
5804,0
26046,0
27119,0
5388,1
17138,0
11315,0
12345,1
15839,0
18126,0
1208,1
3416,0
14650,0
29654,1
8547,1
22644,0
4188,0
26130,0
24906,0
2782,0
27020,0
5471,0
6517,1
27371,0
20019,0
2129,1
12843,0
24307,1
26501,0
11544,0
10556,0
7790,0
26412,0
19512,1
9761,0
1373,0
11740,0
16606,0
10807,1
18169,0
9252,0
23802,1
14735,0
13527,0
2635,0
25497,0
26237,0
14078,0
2799,0
1868,1
13629,0
13891,0
12404,0
7626,0
3104,0
20625,0
28368,0
15163,1
10890,0
28089,1
25949,1
12553,0
22452,1
2348,1
7314,0
8386,1
7817,0
16334,1
9562,1
5106,0
20830,0
29250,0
2292,0
2163,0
21817,1
13830,1
9520,0
3414,0
8033,0
7769,1
14948,0
19719,0
23156,0
9522,0
2535,1
29381,0
25550,1
21579,0
11197,0
25355,1
14485,0
1967,0
24351,0
16615,1
3026,0
5710,0
522,1
20255,1
1786,1
6753,0
25782,0
15732,1
12939,1
16373,0
11948,0
11452,0
21956,0
11900,1
8937,0
19254,0
12559,0
9697,0
5958,0
23499,0
7589,0
108,0
11711,1
9972,0
29302,0
13018,0
14527,0
8065,0
13915,0
2068,0
29021,0
28158,1
24178,0
20573,0
1184,0
4267,0
18902,0
11843,1
14638,0
1805,0
3839,0
1633,0
24032,0
13954,1
275,0
4575,0
1964,1
12675,0
15958,1
5961,0
15256,0
22970,0
27534,0
26396,1
19706,0
6279,0
24211,0
5070,0
232,0
13885,0
22132,0
25907,0
1340,0
2057,0
21361,0
17058,1
22402,0
23820,0
17023,0
14390,0
28987,1
6048,1
12460,0
20760,0
1344,1
14454,0
4474,0
6065,0
17766,0
17937,1
22747,0
27387,0
11938,0
10784,0
26067,0
2326,0
19529,0
12613,0
422,0
2070,0
16044,0
3092,0
6913,1
3185,0
26334,0
18120,1
23889,1
6923,0
20933,0
13561,0
7940,1
25088,0
2402,1
7543,0
24246,0
17119,1
25135,0
26136,0
7182,0
17644,0
2027,1
11267,0
12996,0
10800,0
9265,1
4553,1
12419,0
16047,1
25561,0
25428,0
87,0
14306,0
19560,0
3417,0
10896,0
25217,0
27178,0
8878,0
6362,1
27188,1
7803,0
20644,0
8734,0
26314,0
14108,0
1847,1
25411,0
3824,0
10334,0
16068,0
7190,0
26109,0
29693,1
6313,0
21337,0
22678,0
525,0
7357,0
4466,0
29932,0
23423,0
11063,0
4351,0
1931,1
2303,0
8509,0
15474,0
19585,0
16639,1
3720,0
9780,0
16338,0
22652,0
25380,1
601,1
18948,0
2287,0
18029,0
10962,0
9810,0
4549,1
785,0
430,0
2242,1
14160,0
8570,0
1068,0
17674,1
21623,1
24316,0
16074,0
26987,0
27385,0
29729,0
29236,0
11076,1
29532,0
20364,1
19824,0
25276,1
389,1
27944,0
28169,0
27991,0
9343,0
26779,1
7178,1
13030,1
23335,1
20976,0
5194,0
23515,0
22249,0
24802,0
1522,0
830,0
8890,0
15220,0
24864,1
11006,0
29510,0
12823,0
8804,1
2314,0
23690,1
7498,1
26099,0
17237,0
19007,0
29437,0
16937,1
17930,0
778,1
3941,0
20693,0
583,0
2849,0
16650,1
7825,1
4062,1
1995,0
11307,1
20162,0
28960,0
13427,0
6596,0
5609,0
25202,0
27214,0
93,0
7990,0
13254,1
5481,0
6574,0
2841,0
12946,0
11623,0
25458,1
15240,0
20918,1
25523,0
29298,0
29694,0
27295,1
6001,0
19538,0
5521,0
7964,0
7765,0
21646,0
2026,0
9340,1
9442,0
23179,0
7995,0
8783,0
13209,0
16420,1
22688,1
25469,0
7823,0
8471,0
14891,0
24184,0
13861,0
18015,0
13790,0
2003,0
25507,0
15261,1
25076,0
26730,0
15053,1
17501,0
28535,0
7887,0
21523,0
27347,0
15268,0
24160,0
24558,1
11004,0
15158,0
24951,0
9354,0
10979,0
20188,0
7115,0
18283,1
6177,1
23844,0
2625,0
18014,0
26786,0
15881,0
9928,1
27376,0
18348,0
25450,1
24119,0
6308,0
28664,0
26928,0
20310,0
5793,0
22262,0
3843,0
8104,1
28885,0
29337,0
6772,0
14603,0
27105,0
29568,0
24242,0
2831,0
24361,0
20104,0
22054,0
15833,0
7893,1
328,0
19108,0
4005,1
22177,0
29928,0
27199,1
22465,0
15325,0
17641,0
1715,0
13811,1
28003,0
11163,1
17193,0
24667,0
25310,0
25521,1
24880,0
11310,0
10058,1
2613,0
1210,0
29466,0
9521,1
342,0
24520,1
7415,0
686,1
12879,1
20577,1
29285,0
9215,1
8876,0
19178,0
18505,1
11395,0
11694,1
18755,0
6859,0
11091,0
12468,0
11122,0
28636,1
4780,0
12066,0
8591,0
18122,1
11407,0
11337,0
3242,1
551,1
7492,0
7148,0
27588,0
11417,1
12329,0
19726,1
5045,0
1129,1
13105,0
15112,0
17540,0
10950,0
29444,1
12712,0
11339,0
9799,0
349,1
16946,0
3716,0
19479,0
6372,0
10216,0
12568,0
231,1
24742,0
12376,0
26785,0
19389,0
26665,1
9095,0
19097,0
23170,0
21539,0
5972,0
5477,0
9200,0
12202,0
9053,0
12463,0
7300,0
18964,0
4844,0
1645,1
10860,0
21438,1
22579,0
21368,0
2005,0
9243,0
16955,0
23490,0
7464,0
23434,1
9818,0
8708,0
19840,0
975,0
9406,0
13587,0
28331,0
3938,0
26972,0
6459,0
24426,1
12610,0
23019,1
3220,0
15199,0
9545,0
15075,1
21546,0
7672,0
26925,0
7795,0
2628,1
2702,0
16451,1
4639,0
2790,0
16090,0
15076,0
2753,0
4177,0
15150,0
29684,1
13508,0
13599,0
29151,0
12056,0
19173,0
21864,0
17663,0
5067,0
23269,0
7227,0
3200,1
12855,0
26273,1
11264,0
23355,0
1575,0
3023,1
24981,0
29955,0
7453,0
11375,0
13458,0
29312,1
22080,0
15882,0
19224,0
9293,0
19604,0
10557,0
9157,0
21913,0
15349,0
6512,0
5924,0
13925,0
3073,0
26746,0
20118,0
15074,0
14617,0
22062,0
21408,0
28940,0
3162,0
12892,0
8200,0
27450,0
13044,0
18127,0
17860,0
19981,0
6716,0
24549,0
14549,0
6003,0
437,0
6755,0
11584,0
3557,0
27501,1
20020,0
22461,0
771,0
14439,0
13628,1
15547,0
25683,0
7819,0
11687,0
15010,0
10829,0
2795,0
6005,0
15628,0
14020,0
5479,0
4519,0
11592,0
8123,0
16865,1
16364,1
15184,1
2689,0
26090,0
12713,0
19385,0
25213,1
18525,0
19260,0
18489,0
15903,0
19912,0
17793,1
9596,0
19972,0
25306,0
29156,0
20182,0
25320,0
16293,1
16710,1
14718,1
346,0
12764,0
12500,0
19944,0
17814,0
28685,0
27490,0
17832,0
20422,1
12111,0
13895,0
9862,0
23011,0
8377,1
17961,0
22692,0
21262,1
28827,0
25578,0
19167,0
21884,0
21819,0
11441,0
20944,1
25453,0
19468,0
24169,1
18753,0
24877,1
25826,0
26658,0
18996,0
9495,0
16410,0
29147,1
8711,0
12791,0
11639,0
25326,1
12718,0
4735,0
17364,0
4605,0
15148,0
4332,0
8195,0
15284,0
11824,0
21420,0
19850,0
25256,1
15201,0
16476,0
11761,0
21756,1
11603,0
5717,0
21460,0
7617,0
6503,0
8245,0
22804,0
29754,0
17943,0
13843,1
16256,0
19527,0
25037,1
28476,0
22327,0
22266,1
2194,0
5112,0
18049,1
6182,0
12317,0
19463,0
21153,0
19812,0
29289,0
20664,0
25110,0
18927,0
11674,1
24776,0
11733,1
811,0
22171,0
6038,0
5339,0
13674,0
20969,0
27215,0
4940,0
25167,0
9222,1
23234,0
16780,0
6172,0
17140,1
7451,0
12072,0
9279,0
17458,0
12467,0
1105,0
15270,1
28878,0
29161,1
19879,1
7616,0
22595,0
20469,0
12739,0
21842,0
28246,1
21861,0
29128,0
29206,0
12077,1
472,0
16109,1
29649,0
19269,1
20170,0
21367,0
26635,0
25615,0
19314,1
29155,0
15005,0
19268,0
20761,0
6567,0
23557,0
8067,0
18811,0
5013,0
25751,0
22602,0
8774,0
4541,0
5864,0
4528,0
25784,0
6583,0
10320,0
6158,0
18875,0
8165,0
2222,0
14257,0
7139,1
6466,0
2954,0
2920,0
16870,0
13737,0
11233,0
1845,1
13290,0
15358,0
26093,0
16062,0
7862,0
23118,0
8586,0
2249,0
14541,0
10665,0
16796,0
18695,0
25711,0
17322,0
20355,0
23047,0
24614,1
12807,0
16108,0
28310,1
12899,0
14984,0
25034,0
3166,0
8265,0
3851,1
17900,0
14251,0
13894,1
1801,0
18289,0
8548,0
29877,0
17636,1
21636,0
19907,0
53,0
21512,1
14050,0
6786,0
3574,0
18046,0
16999,0
20394,0
5547,0
15519,0
10743,1
10700,1
24727,0
8343,0
7577,1
9774,0
22119,0
13031,0
9840,0
2513,0
20888,1
27686,0
24321,0
15633,0
3678,0
22448,1
13075,1
21710,0
3751,0
12346,0
6844,0
1700,0
17724,1
11192,0
19387,0
26966,0
20221,0
2775,1
1505,0
19723,1
8360,0
11274,0
2360,0
2336,0
25134,0
26952,0
15313,0
28182,0
13086,0
20947,0
26526,1
16124,0
5880,0
29311,0
27202,0
29358,1
25808,0
18449,0
19587,0
26638,0
28346,0
12574,0
3584,0
15855,1
15407,0
22149,0
4473,0
28588,0
1855,0
27595,0
11512,1
26477,1
11062,0
7620,0
23985,0
20256,0
18353,0
10771,0
12353,0
11134,0
27743,0
20472,0
26838,0
28673,0
29823,0
452,0
6168,0
24600,0
9422,1
16491,0
1052,0
10758,0
4898,1
13620,0
28844,0
10363,0
27770,0
27960,0
6179,1
2018,1
8826,0
14800,1
9766,0
4159,0
20592,0
25185,0
24356,0
3796,0
13887,1
9328,1
12108,0
11547,1
3756,1
23745,0
20776,0
23354,0
1693,0
20177,0
5604,0
6542,0
25940,0
5231,0
4182,1
21988,0
7987,1
13041,1
19009,0
24990,0
7290,0
28041,0
26794,0
11518,0
19341,0
1544,1
26248,0
417,0
14356,1
803,0
24607,1
19610,0
10676,0
14998,0
6712,0
5099,1
13612,0
24989,0
2636,0
26326,0
24825,0
11780,1
22662,0
8207,0
24817,0
29368,0
1740,1
17076,0
8464,1
20668,0
8839,0
15799,0
20235,1
21291,0
3054,0
6159,0
25438,1
27299,0
509,0
18834,0
12016,0
17150,0
7831,0
24832,0
25106,0
2139,0
13394,0
28932,1
11458,0
1829,0
14554,1
22252,0
13798,1
2095,1
15185,0
26671,0
14976,0
9535,0
3829,0
9479,0
24372,1
3596,0
2512,0
25240,1
14536,0
21189,0
15725,0
14045,0
7425,0
3144,0
15436,0
23512,1
563,0
26476,1
11502,0
27671,0
28204,0
2335,1
29131,1
28326,0
5909,0
4488,0
22479,0
17384,0
9813,0
15370,0
23973,0
16342,0
29185,0
10460,0
7917,1
24362,0
11113,0
12073,0
13689,0
19686,0
17262,0
6777,0
5962,0
11670,0
16193,0
15552,0
23049,0
14628,1
21489,1
15273,0
18201,0
11479,0
26676,1
11005,0
753,0
13475,0
9135,0
1030,0
20726,0
24964,0
25838,0
2327,0
9556,1
12041,0
29948,0
6096,0
6742,0
3827,0
945,0
5472,1
22190,0
12387,1
21235,0
28857,0
17368,0
5047,0
17602,0
17817,0
8795,1
17552,0
10669,0
5011,0
22661,0
8557,1
24830,0
794,0
12896,0
10158,1
6407,0
23702,0
28601,0
18546,0
18634,0
20680,0
14132,0
6370,1
8951,0
7895,0
8066,0
2364,1
20688,0
18373,0
3195,0
2909,0
15317,0
26164,0
9873,0
2330,1
18713,0
25554,0
18892,0
18581,0
16085,1
1391,0
3102,1
28191,1
28757,0
5850,1
29867,0
3579,1
21553,0
10044,0
5172,0
16853,0
22366,1
27606,0
20605,1
18882,0
29585,0
7362,0
13813,0
21035,0
11248,0
5442,1
15959,0
8000,0
3084,0
5225,0
21305,0
16260,0
6891,0
2748,1
3172,0
17158,0
28773,0
26031,0
14273,0
19889,1
21648,0
6684,0
17993,0
9674,0
26233,0
21986,1
11676,1
29399,0
8016,1
28568,0
1237,0
10748,0
2766,1
12841,0
26985,0
1738,1
21622,0
3415,0
6047,0
21631,0
21762,0
1592,0
8319,0
24782,0
15543,0
9359,0
16824,0
20328,0
3470,1
11100,0
14109,0
24247,1
12381,1
23127,0
28560,1
455,0
862,1
7272,0
28325,0
10542,1
3333,0
13385,0
663,0
16620,0
26040,0
25720,1
16989,1
27796,1
8912,0
26955,0
28175,1
6156,0
18334,0
14464,0
14141,0
17451,0
6287,0
4158,0
29542,1
7979,0
3844,0
12171,0
29760,1
22434,0
20356,1
1710,1
8482,0
15670,1
10266,0
2991,0
23191,0
12272,0
15612,0
21873,0
25759,0
8317,1
21097,0
26778,0
6318,0
7152,0
25977,0
13239,0
28005,0
15303,0
10685,0
21920,0
10209,0
8399,0
7032,0
29116,0
26613,0
3632,1
28647,0
16153,0
11443,0
3079,0
20434,0
6263,0
9395,0
17203,0
14093,0
14828,0
18192,0
25953,1
10721,0
16443,0
28402,0
21973,0
19596,0
28661,0
4856,0
13886,0
18637,0
21432,0
11984,0
9310,1
18368,1
2759,0
9311,0
19832,0
5085,0
21072,0
6804,0
2771,1
18185,1
22640,0
14538,0
787,0
5224,0
22031,0
2622,0
11726,0
3799,0
1622,0
23695,1
1149,0
8433,1
12197,0
22193,0
3148,0
9277,0
19908,1
4925,1
15147,0
12639,0
9360,0
20485,0
28963,1
3190,1
2962,0
20440,0
24348,1
19372,0
10549,0
9682,0
19411,0
15744,0
12253,0
23439,0
8738,0
15263,0
18485,0
19968,0
23057,0
7052,1
22966,0
28856,0
23061,0
14739,0
4402,0
6811,0
15629,0
20984,0
4376,1
28168,0
25468,0
13278,0
7836,0
12449,1
4237,0
3394,0
23026,0
28542,0
5931,0
3326,1
5212,0
6829,1
2397,0
10006,0
5663,1
7966,0
775,0
14722,0
19919,0
25630,0
2002,1
22637,0
20790,1
27976,0
1491,0
15509,0
29907,1
11114,0
17653,0
27242,1
14066,1
29082,1
11793,0
19900,0
24214,1
28269,0
15947,1
18033,0
28366,0
4740,1
28373,0
10612,0
20814,0
22994,0
29436,0
11129,0
21319,0
2713,0
5182,1
12425,0
13159,0
3140,0
21276,0
19182,0
27068,0
157,0
21694,0
20736,1
12103,0
29531,0
24221,0
24729,0
24154,0
14054,1
14163,1
14632,0
311,0
6394,0
2412,0
11070,0
23730,0
28576,0
1546,0
26508,0
20122,0
20223,0
17608,0
22898,0
25214,0
22792,0
26546,0
5854,0
11770,0
14811,1
9772,1
6266,0
15890,1
211,1
733,0
21166,0
17456,0
23013,0
5592,0
29896,0
24993,0
17805,0
1347,0
9748,0
6886,0
7867,0
3673,0
21544,0
28762,0
17762,1
15652,1
11582,1
2845,0
15892,0
11374,1
4521,0
23093,0
5041,0
1776,0
25564,1
9205,0
25303,0
835,1
23653,0
6683,1
1969,0
28360,0
11379,0
23883,1
17982,0
27965,0
15385,0
3245,0
9935,0
24236,0
9505,0
12437,1
18275,0
4642,0
24335,0
12426,0
16161,0
6106,0
14974,0
18397,0
27298,0
12039,0
3976,0
10623,0
27615,0
11708,1
28893,0
2308,0
29051,0
18716,0
15038,0
5828,0
24133,1
15508,0
2407,0
29316,0
11549,0
5595,1
25356,0
25065,0
28128,1
6015,1
15814,1
6105,1
15915,0
7021,1
3562,1
11048,1
26593,0
24435,0
13146,0
7473,0
16511,0
29201,1
27161,0
16910,1
20807,0
13965,0
29160,1
1374,0
18852,0
21115,1
5650,1
23519,0
23424,0
21032,0
5695,1
26582,0
6842,0
21625,0
4176,0
15902,1
11910,0
2730,1
4168,1
20708,0
24008,1
5393,0
13198,0
9653,0
25013,1
6532,0
18607,0
15507,1
8772,0
27127,0
567,0
5226,1
7134,0
21875,0
14846,0
6405,0
18891,0
23224,0
25937,1
13685,0
3464,0
18438,0
28067,1
14731,0
1947,0
8057,0
29218,1
26011,1
22515,0
10978,0
743,0
19461,0
25283,1
23965,0
13383,0
17182,0
1994,0
24444,1
7760,0
29746,0
21206,0
5218,0
26276,1
3072,1
9451,1
27653,0
12484,0
15916,0
13356,0
3530,0
10848,0
10993,0
21449,0
18061,1
20314,0
17498,0
10276,0
4570,0
24959,0
21055,1
13072,1
18235,0
5202,0
552,1
22609,0
15302,0
28881,0
23790,0
8846,0
11313,0
10114,1
24942,0
4223,1
19924,0
1074,0
957,1
2879,0
12936,0
19892,0
1160,0
789,0
14819,0
10060,0
20408,0
25915,0
2921,0
5495,0
10995,0
457,0
13867,1
14871,0
22360,0
23145,1
6943,0
6392,1
2901,1
8633,0
635,0
26833,1
15136,0
12908,0
4878,0
7946,0
11304,0
10176,0
2861,0
17687,0
6363,1
21207,0
22297,0
25012,0
18226,0
16288,0
454,0
29691,0
25322,0
5785,0
1080,0
5267,0
16517,0
22160,0
9469,1
22398,0
23804,0
8763,0
26610,0
4139,0
23984,0
28219,0
6248,1
13106,0
23228,0
24415,0
26947,0
28422,0
28393,0
2924,0
697,0
25801,0
27230,0
9913,0
20045,0
15563,0
20733,0
10562,0
27487,0
7719,1
3955,0
20881,0
21256,1
9148,0
25714,0
2307,0
15985,0
28092,0
19491,0
16141,0
24223,0
683,0
16632,1
25638,0
13799,0
3837,0
14117,0
18756,0
14869,0
5263,0
15289,0
5179,0
26768,0
7763,1
15693,0
23277,0
190,0
18312,0
5168,0
8209,0
25119,0
26241,0
19034,0
13108,0
17188,1
12232,1
28228,0
8962,0
27157,0
24023,0
17074,1
5232,0
28838,0
26979,0
7724,0
27232,0
2062,0
20615,0
2555,0
286,0
20027,0
24238,0
10531,0
21493,1
12165,0
18987,0
13857,0
4782,1
7804,0
1948,0
24181,0
15041,0
17821,0
20352,0
7768,0
2596,0
3698,0
18610,0
13371,0
11426,0
7419,0
20660,1
5148,1
10402,0
7900,0
19503,0
20012,0
29142,0
11803,0
77,0
6251,0
16202,0
5536,1
10519,0
11801,0
3819,0
15042,0
10036,1
23559,0
24201,0
11548,0
8813,0
13094,0
13246,0
1704,0
10543,0
10166,0
22196,1
17116,1
11853,0
21130,0
13098,1
19672,0
18647,0
2234,0
11169,0
11211,0
26435,1
10567,0
27037,0
23468,0
11093,0
24025,0
17528,1
1143,0
19456,0
1431,1
23520,0
5981,0
22876,0
10670,0
16741,1
29908,0
17655,0
25852,0
22264,0
21471,0
1880,0
8817,0
19715,0
7631,0
3525,0
721,1
6212,0
22973,0
23409,0
15275,0
12898,0
4161,1
26438,0
1756,0
12866,1
4368,0
19213,0
17144,0
11609,1
24985,1
5501,0
23436,0
17279,0
4040,0
23765,0
29252,0
19745,1
24787,1
3315,0
19175,1
17564,0
17111,0
15933,0
29919,0
8312,0
12369,0
10343,1
2568,0
3772,0
8518,0
28660,0
26855,0
22151,0
18375,0
23641,0
26047,0
22746,0
12828,1
21464,0
16019,0
4263,0
11915,0
5627,0
26304,0
8594,1
17727,0
5075,1
5550,0
16266,0
22413,1
24105,0
24890,1
23042,0
29197,0
17442,0
20151,0
27256,0
20243,0
29081,1
17957,0
21751,1
440,0
29828,1
1286,0
7619,0
9574,0
677,0
10262,0
25820,0
24597,0
8897,0
6296,0
14782,1
19030,0
1083,1
10411,1
3489,1
2520,0
900,0
16784,0
15168,0
5602,1
1865,0
5903,1
12665,0
27081,0
13569,1
5694,0
9773,0
28538,0
23839,0
14939,0
3508,1
10999,0
2271,0
14474,1
29125,0
7099,0
14371,0
21080,0
6344,0
7885,0
29383,0
16549,1
7303,1
27511,0
3634,0
17038,1
7951,0
7444,0
19878,0
3038,0
15789,0
3060,0
29589,1
26127,1
15794,0
5707,0
514,0
12967,0
25482,1
19960,0
2570,0
22503,1
14870,0
1428,1
11051,0
13893,0
28283,0
3482,1
6090,0
17974,0
18461,1
10901,0
29429,0
8969,0
21015,1
5558,0
10251,0
9384,0
21978,0
27023,0
20922,0
13422,1
14243,1
2123,1
20129,1
4939,0
7618,0
9723,0
11382,0
29822,0
19021,0
19697,0
21077,0
3912,0
16949,1
3270,0
924,0
15320,0
27208,0
15832,0
18376,0
1641,0
9426,0
24919,0
5136,0
20402,0
12573,0
23757,1
9527,1
4215,0
1836,0
9817,1
26718,0
3087,0
17438,1
21761,0
16312,1
12328,0
11370,0
5586,0
1288,1
12350,0
10193,0
20331,0
15094,0
1508,0
14642,0
17919,0
18154,0
14695,0
4319,1
6942,1
29463,0
26773,0
12751,0
6771,0
23686,0
16313,0
29576,1
1036,0
4645,0
6463,0
19586,0
26625,0
15113,0
10926,0
14766,0
1594,0
5060,0
15000,0
21513,0
25,0
9546,0
10944,0
24812,1
16388,1
11842,0
22920,0
5389,0
15314,0
15230,0
25642,0
15687,0
20155,0
2581,1
10217,0
7681,0
3977,0
11561,1
12893,1
8933,0
20959,1
17264,0
24649,0
1900,0
202,0
10987,1
18144,1
24397,0
23044,0
9357,0
14450,0
7582,0
6018,0
17294,1
3283,0
18092,0
3805,0
2662,0
23776,0
26862,0
11527,0
21792,1
9860,0
9868,0
17883,1
29385,1
6926,0
6277,0
7391,1
6420,0
11894,0
4491,1
15376,1
24739,0
12654,0
13350,0
16111,0
10096,1
6919,0
16668,0
18176,0
19576,0
20827,0
4576,0
4551,0
25731,0
13240,0
29591,0
4981,1
28561,1
14037,0
15099,0
1021,0
6374,0
7405,0
27622,0
9237,0
28270,0
25671,0
27273,1
23045,1
1144,1
26414,0
12064,0
3957,1
13969,0
6973,0
15856,0
18859,0
481,1
4186,1
3905,0
7961,0
24803,0
28656,0
22998,0
8364,1
25534,0
23101,0
15695,0
6500,0
9435,0
3853,0
7737,0
17486,0
6948,0
21407,1
21621,1
10812,0
6954,0
18518,0
27674,0
28829,0
3177,1
13856,1
17493,0
8642,0
15107,0
2739,0
14970,1
23263,0
13552,1
17694,0
5687,0
7125,0
24007,0
26867,0
4205,0
17933,0
853,0
2196,0
11105,0
16723,0
17190,1
2914,0
11258,0
6812,0
20005,0
6112,0
14633,0
21547,0
14448,1
5198,1
4035,1
2794,1
14899,0
4611,0
21592,0
16267,0
28166,0
25437,1
29826,0
779,0
503,1
1353,0
23927,0
1430,0
11141,0
26744,1
26339,0
5072,0
16628,1
23466,0
20547,0
27210,0
12825,0
14526,0
27221,0
16306,0
23204,0
25149,0
1889,1
22257,0
25357,0
26581,1
14959,0
4113,0
4539,0
18356,0
3677,0
20025,0
23205,1
25430,0
17156,0
10602,0
24103,0
16297,0
3675,0
24862,0
16029,0
28327,0
27413,0
10150,1
24868,0
589,0
19676,0
6004,1
22793,0
14813,1
5335,1
14743,0
5836,0
24634,0
4620,0
7721,1
1965,0
19977,0
6814,0
9114,0
2261,0
4370,0
4044,0
25573,0
3107,0
6849,1
26605,0
26961,0
19410,0
29239,0
21439,1
12556,0
4794,0
6377,0
21192,0
42,0
11442,0
24472,0
1599,1
16968,0
26956,0
21120,0
29317,0
21955,1
25932,0
22849,0
28774,0
18585,0
4143,1
3890,0
13650,0
26840,1
24261,0
22369,1
12275,0
26167,0
11826,0
207,1
20278,1
9987,1
27660,0
17700,0
24945,0
29106,1
10463,0
17573,1
11324,0
17869,0
26186,0
19317,0
25665,0
24966,1
26120,0
3180,0
24157,0
10840,0
26403,0
11300,0
14863,1
8222,1
19803,0
978,1
15173,0
15849,1
3651,0
10844,0
10822,0
24163,1
22112,0
14062,0
27538,1
4993,0
1170,1
22921,0
5779,0
9116,0
8600,1
6986,0
8862,0
23859,0
28329,0
29411,1
25617,0
14460,0
10583,0
29683,1
4209,0
16021,1
11373,0
9961,0
4002,0
809,0
17849,1
6952,0
25289,0
26572,0
19727,0
8917,0
16892,0
1547,0
6680,0
18069,0
1333,0
16498,0
11218,0
10417,1
14768,0
15459,1
14918,1
22462,0
28054,0
6668,0
26426,0
11883,0
20125,0
8089,0
25678,0
6951,0
10103,0
29910,0
4513,1
22852,0
796,0
12170,0
23645,0
20975,1
21036,0
9400,1
1612,0
24725,1
25108,0
21996,0
9085,0
25328,0
8900,0
15530,0
8274,0
27382,0
10702,0
2237,0
13260,0
24126,0
2092,0
28467,0
10899,0
19721,0
10515,0
18199,1
24922,0
2650,1
7389,1
18089,0
11353,0
7002,0
13961,0
859,0
15561,0
3702,0
6304,0
22481,0
22750,0
22131,0
16432,0
832,1
26159,0
17649,0
26197,0
18454,0
5156,0
16429,0
18895,0
6648,0
14394,0
16173,0
3268,0
14498,0
7487,0
21293,1
22823,1
9304,1
12811,0
17407,0
22728,0
20152,0
28144,1
18696,1
15117,1
8779,0
3081,0
5874,0
1479,0
10621,1
1570,0
24293,1
19759,0
27543,1
510,0
27107,0
28140,0
29254,0
15593,0
8194,0
13696,0
4296,0
27206,0
18815,0
15823,0
25043,0
25471,0
1228,1
19561,0
22833,0
3132,1
28244,0
5205,0
23501,0
14126,0
27516,0
8667,0
17657,0
2203,0
142,0
17479,0
28937,0
22648,0
11999,1
13902,1
28410,0
4948,0
8283,1
26296,0
1914,0
3511,1
5256,0
21918,0
21318,0
3189,0
17884,0
21521,1
25625,0
7375,0
11160,0
19896,0
10761,1
4297,0
2187,0
1864,0
8950,0
12512,1
20642,0
20478,0
5097,1
20899,1
10617,1
1742,0
26821,1
21825,1
28210,0
29772,0
1582,0
11624,0
21816,0
19162,0
27077,0
6533,0
25226,0
2654,1
17843,0
2008,0
24967,0
8982,1
13157,0
11587,0
17630,0
7554,0
1541,0
5110,0
18307,0
19609,0
21931,1
29651,0
13245,1
5033,0
6230,0
27841,1
21655,0
11555,0
6348,1
16387,0
13604,0
4895,0
28593,0
28709,0
23495,0
27958,1
6555,1
4170,0
10465,0
19090,1
14052,0
18435,1
2945,0
18378,0
28678,0
27781,0
24693,0
2435,1
335,0
12870,0
2047,0
15678,0
16194,0
1669,0
7407,0
20447,1
22011,0
10097,0
11148,0
5980,1
17870,0
19942,0
10301,0
12027,0
18999,0
22984,0
16375,0
19777,0
25748,1
8263,1
16773,1
14586,0
1846,0
18711,0
23035,0
27345,0
19174,0
12976,0
17861,1
17582,1
25535,0
6670,0
6189,0
12536,0
18829,0
3037,0
29753,0
23633,0
24905,0
28074,1
9979,0
24788,1
16957,1
22621,0
20981,0
12749,0
15589,1
9127,0
29041,0
12964,1
7483,0
1997,0
14842,0
3617,1
12303,0
22857,0
18286,0
26911,1
20111,0
26331,0
3703,1
16611,0
15934,0
10318,1
16354,0
7780,1
3648,0
17042,0
25663,0
26254,1
5435,0
15974,0
29735,0
1730,1
23749,0
9515,0
11917,0
1265,0
25754,0
27453,0
5626,0
23099,0
9284,0
10986,0
24769,0
16119,0
17508,0
8752,1
21063,0
8803,0
28088,0
12804,0
3655,0
4911,0
22256,1
21967,0
10207,0
14559,1
11434,0
12602,1
16886,0
3762,0
20658,1
378,0
8588,0
23225,0
13207,0
11986,0
25835,1
10016,0
28821,0
7546,0
16007,0
13082,0
20040,0
5956,0
23967,0
19442,0
8234,0
16103,1
21250,0
5152,0
2846,0
16833,1
22527,1
8797,0
17910,1
13255,0
13597,1
26886,0
23877,1
13522,0
24656,0
24447,1
27839,0
19354,0
17683,0
26945,1
11480,0
27910,0
21932,1
18915,1
5631,0
16272,0
14486,0
12942,0
18707,0
5493,0
10169,0
23890,0
5265,0
136,0
15212,0
21081,0
6142,0
7527,0
28307,0
1511,0
24554,0
16025,0
6052,1
4837,0
29354,0
11884,0
8913,1
8019,0
26555,0
1733,0
21928,1
19125,0
6673,0
15233,0
29220,0
28928,0
9512,0
22247,0
1530,0
28229,0
9006,0
13176,1
15774,0
24174,0
18771,0
25855,1
15868,0
2473,0
12100,1
13466,0
18444,0
28268,0
13062,0
1796,0
3461,0
3600,1
3103,0
21999,0
5329,0
19801,1
22000,0
12858,0
1970,0
17629,0
4998,0
3488,0
24970,1
3442,0
4256,0
8888,0
2224,1
21369,0
14711,1
15609,0
23998,0
17823,1
20589,0
17477,0
9534,0
26025,0
15512,0
28201,1
22988,1
26729,0
1239,0
11610,1
81,0
24101,0
21295,0
11483,0
11680,1
6778,0
12659,0
22095,0
14305,1
3907,0
12958,0
7082,0
21467,1
19652,0
11914,0
2533,0
5463,0
19880,0
1118,1
2294,0
3921,0
7572,0
2903,0
26316,0
12897,1
19180,0
13480,1
18338,1
15008,0
27097,1
14296,0
15452,0
10236,0
4213,0
19641,0
10362,1
14327,0
6651,0
1815,0
15536,0
7011,0
29673,0
5996,0
7454,0
2838,0
25545,0
19039,1
8101,0
14655,0
16992,0
6540,0
2354,0
29695,1
11885,0
18767,0
8800,1
17272,0
26210,0
10239,0
5432,1
13329,0
9975,0
7396,0
11812,0
27047,0
24850,0
3392,0
9670,0
4877,1
28263,0
6705,0
3222,1
445,0
8615,0
27857,0
5314,1
1901,0
10471,0
716,0
485,0
29937,0
6638,0
12002,1
1497,0
13038,1
7624,0
11632,1
17370,0
4709,0
22026,0
29143,0
23716,1
12832,0
4464,0
13323,1
25593,0
13579,0
10436,0
24772,1
26898,0
10884,0
24337,1
10597,0
19240,1
21715,0
5716,0
4889,0
15040,0
1724,0
22269,1
26775,0
4382,0
17866,1
21071,0
19378,0
15564,1
9040,0
18471,0
15023,1
27774,0
21649,1
29627,0
11406,0
11273,0
2604,0
4066,1
25715,1
11446,0
27482,0
14932,1
634,0
23700,0
26968,0
534,0
20160,0
1481,0
10421,0
21529,0
2926,1
29876,1
19084,0
7534,0
493,0
27562,0
2616,1
3297,1
16806,0
28450,0
20651,1
10240,0
20641,1
6848,1
9706,0
15410,0
3723,0
19035,0
22268,1
24531,0
1055,0
29342,0
12760,1
8796,0
24082,0
29505,0
3640,0
23753,0
20209,0
17698,0
22568,0
8113,1
9216,1
18018,0
13113,0
28769,1
2678,0
16610,1
2283,1
421,0
26783,1
13122,0
8829,0
19951,0
10187,0
150,0
14049,0
1487,0
26734,0
15573,1
21851,0
29543,1
7049,1
1721,0
1688,0
17259,0
6223,0
2341,0
15204,0
11394,0
4712,0
8885,1
11979,0
7171,0
11349,0
20261,1
4243,0
15931,0
29294,0
8220,0
18239,1
25522,0
2925,1
15970,0
22340,0
521,0
26639,1
3555,0
27873,0
76,0
28257,1
2940,0
3685,0
11414,0
27381,0
5197,0
13763,1
21926,0
10110,1
9019,0
25600,0
21283,1
5746,0
29397,0
2241,0
3349,1
7279,1
25049,0
9807,0
6025,0
18649,0
9656,0
4086,0
9996,0
15681,0
24390,1
9254,0
8046,0
4743,0
5128,0
4797,0
11478,0
3409,1
9457,0
17446,0
16046,0
15279,0
29605,1
25414,0
15319,0
18749,0
26133,0
24852,0
6615,0
26348,0
28800,0
19274,0
2085,1
29047,0
15477,1
21007,0
17327,0
19099,0
2629,0
22164,0
8135,0
26792,0
25230,1
3924,0
462,0
28389,1
18823,1
16294,0
7800,0
20522,0
12014,1
18918,0
27407,0
25878,0
24908,0
1232,0
10035,0
19075,0
18355,1
13332,1
26939,0
18928,0
14342,1
582,0
14663,0
12288,0
23377,0
28363,0
9973,1
9786,0
29696,0
27135,1
13229,0
25656,0
24131,0
8197,0
20292,0
22587,0
17356,0
2231,0
967,0
21374,1
6957,0
11532,1
1280,0
3768,0
9405,0
16174,0
19473,0
1140,0
11490,1
7742,0
11787,1
13028,1
28597,0
28214,0
2427,0
17402,1
2906,1
8301,0
4369,0
11665,0
12225,0
11487,0
24428,1
11806,1
18228,1
27985,0
8216,1
24816,0
10473,1
16535,0
1920,1
26382,0
2902,1
10047,1
28213,0
8452,0
6637,0
2598,0
26640,0
15631,0
24230,1
28208,0
14007,0
15957,1
5032,1
26880,0
662,0
25576,0
14653,0
16748,0
17017,0
14022,1
2585,1
15257,0
22374,0
13373,0
13471,1
23726,0
8421,0
2999,0
4748,1
10439,1
19744,0
17360,0
18315,0
29066,0
13276,0
17049,0
17312,0
334,0
10080,1
28002,0
2504,0
28396,0
25337,0
3017,0
20872,0
9082,0
28770,0
13898,0
6365,0
6917,0
4804,0
24084,0
20982,0
1577,0
14441,0
29333,1
17541,0
23814,0
8034,0
16224,0
6264,0
23014,0
28567,1
13165,0
2899,0
19232,0
27433,0
868,0
26551,0
12746,0
28605,1
3589,0
4043,0
24070,0
17554,0
18545,0
9936,0
25233,1
26468,1
21502,0
1658,0
22388,0
12972,0
8368,0
3371,0
26953,0
19799,0
9060,0
19400,0
26713,0
13184,0
19308,0
17576,0
14862,0
21900,1
13946,0
13218,0
23069,0
11684,0
656,0
26280,0
20878,0
18934,0
27035,0
3154,0
29728,0
19047,1
4542,0
28978,0
3077,0
3093,1
4972,0
17448,1
25001,0
15840,0
14954,0
11210,1
22393,0
6643,0
6996,0
4786,0
24804,0
29635,1
11927,0
6206,0
3708,1
6493,0
10275,0
15272,0
12864,0
4195,1
12845,0
4436,0
16737,0
18441,1
28812,0
16479,0
28383,0
5288,0
10263,0
13580,0
9632,0
19621,1
13348,0
13751,0
18395,0
18857,0
9587,1
26126,0
5343,0
18978,0
18884,0
18722,0
26586,0
19982,0
6718,0
8632,0
16346,0
20754,0
15248,0
12761,0
13872,1
14193,1
16490,1
26160,0
23144,1
9468,0
15003,0
3310,0
23782,1
25622,1
5897,0
6704,0
6676,0
6711,0
26692,0
22012,0
13511,0
20809,0
18053,1
17317,0
25442,0
20700,0
14647,0
1258,0
12498,0
4631,0
21041,1
19557,1
22484,1
14709,0
14920,0
12104,0
24871,0
18850,0
9373,1
27664,0
11923,0
19531,0
27076,1
15562,0
2405,0
27004,0
21248,1
12127,0
8684,0
24870,0
941,0
8884,0
6085,1
13152,0
22572,0
7306,1
13768,1
19480,1
2725,0
12183,0
7439,0
1090,0
18984,0
15232,0
6548,1
6043,0
9664,0
3662,1
19347,0
4061,0
20504,0
4548,0
5166,0
23360,0
20730,0
27391,0
21945,0
13645,0
26459,0
23532,0
7794,0
1823,0
4934,0
22536,0
14370,0
9830,0
22608,0
12931,0
7489,0
4742,0
3904,0
4353,0
24534,1
12906,1
17915,0
11332,0
14571,0
5496,0
10663,1
9568,0
4986,1
27368,0
6008,0
10071,0
21451,0
10814,0
11526,0
3129,0
29539,1
22634,0
11392,0
15951,0
15569,1
16721,1
8415,0
27934,0
11961,1
7291,0
21277,0
21002,0
74,0
14915,0
22505,0
5137,0
13688,0
22181,0
26359,0
3577,0
7559,1
7682,0
29356,0
19821,0
15978,0
5725,0
1138,0
8506,0
15604,0
27614,0
19459,0
5,0
25729,0
12019,1
7355,0
10603,0
18254,0
13999,1
29232,0
19594,0
6478,0
17170,0
17740,0
12228,1
19739,1
3357,1
25297,0
14468,0
14801,0
4823,0
9919,0
7594,0
10862,1
10340,1
27849,0
191,1
16366,0
29906,0
20239,0
20812,0
8461,1
10598,0
18824,0
28434,0
3074,0
17778,0
2672,0
4935,0
20800,0
24137,0
425,0
18333,0
3344,1
4126,1
24958,0
20817,0
27840,0
20389,0
8732,0
21051,0
559,0
29407,0
9281,1
28981,0
13202,0
8355,1
17782,0
6510,1
17055,0
27314,0
27159,1
19169,1
24822,0
8686,0
27938,0
6404,0
27658,0
17917,0
11987,0
29019,0
25479,0
20865,1
10270,0
3680,1
24943,0
1615,1
22708,0
20258,1
21251,0
11255,0
11905,0
16494,1
15288,0
13364,0
7840,0
23894,0
200,0
10729,0
29136,0
5418,0
19861,0
17673,0
12184,1
22907,0
8720,0
24873,0
28296,0
2475,0
12785,0
2389,1
26037,0
3378,0
11524,0
8262,0
4179,0
23310,0
20202,0
28522,1
26958,0
3643,0
18808,1
28267,1
1686,0
7318,0
26157,0
8133,1
24837,0
1512,0
527,1
813,0
25725,0
14626,0
6981,0
24941,0
7531,1
20149,0
10191,0
22229,1
26327,0
7866,0
27416,0
11504,0
7549,0
25623,0
106,0
24578,1
14067,0
29126,0
3096,0
14809,0
19150,0
13265,0
19312,0
320,1
12660,1
9789,1
24612,0
3956,0
16472,1
20835,1
1590,0
17650,0
16736,0
16896,1
5050,0
15425,0
5684,0
1081,0
26645,0
18141,0
18455,0
29469,0
20828,0
19544,0
16076,1
8880,1
1509,1
11081,0
23294,0
7065,0
20966,0
17799,1
9531,1
8643,1
23452,0
13294,0
7183,0
1178,0
24291,0
11101,0
7189,1
23510,0
6337,0
15551,0
27378,0
26036,0
120,1
4835,0
9867,0
12393,0
18624,0
3811,0
15950,0
1308,0
5094,1
12702,0
20482,0
22931,0
27039,0
22835,1
6789,0
26739,0
1179,0
7643,0
26385,0
23624,0
10561,0
23708,0
21923,1
29509,0
16548,0
4082,0
18211,0
7302,0
3732,0
1681,0
27565,0
423,1
5507,0
27552,0
15006,0
18446,0
7587,0
2255,1
26433,0
12497,0
22930,1
935,0
28153,1
25378,1
11088,1
25359,1
10507,0
13266,1
25030,0
11612,0
29088,0
2350,0
8651,1
21419,1
7128,1
16218,0
22891,0
26969,0
9959,0
22566,0
18093,0
8598,0
4536,0
22148,1
29327,1
11221,0
11350,0
7919,0
11188,0
1603,0
6609,0
16947,1
18172,1
26049,0
15129,1
22483,1
6278,1
28336,1
12332,0
26302,1
10241,1
21161,0
10159,0
4686,1
16361,0
5575,0
7285,0
21701,0
14512,1
750,0
16805,0
15987,0
27699,0
12684,0
20550,0
21652,0
19431,0
18564,0
9835,1
909,0
22063,0
1075,0
79,1
28260,0
8775,1
19086,0
15127,0
13529,0
24492,0
18223,0
20443,0
24764,0
26954,0
3660,0
26563,1
19063,0
17009,0
17502,0
11220,0
4095,0
18206,1
28202,0
4833,0
25294,1
28023,1
16588,0
7359,1
26569,0
11280,0
8508,0
13577,0
23897,1
5282,1
15671,0
26152,0
14519,0
11454,1
9929,0
24235,1
29502,0
25677,0
9729,0
18810,1
9573,0
6268,1
13271,1
20322,1
10828,0
15676,1
21627,0
4060,0
26150,1
20303,0
15708,0
18025,0
24927,0
21860,0
5318,0
22245,0
22469,0
23087,0
1452,0
27753,0
7955,0
11116,0
16876,0
17827,1
5898,1
20315,0
6332,0
28900,0
9983,0
11776,0
13084,0
28632,1
29676,1
7516,0
888,0
14716,0
23456,0
20096,1
21272,0
1008,0
12945,0
18790,0
6035,0
3316,0
4866,1
22929,0
25559,0
9563,0
14295,0
22108,0
17349,0
23349,0
27093,0
27275,0
1537,0
6184,0
17231,1
19440,0
12154,0
12405,0
26082,0
28343,0
6169,0
11139,0
12323,0
26745,0
1963,0
4301,0
6909,0
16646,0
11056,1
17112,0
3138,0
18345,1
19891,1
12596,1
12304,0
15189,0
17592,0
18379,1
206,0
800,0
7585,0
1991,0
13380,0
2772,0
5824,1
20527,0
2905,0
6475,0
7164,1
21198,1
23168,0
27925,0
16190,0
11966,0
382,0
7982,1
14367,0
16714,0
17373,1
26853,0
10333,0
29121,0
7857,0
17431,0
22494,0
24669,0
22745,1
7210,0
29697,0
1361,0
23575,0
6259,0
27742,0
13478,0
22769,1
24532,0
8920,0
25983,1
6338,0
16559,0
29355,0
6784,0
7847,1
1349,1
13654,0
1072,0
9577,1
11651,1
28971,0
1005,0
2446,1
15217,1
1254,0
2960,0
10870,0
1726,0
17202,0
26238,0
21126,1
11785,0
9758,1
2159,0
10329,0
16825,0
16425,0
6824,1
7948,0
6757,0
20608,0
26795,0
17818,1
13828,0
21459,0
6545,0
5559,1
4118,0
10960,0
8280,0
23070,1
20198,0
19337,1
11941,0
16368,1
9950,0
20208,0
6502,0
11718,1
11508,0
24869,0
18030,0
26668,1
21669,0
12122,0
14937,0
4685,0
15017,0
5246,1
22741,0
28299,0
650,0
9030,0
7154,0
16464,0
9449,0
7367,0
2311,0
11200,0
24088,1
24282,0
27510,1
6763,1
21404,0
13978,0
21520,0
12054,0
2217,1
26657,0
7042,0
21787,0
23221,0
9432,0
20105,0
29610,1
26926,0
16729,0
8597,0
25216,0
23121,1
9224,0
15734,0
26266,0
26496,1
3850,1
11477,1
24441,0
24536,1
17484,0
18481,0
17877,0
15172,0
26584,0
3028,0
13457,0
9855,0
28970,1
183,1
29134,0
917,1
17094,0
21572,0
16117,0
27459,1
19191,0
26202,0
21212,0
19170,0
24250,0
22201,0
24203,0
13694,0
14199,0
24263,0
7676,1
15740,0
25582,1
29756,0
13557,0
2034,0
13818,0
18912,0
14786,0
9247,0
15492,0
18216,1
29836,1
20697,0
19673,0
14788,0
16058,0
27131,1
29630,0
8668,0
23380,0
16747,0
18836,0
20629,0
21927,0
9348,0
14627,0
21084,1
7571,1
14242,0
7805,1
25627,0
17618,0
26434,0
23292,0
29018,0
9502,0
25104,0
12588,0
15729,0
2814,0
4514,0
23267,1
13758,0
8831,0
5081,0
27029,0
3605,0
23914,0
7077,1
9611,0
25401,0
6097,0
26358,0
216,1
9241,1
17113,0
23910,0
8682,0
17192,0
23287,1
12315,1
13933,1
7150,1
16745,0
8889,0
14829,0
21637,0
15378,0
14900,0
25871,0
11995,1
22238,0
25928,0
15622,0
21379,0
19157,0
11693,0
27823,0
9183,1
6983,0
6610,0
596,0
13985,0
17125,1
16104,1
15502,1
28890,0
6806,0
24998,0
17180,1
7820,0
29154,0
25329,1
25157,0
597,0
2931,0
10733,1
24122,0
20404,0
12882,0
19627,0
2429,1
161,0
7687,0
123,1
4178,0
18323,1
17845,0
1371,0
17676,0
17253,0
7586,1
21941,1
19275,0
9816,0
27810,1
13589,1
27238,1
12476,0
23959,0
25074,1
25126,0
8942,1
14802,0
26386,0
3774,0
5863,0
2486,1
18443,0
17635,0
21098,0
29339,0
15686,0
28423,1
12256,0
24781,0
20487,1
13705,1
22954,0
7813,0
19842,0
25816,1
6735,0
23178,0
17250,0
1576,0
12995,0
21364,0
13774,1
25947,0
5439,0
21779,0
6010,1
10170,0
17928,0
3267,0
16750,1
2540,1
29787,0
24855,0
8970,0
1025,0
8571,0
17772,0
9217,0
28985,1
28312,0
9736,0
16303,0
4680,0
25339,0
28194,0
5169,1
12607,0
26287,0
1267,0
14787,1
19978,0
2595,0
7628,1
848,1
15250,0
14225,0
6027,0
4244,0
5015,0
5534,0
8249,0
18736,0
26715,1
9067,0
12620,1
1070,0
7562,0
15280,1
20196,0
29690,1
18945,0
13997,0
8347,0
9079,0
1863,0
4266,0
11182,0
15762,1
16139,0
26927,0
21841,0
2083,0
11759,0
7785,0
1872,0
13338,1
17145,0
15283,0
7499,1
10360,1
4280,0
11368,0
1387,0
6032,1
5655,0
12415,0
20206,0
22342,0
12013,0
10480,1
4202,0
877,0
5513,1
25494,0
18010,0
17135,0
2892,0
28483,0
1857,0
8664,0
22376,0
28459,0
12258,0
29849,0
19661,0
6697,0
7051,1
26788,1
7198,0
5851,1
2066,0
8794,1
2423,0
21452,1
22809,0
20374,0
4403,1
1300,0
2398,0
16703,0
6993,0
28224,0
14814,0
5877,0
23293,0
2122,0
532,1
28969,1
3547,1
15329,0
16997,0
28207,0
13454,0
25196,0
7202,0
23383,0
12904,0
16608,0
9429,0
14754,1
28930,0
13016,0
7110,0
9783,0
2738,0
19860,0
27877,0
7766,0
18922,0
19528,0
14362,0
12861,0
7209,0
4235,0
16690,0
22100,1
19267,0
4078,0
21177,1
21836,0
4042,1
152,0
6425,1
12501,1
26782,0
25815,1
5416,0
1449,1
323,1
13261,0
684,0
1378,0
9111,0
19140,0
11942,0
20014,0
17719,1
9191,1
17292,0
5737,0
10791,0
26058,0
11409,0
12107,0
28138,0
4098,0
6471,1
19323,1
27844,0
23551,0
2864,0
13761,0
12997,0
4381,1
23570,0
24609,0
27366,0
5451,0
2379,0
12347,0
26282,0
4443,0
3066,1
13443,0
11581,0
7195,0
15118,0
9965,0
6967,0
22576,0
27261,0
6187,0
1360,0
12929,0
14135,1
19979,1
11653,1
11576,0
16497,1
9654,1
954,0
10101,1
7169,0
6659,0
16988,0
831,0
12305,0
25028,1
5079,0
889,0
9927,1
13388,0
20945,0
26817,0
17010,0
9412,0
11908,0
16521,0
8100,1
9615,0
7506,0
15154,0
6132,0
14423,0
12721,0
7841,1
22450,1
25779,0
10945,0
16671,1
24086,0
5580,0
29806,1
18156,1
15760,1
28446,1
21881,1
8574,0
29270,0
17815,0
4470,0
14712,0
1475,0
5400,0
21168,0
16327,1
1999,1
15539,0
4121,0
20739,1
26143,0
28643,0
24646,1
1887,0
3845,0
22384,0
24419,0
14924,0
16310,1
8035,1
6257,0
12327,0
24625,0
12887,1
23799,0
11173,0
4157,0
12396,1
19849,0
25519,0
27747,0
21714,1
22493,0
26918,1
8691,0
26710,0
13179,0
14282,0
20610,0
17704,0
21076,0
11034,0
12547,0
18632,0
17840,0
29470,1
17346,0
19984,0
3035,0
4164,1
27141,0
20034,0
26004,1
35,0
17427,1
25055,0
26963,0
20439,0
16230,0
26983,0
19330,1
2597,0
14341,0
18296,0
17343,0
23473,0
24344,0
4477,0
20015,0
12875,0
8707,1
14812,0
17376,0
6834,1
7868,0
28075,0
13124,0
3374,0
24102,0
23142,0
10326,0
3199,1
27783,0
4273,0
11317,1
16191,0
6460,0
18272,0
24936,0
14424,0
10776,0
10939,0
9362,1
5952,0
15200,0
643,0
15998,0
16527,0
14026,1
8743,0
13572,0
8232,0
9778,0
29423,0
29560,0
7536,1
22681,0
2519,0
3294,1
23523,0
701,0
4112,0
22838,1
14217,1
12363,0
16415,0
10652,1
20403,0
23711,1
10050,0
22932,0
3188,0
22622,0
16939,0
901,0
2240,1
280,0
27609,1
17062,0
26045,0
15661,1
27165,0
19364,0
820,0
13820,0
26129,0
6367,0
25249,0
8669,0
8055,0
17046,1
29248,1
22435,0
2936,0
20942,0
8009,0
3879,0
16899,0
7491,0
27853,0
362,0
27241,0
28670,1
17973,0
28997,0
19760,0
9117,1
19864,1
2218,1
6057,0
28943,1
29712,0
5672,1
6822,0
2006,0
13845,0
2874,0
18993,0
8204,0
17350,1
17257,0
15356,1
21571,0
17230,0
13896,1
26726,0
28516,1
25194,0
27240,0
843,1
22694,0
16004,0
14752,0
27025,0
29326,0
18976,0
14285,1
5700,0
13865,0
24445,0
12941,1
18181,0
17634,1
9880,0
5494,0
8505,0
11523,0
19355,0
19675,0
18613,0
16445,0
27993,0
19796,0
8604,0
22154,0
25093,0
24601,0
10084,0
19623,0
22693,0
21678,0
18090,0
3230,0
5424,1
25391,1
9263,0
17854,0
25348,0
13876,1
5111,1
2232,0
2706,0
1247,0
20707,1
23904,0
21852,0
22403,1
19583,0
11511,0
18387,0
8203,1
27186,1
21280,0
1238,1
13832,1
14298,0
23365,1
6061,0
1157,0
7541,0
13555,1
2020,0
2611,0
13100,0
24898,0
25679,0
9969,0
25486,0
1473,0
13404,1
15680,0
27259,1
18832,1
16726,1
20657,0
5600,0
8124,0
28225,0
3721,0
12646,0
3551,0
23279,0
1596,0
21577,0
10509,0
23148,0
16034,1
21588,0
907,0
11683,0
2191,0
26284,0
23356,0
13500,0
12506,0
21284,0
16772,1
4604,1
12648,1
9541,0
5916,0
27142,1
426,1
25718,1
2490,1
13224,1
13686,0
15754,0
9896,1
8893,0
5826,0
18668,1
14493,0
28430,1
17089,0
9665,0
6144,0
8760,0
10503,1
29545,0
13476,0
3300,0
28845,0
16755,1
18589,0
21137,0
177,0
456,0
5016,0
6270,0
12998,0
9775,1
20379,0
21698,0
1187,0
3444,0
28641,0
13181,0
11796,0
25440,0
12352,0
29203,0
24569,0
17463,0
11285,1
15685,0
26892,0
8186,0
2571,0
7673,0
8579,0
21317,0
14322,0
14535,1
9589,0
26417,1
27974,0
21782,1
10038,0
27409,0
5622,0
11734,0
3237,0
17412,0
1638,1
15854,0
11269,1
28349,0
13718,0
22236,1
16093,1
1618,0
7923,1
8,0
25885,0
26372,0
3169,1
13595,1
21483,0
790,0
9084,0
19025,0
9292,0
25129,0
4960,0
27090,0
7828,0
23,1
4483,0
12172,0
2179,0
27723,0
4357,1
10488,1
20313,0
24056,0
23315,0
11539,0
1885,0
3001,1
24380,0
27108,0
14563,1
7467,0
10230,0
316,0
19754,1
15842,0
28635,1
11729,1
26185,0
274,1
269,1
11124,1
28061,0
21638,0
4525,1
6395,0
23674,0
24523,0
27986,1
1293,1
27641,0
11257,0
11118,0
27883,0
22574,0
20217,0
16907,0
21822,0
18803,0
29384,0
11228,0
24045,0
2162,0
12454,0
5965,0
16063,1
15181,0
28892,0
26603,1
22443,0
12786,0
18532,0
16486,0
10696,0
16813,1
23997,0
11391,1
21495,0
6708,0
14231,0
12669,1
10213,0
28895,1
20054,0
22350,0
15183,0
22856,0
17714,0
15293,1
3727,1
15161,0
11934,0
13950,0
16838,0
21850,0
12451,0
7544,0
26270,1
2856,0
16537,0
1345,0
3886,0
19043,0
27831,1
22392,0
1607,1
26445,0
2372,0
6603,0
6893,1
18923,0
28121,1
23878,1
26720,0
21647,0
3647,0
19186,1
9814,0
3274,1
18186,0
4238,1
24281,1
24463,0
14513,0
7180,0
7482,0
27691,0
7123,0
20598,0
19807,0
20892,0
19881,1
14125,0
15707,0
7,0
7365,1
3085,0
16679,0
24267,0
21753,0
22806,0
11380,1
5640,0
28293,1
4886,0
9173,0
10156,0
2454,0
23872,0
25474,0
22855,0
28465,0
5123,1
14873,0
14909,1
29390,0
21371,0
26660,0
1504,0
21031,1
15386,0
29731,0
13203,0
19802,1
4125,0
12753,0
2399,0
9533,0
5724,1
20340,1
15061,0
22604,0
25806,0
24170,1
21217,1
12133,0
29540,0
12123,0
20392,0
1484,0
21886,0
18860,0
19939,0
3541,0
21223,1
22731,0
5867,0
22940,0
16391,0
21651,0
5404,0
11813,0
11833,0
29045,0
28101,0
11461,0
18724,1
22210,0
28148,0
8877,1
12834,0
13148,0
14396,0
15368,0
18888,0
28818,0
9910,0
17665,0
29014,0
27529,0
27906,0
19884,0
25280,0
25860,0
8293,1
13151,1
3947,0
27505,0
23094,0
28493,0
9350,1
18234,0
7573,0
19297,0
20150,0
28187,0
3510,0
4834,0
25145,0
3071,0
11896,0
2646,1
6580,0
5946,0
6157,1
13506,0
5960,0
15927,1
2010,0
12011,1
1608,0
24986,0
997,1
20503,1
18700,0
27584,0
20757,1
18844,0
10203,0
16360,0
21079,0
18833,0
17011,1
14713,1
964,0
27458,1
21654,1
22703,0
7538,0
24818,0
5233,1
8314,1
29613,0
10425,1
27812,1
1560,0
1263,1
11020,0
11839,0
16832,1
28288,0
13543,0
8383,0
6317,1
7050,0
18657,1
18352,0
8939,0
3387,0
14057,0
1185,0
6699,0
15418,1
9229,0
20215,1
5633,0
13372,1
4450,1
12430,0
23366,0
8559,0
24885,1
29065,0
6977,1
15021,1
8330,0
22818,0
6298,0
28277,1
5873,1
11125,0
26515,0
17505,0
13143,1
22888,0
29519,0
25070,0
23595,1
24062,0
26279,0
27826,1
7524,0
10479,0
2178,0
593,0
3771,0
11557,0
26756,0
11117,0
13493,0
2526,0
8450,0
25505,0
21705,1
25889,0
16337,1
5817,1
9015,0
20948,0
24270,0
26789,0
20719,0
377,0
19110,0
26425,0
2686,0
5610,0
12423,1
2698,0
14405,1
20455,1
14904,1
14236,1
5816,0
26074,0
406,0
20560,0
1234,0
19816,0
21774,0
29315,0
8851,1
7104,0
29565,1
4375,0
27466,0
13772,1
17152,0
3018,1
26869,0
4557,1
374,0
19852,0
7880,1
16732,1
9076,0
24019,0
17365,0
27896,0
14753,0
20321,0
9641,0
8512,0
21963,0
11873,0
272,1
19791,0
29795,0
16664,0
12561,1
22641,0
17229,0
16722,0
2742,0
22382,0
3939,0
8255,0
20798,0
15664,1
27386,0
12280,0
19231,0
5459,0
2376,1
18991,0
17124,1
1113,0
2418,0
29736,0
22233,1
20233,0
25191,0
25883,0
6910,1
19493,0
5174,0
25443,0
4699,0
17389,1
12935,0
14886,0
24952,0
7858,0
16263,0
2094,0
16383,0
891,0
21868,0
23192,0
1236,1
11336,1
2762,0
22331,0
24815,0
5890,1
19158,0
1824,0
19628,0
16417,0
8737,0
14180,0
23290,1
23055,0
7770,0
8154,0
2684,0
26176,0
17834,0
14911,1
13312,0
20597,1
25696,0
13517,0
17761,1
17032,1
16311,0
25456,0
22550,1
28262,0
14949,0
26432,1
17662,0
23320,0
14551,1
25341,0
18497,0
18147,0
17862,0
15402,0
19508,0
16149,0
23636,0
16171,1
29517,0
11132,0
25205,0
12143,0
17435,1
20417,0
29829,0
8802,1
1502,0
25254,0
9866,0
16557,0
28180,0
9617,0
3961,1
22760,0
3228,0
5780,0
2322,0
16121,1
1778,0
22488,0
9002,0
2445,0
11432,0
5682,0
17246,0
7422,1
8393,0
12081,0
3363,1
5213,0
27465,0
26096,1
17914,0
13603,0
28379,0
6021,0
5376,0
17693,0
15560,0
2729,0
3198,1
8005,0
24488,0
15030,0
22173,0
7517,0
10690,0
17916,0
2410,0
22277,0
9169,0
24533,0
11994,0
12631,1
28616,1
28712,0
19761,0
15295,0
20684,0
16881,0
5483,1
2126,0
3791,0
9714,0
27109,0
14256,0
3994,0
7642,0
17008,1
13764,1
8340,0
8458,0
11356,0
5870,0
20839,0
24050,0
16656,0
7615,0
15501,0
20011,1
9756,1
10627,0
4318,0
13199,0
28776,0
29080,0
24041,0
7054,0
4405,0
16789,1
607,0
15872,0
17093,1
7809,0
1934,1
5333,1
25121,1
7539,0
5526,0
11799,0
18529,0
26217,0
648,1
13313,0
330,1
186,0
13607,0
29761,0
19662,0
29713,1
25626,0
5942,0
13683,0
26078,0
23023,1
14764,0
4079,0
5875,0
15079,0
8139,0
7027,0
439,1
15878,1
9934,1
7442,1
27153,1
18036,0
16214,1
5585,1
22957,0
10199,0
28873,0
26097,0
9418,1
1128,0
19365,0
25429,0
7240,1
13518,1
18301,0
17997,1
17007,1
9326,0
1620,0
8595,0
10070,0
12734,0
922,0
13399,0
11484,0
16242,1
28475,0
28127,0
27346,1
19755,0
1957,0
7394,1
29172,0
22513,0
491,0
25770,0
15857,0
24583,0
8583,0
8411,0
10336,0
25171,1
4661,0
4181,0
12911,1
22924,0
22150,0
23492,0
6204,0
13349,0
24564,0
25941,1
5004,0
10802,0
13656,0
26061,0
29392,0
18103,1
26776,0
28747,0
23681,0
9399,0
15982,0
9138,0
27560,0
19417,0
24107,0
4030,0
28556,0
18686,0
25647,0
9306,0
8856,0
24434,0
20284,0
7746,0
781,0
11794,0
21402,1
18949,0
2942,0
27685,0
2114,0
24037,0
21339,0
23426,1
14411,0
23524,0
3361,0
6505,1
20299,0
29916,0
5792,0
14690,0
13559,0
11451,0
8480,0
12987,0
8527,0
3736,0
3128,0
26876,0
14215,0
29268,0
18453,0
761,0
25000,1
25694,0
12502,0
1792,0
6092,0
1110,0
5340,0
27772,1
299,1
22310,0
3951,0
19113,0
19582,0
7557,0
10728,0
6649,1
8623,0
4581,0
27364,0
14790,0
19800,0
28531,0
8099,1
26577,0
22643,0
2200,0
2682,0
20189,1
26007,0
27288,0
5368,0
2323,1
27801,0
24839,1
5293,0
9047,0
21477,0
19692,0
8980,0
22848,0
28579,0
18221,0
25910,1
16941,0
10353,1
19893,0
5576,0
22757,0
9745,0
26475,0
17096,1
10194,0
19599,0
2522,0
4999,1
7654,0
23463,0
5889,0
4753,0
27102,0
15792,0
28056,0
14226,0
17252,1
19107,0
12137,0
12643,0
19002,0
3990,0
11671,0
22020,0
18804,0
3726,0
10074,0
25340,0
23175,0
23389,0
5616,0
10832,0
5270,0
16433,0
23918,1
27311,1
5645,1
1367,1
23533,0
25761,0
24854,1
1827,0
1503,0
16129,0
1514,0
14816,1
14859,0
7921,0
18140,0
22729,0
27219,0
8294,0
25903,0
6224,0
172,0
15332,0
16320,0
29036,0
23260,0
10441,0
4763,0
19774,0
6980,1
19806,0
7972,1
757,1
22821,0
1668,0
1390,1
17578,0
8279,0
22017,0
27707,0
3119,0
12720,0
20566,0
3436,0
6331,1
15556,1
14823,1
28557,0
24706,0
29421,1
28828,0
16798,0
9542,0
25848,0
21087,1
10610,0
16570,1
18591,0
8764,0
15190,0
12605,0
12469,0
22853,0
1782,0
13973,0
13553,1
10730,0
20070,0
25632,0
8514,1
11281,0
29282,0
18188,0
3443,0
2413,1
10175,0
29459,0
12065,1
15893,0
12788,0
12483,1
14134,0
28001,1
20555,1
15667,0
16330,0
17488,0
10889,0
14470,0
25845,0
18692,1
7159,0
15419,0
25705,0
22992,0
2801,1
858,0
10586,0
7062,0
2843,0
3027,0
19245,0
28521,0
16768,1
14879,0
11262,0
26816,0
17568,1
10428,0
9225,0
18858,0
12377,1
19161,0
16404,0
27121,0
14244,0
28916,0
28146,1
25853,1
15640,0
26214,0
26369,0
21970,0
1657,0
4160,1
20093,1
27183,0
23977,0
1175,1
10797,0
1744,0
16301,0
26849,0
24691,0
25655,1
18822,0
4393,0
23530,1
20410,1
18166,0
7098,0
8475,0
19288,0
4222,0
6899,1
9068,0
28449,0
121,1
12894,1
25581,0
21857,0
6994,0
22714,0
17612,0
4150,0
8036,1
3253,0
21629,1
11591,0
21497,0
11195,0
18196,0
26999,0
11029,1
16285,1
15239,0
5542,0
24477,0
15354,0
1647,0
10020,0
619,0
25825,0
25930,0
24914,0
27527,1
20753,1
6198,1
23982,0
8298,0
14889,0
16403,0
13219,0
1323,0
16672,0
7786,0
26497,0
6667,0
15570,1
4175,0
16151,0
17941,0
18956,0
22739,1
19388,0
18123,0
23381,1
11321,0
27567,0
20454,0
6856,0
8863,1
10456,0
919,0
14290,0
14021,0
2302,1
4236,0
16060,0
7229,0
2793,1
3981,0
15912,1
29667,1
28443,0
2023,0
23507,0
16381,0
14929,0
15427,0
10753,0
19037,1
21727,0
10298,0
4456,0
14657,0
12933,0
8631,0
11185,0
8206,0
26184,0
4741,0
3280,0
961,0
10626,0
28403,1
27201,0
17640,1
21966,1
9253,0
1937,1
16781,0
8256,0
18447,0
16868,0
11473,0
24369,0
10918,0
23862,0
24779,0
16321,1
6222,0
26070,0
3807,0
20856,0
1266,0
11013,0
16742,0
24310,1
25246,0
10350,0
15353,0
2973,0
2419,0
28018,0
7605,0
7697,0
20418,0
6521,0
3564,1
3231,0
12395,1
10893,0
8236,1
14587,0
16203,0
22288,0
10034,0
5832,0
11974,1
2778,0
26203,0
20423,1
3761,0
9708,0
18535,0
20050,0
28015,0
16909,0
6130,0
6768,0
27329,0
4706,0
15834,1
2019,0
27069,0
10622,0
11296,1
13216,0
2847,0
4690,0
11575,0
19080,0
8221,0
24381,0
4363,0
15018,0
4311,0
10430,0
1656,1
26938,0
14428,1
22873,1
24571,0
17681,0
11748,0
7235,1
8372,0
29901,0
5634,0
496,0
115,1
2987,0
26818,0
4643,0
5480,0
9081,0
6104,1
3480,1
6839,1
29024,0
29113,1
20624,0
718,0
20771,1
184,0
10994,0
17204,0
11014,0
2267,1
2001,0
15328,0
8325,0
28793,0
14212,1
28238,0
7897,1
3078,0
18332,0
12513,1
23119,0
12730,0
10291,0
14175,0
13279,1
5537,0
3258,0
10258,0
13510,0
14015,0
16077,1
9612,0
10420,0
3412,1
14481,0
21801,0
6904,0
3686,1
204,0
15243,1
26147,1
29650,0
13797,0
27900,0
11553,0
397,0
13445,0
28233,0
21893,0
11306,0
19779,0
23923,0
26791,0
26256,0
5215,0
10869,1
4134,1
16625,1
24677,0
4374,1
20711,0
23808,0
20666,0
29396,0
28108,0
5444,0
15733,0
9379,1
17894,1
6125,0
20575,0
12152,1
17798,0
14564,0
24317,0
24768,0
26522,0
20572,0
12918,0
4018,1
8620,0
16837,1
9602,0
12766,1
12008,1
1694,1
7219,0
20640,0
29920,0
6091,1
21683,1
29181,1
24311,0
3777,0
15429,0
27888,1
23953,0
28143,0
28195,0
3276,1
19081,0
11764,0
11018,0
28614,1
19278,0
3435,0
5399,0
23573,0
7526,1
27420,0
14532,1
15259,0
15557,0
23256,0
19693,0
21095,0
5506,0
25033,0
24047,0
4341,0
24152,0
8423,0
8264,1
4092,1
547,0
10750,0
17288,0
5937,0
26161,1
27855,0
12699,0
27120,1
13472,0
9652,0
28704,0
12954,0
21831,0
21155,0
15779,0
26971,1
25502,0
26383,0
3265,0
25506,0
17533,1
29743,0
17109,0
12877,0
23567,0
2156,0
13120,0
13298,0
15247,0
20524,1
18626,1
18609,1
16038,0
9939,0
22197,0
5200,0
25384,1
28133,0
19168,0
14515,0
21030,1
17553,0
942,0
30,0
12130,0
26929,0
20470,0
19716,0
28478,0
21865,0
23824,0
4410,0
3744,0
14675,0
15511,0
9204,1
10432,1
18057,0
22037,0
14649,0
21255,1
317,0
2880,0
1531,0
9250,1
6885,0
8029,0
13980,0
11040,0
16556,0
26545,1
3319,0
22663,0
18706,1
4291,0
19656,0
14682,1
22013,0
22114,0
4543,0
14433,0
26085,1
28454,0
15700,0
6584,0
9827,0
11503,0
17803,0
2128,0
22874,0
6280,0
1628,0
15717,1
27973,0
3862,1
21757,0
23768,0
19626,0
2351,1
27621,0
8628,0
8032,0
29243,0
28357,0
6358,1
20911,0
10570,1
8596,0
22725,0
15616,0
19123,0
21785,0
14089,0
15480,1
3483,0
11681,0
26113,0
28298,0
14186,1
11180,0
9605,0
15198,1
20158,0
7712,0
2338,0
13642,0
19164,1
28692,0
11128,0
21747,0
17960,1
24565,0
21236,0
9428,0
24100,0
952,0
21617,1
5338,0
23916,0
13213,0
9402,0
6451,0
23216,0
17874,0
26013,0
26901,0
23317,0
1269,0
26823,0
16000,0
13955,0
15244,0
10130,0
17014,1
16481,0
4428,0
25080,1
18526,1
24920,0
5509,0
20840,1
4591,0
28481,0
2333,0
4714,0
2615,1
7220,0
15027,0
25723,0
10007,0
13525,0
21871,1
20132,0
29380,1
28428,0
6028,0
5433,0
19447,0
7131,0
10148,0
13147,0
9162,0
19874,0
9696,0
1895,0
14206,1
24537,0
10793,0
26784,0
1130,1
18806,0
21082,0
13244,0
8309,0
962,0
4771,0
26858,1
26550,0
5259,0
13910,0
1584,0
19066,0
25689,0
11404,0
981,0
10961,1
18638,0
10523,0
26975,0
11213,0
22128,0
7167,0
15245,0
3124,0
24354,0
28907,0
28317,0
25749,0
24891,1
3848,0
26452,0
22645,0
13211,0
19271,1
27929,0
15128,0
22226,0
27001,0
23879,0
18812,1
7064,1
3783,0
23346,0
22698,0
23684,1
29193,0
14449,0
520,0
12229,1
17226,1
6636,1
2959,0
26305,0
26844,0
9167,0
19156,0
2912,0
17129,1
9186,1
21560,0
19299,0
419,1
27547,0
19683,1
20671,0
14129,0
21671,0
7952,0
18380,1
18702,0
16014,1
8153,0
17321,0
19103,0
793,0
3061,0
26106,0
5303,0
26092,0
22892,0
26402,1
29044,0
20510,1
21965,0
14218,1
1369,0
6686,0
18467,0
22391,1
5848,0
2384,0
12456,0
1884,1
14975,0
15692,0
20915,0
8324,0
19228,0
28474,0
3593,1
17622,0
9329,0
10634,1
9407,1
12515,0
5624,1
10486,0
10396,0
11388,0
4469,0
7707,0
8507,1
21281,1
21209,0
27078,0
20546,0
18262,0
15505,1
5030,0
18116,1
21643,0
24886,0
13711,0
22285,0
28639,0
24540,0
26802,0
2103,0
15824,0
22522,1
2164,0
21200,0
13227,1
6402,0
13021,0
2958,0
10775,0
23106,0
14010,0
2009,0
6458,0
24448,0
9088,0
12358,0
19550,0
26141,1
24519,0
6577,1
5003,0
24141,0
8968,1
27032,1
14156,0
17025,0
575,1
20816,1
20077,1
29555,0
4472,0
3653,0
14852,1
22826,0
25887,0
3793,0
17212,0
3544,0
765,0
19214,0
26112,0
27370,0
5734,1
28565,0
19147,0
25982,1
6664,0
22371,1
5469,1
1808,0
21563,0
9201,0
21285,1
16017,1
5355,0
6575,1
14440,0
12010,1
195,1
29820,0
26684,0
7716,1
15968,0
18931,0
12529,1
27403,0
14616,0
12554,0
26420,0
10221,0
9676,0
15255,1
19818,0
1540,1
23038,0
3742,0
11655,0
26111,0
18008,0
27680,1
763,0
25138,1
14144,0
8291,0
19318,0
10458,0
18298,1
23174,0
27173,1
7976,0
12285,1
12193,0
2131,0
24525,0
9548,0
26338,0
14165,0
5502,0
3569,0
28553,0
18419,0
20381,1
26644,0
28209,1
13513,0
14380,0
18159,0
24309,0
18559,0
29805,0
18623,0
28858,0
19487,0
1983,0
3091,0
1251,1
9730,0
13111,0
24110,1
25548,0
17551,0
21457,0
22904,0
16767,1
1059,1
7736,1
25971,0
10129,1
28841,0
17047,1
23948,0
6793,0
10072,0
14374,0
21144,0
10172,0
6444,0
29762,0
19507,1
16216,1
28966,0
20507,0
22721,0
7630,0
17417,0
28171,1
25898,1
22883,0
27106,1
21754,0
24391,0
28448,1
9733,0
13928,0
15036,0
12994,0
17523,0
7886,0
12186,0
26179,0
27846,0
13101,0
3332,0
10208,0
5176,0
1852,0
28756,0
7576,0
14857,0
5008,0
14072,0
15135,0
25039,0
1328,0
19143,0
10686,0
6551,0
12464,0
26596,1
13249,0
225,0
12822,1
27073,0
15626,0
1809,0
13154,0
10063,1
29775,1
23194,0
20333,0
1019,0
16157,1
22083,0
9155,0
4172,0
14684,0
2878,0
1447,0
14130,0
23116,0
24298,0
4756,0
7477,0
14983,0
29658,0
14534,0
20490,0
13947,0
20842,0
2270,0
22500,1
11297,0
18225,0
20002,0
12612,1
2110,1
16607,0
25069,0
1313,0
12219,0
1510,0
14726,0
6152,1
7701,0
8167,1
16539,0
24394,0
23395,1
14323,0
12927,0
16705,1
27989,1
25308,0
6723,0
19008,1
24876,0
22919,0
13888,1
19420,0
7397,1
17836,0
1282,0
22884,0
17921,0
22683,0
432,0
17751,0
10384,0
16756,0
23129,0
7040,0
29686,0
28100,0
20903,0
26832,0
5191,1
27731,1
26354,1
4634,1
27591,0
4154,0
22977,0
18652,0
9650,0
5584,0
2764,0
15291,0
8210,1
12705,0
24199,0
22796,0
28958,0
25914,0
27977,0
12671,0
4781,0
13193,0
12074,0
29508,0
12867,0
4550,0
19345,0
26872,0
5524,0
27198,0
24737,1
22295,1
627,0
22220,0
3419,0
14443,1
20681,1
28701,1
16461,0
29303,0
18992,0
1897,0
18602,0
3272,0
21633,1
23048,0
13285,0
12971,0
10855,0
10492,0
13208,0
25038,0
24034,0
24148,1
25737,1
18621,1
25324,0
16396,0
23884,0
25186,0
2530,1
21668,0
17499,1
20484,0
29679,0
29098,0
19329,0
29801,0
24522,1
23803,0
19199,0
4278,0
227,0
12719,0
20777,0
11146,0
29871,1
12755,0
4755,1
732,0
21794,0
7020,0
6974,0
29748,0
26014,0
11252,0
24965,0
2319,0
16127,0
26239,0
9324,0
11993,0
22166,0
21808,0
27469,1
13012,0
15638,0
1176,0
992,0
24483,0
22116,0
8931,1
13962,0
22153,1
21691,0
19740,0
5529,0
25264,0
21758,0
12572,0
28689,1
24698,0
7423,0
14624,0
11061,0
3882,0
5968,1
713,0
22049,0
18377,1
11017,0
16841,1
10466,0
29,0
7759,0
28687,0
19028,0
19790,0
20142,1
18313,1
10806,0
9624,0
12334,0
8131,0
26035,1
27326,0
18966,0
28702,0
17313,0
16859,1
20452,0
12851,0
10697,0
12029,0
23378,0
18562,0
18282,1
4416,0
12263,0
28713,0
22489,0
26484,0
28184,0
24218,0
1011,0
14866,0
6115,0
1015,0
15924,0
336,0
11112,0
4777,0
20153,1
10502,1
10981,1
7199,0
28842,0
3973,0
4625,0
28469,0
28125,0
22354,1
24859,0
7364,0
8854,0
5336,1
12128,0
6166,1
18831,1
23725,0
27428,0
7184,0
19956,0
11463,0
6145,0
14492,0
17918,1
20980,0
15703,0
18407,1
23825,0
29133,0
6499,0
6729,0
1938,0
25961,1
10900,1
3370,0
4589,0
25188,0
8805,1
22189,0
23769,0
22676,0
49,0
20167,0
10052,0
17079,1
13311,0
16990,0
8739,0
15989,0
27149,0
28894,1
16206,0
16057,0
22655,0
11640,0
963,0
4510,0
28795,0
21171,0
18241,0
28901,1
25701,0
1271,0
15170,1
13177,1
26140,0
13438,0
12397,0
17255,0
14307,0
1998,0
4050,0
7570,0
18983,0
21061,1
21994,1
13039,0
949,0
14696,1
9231,0
17786,0
18805,1
13956,0
6272,0
7553,0
18768,0
4827,0
12192,0
606,0
16590,1
20067,0
6751,1
2694,0
4713,0
14623,0
7649,0
24940,1
18504,0
21350,0
21653,1
25675,0
14351,0
6108,1
6376,1
11012,1
10916,1
19911,0
7592,1
5935,0
6530,0
20486,0
17955,0
3825,0
24404,0
27568,0
15337,0
17579,0
21797,1
8685,0
12234,0
16829,0
7842,0
19153,1
27908,0
24173,0
2293,1
24301,0
29405,0
20587,0
10967,0
29707,0
12937,0
6361,0
6830,0
52,0
10851,0
19433,0
21685,0
3279,0
16826,1
20535,0
13139,0
1959,0
15149,0
21823,0
8768,0
6936,0
9301,1
3769,0
16316,0
28348,0
15241,0
7371,0
17425,0
4354,0
13752,0
2494,0
11625,0
16601,0
23348,0
2268,0
18629,0
5478,0
21897,1
29283,0
18752,0
6250,0
6044,1
28050,0
1341,0
3962,1
9869,0
5781,0
17889,0
6930,0
25067,1
16205,0
8756,0
3048,0
20774,0
14248,0
10160,1
28591,1
28399,0
17199,0
28897,0
26010,0
27247,0
5954,0
29234,0
29202,1
19198,1
15367,0
21561,1
24106,0
3499,1
19286,0
10331,1
16424,0
14514,0
3915,1
10946,0
13788,1
7217,0
1766,1
2980,0
26543,0
16177,0
631,0
22571,0
8759,1
16183,1
16902,1
19988,1
16040,1
23747,0
9732,0
16996,0
8134,1
12790,0
28302,0
20779,0
3676,0
20360,1
2133,1
19735,0
10546,1
4055,0
11136,0
24814,0
5986,0
26406,0
17808,1
19553,0
4787,0
15339,0
18653,0
27509,1
15843,1
8148,0
4973,0
2434,1
18295,0
1832,0
9636,0
20821,1
13140,0
20734,1
4789,1
9701,1
25980,0
27961,0
22178,0
28909,0
2345,0
16274,0
29503,0
6949,0
28934,1
14406,0
21444,1
15454,0
359,0
17362,0
22314,0
23236,0
27053,0
1412,0
8193,0
4715,0
10589,1
10977,0
26513,0
19445,0
4655,0
23682,0
10400,0
9872,0
6539,0
8622,0
13821,1
19558,0
25516,0
10242,0
1195,0
1896,0
9752,0
27845,0
25464,0
7449,0
18715,0
3545,0
7274,0
2796,0
1454,0
12865,0
2579,0
24138,0
16290,1
24539,0
25461,1
1438,0
27022,1
17988,1
11662,0
25924,0
5266,0
14844,0
26722,1
3069,0
9692,0
12775,0
18904,1
15567,0
15497,0
27625,0
815,0
19316,0
16930,1
6677,0
8741,0
251,0
18514,0
13138,1
616,0
557,0
11912,0
11848,0
7369,1
4722,0
29222,1
10941,1
11906,1
15716,0
2590,0
28950,0
29742,0
20633,0
18654,0
72,0
8384,1
26165,1
22281,0
23027,0
13301,0
17277,0
18152,0
20662,0
343,0
4100,0
26329,0
3852,0
5722,1
16764,0
22246,1
21568,1
21184,0
16470,1
26755,0
29352,0
28651,1
17723,0
20108,0
5617,0
358,0
8641,0
27374,0
5799,0
1871,0
3052,0
3842,0
8924,0
16233,0
19451,1
13341,0
12290,1
5928,1
19129,0
9314,0
7877,1
1500,0
12321,0
8166,1
7932,0
545,0
17905,1
27818,1
4320,0
8778,0
3785,0
14121,0
29253,1
26976,0
20974,1
2652,0
27618,0
3175,0
28725,0
1714,0
245,0
22117,0
2707,0
27367,1
16822,1
24937,0
6629,0
17566,0
16179,1
2893,0
10540,1
11227,1
17556,1
6357,0
22850,0
12119,0
17812,1
18748,0
8440,1
3516,0
7806,0
6203,0
14785,0
23586,0
5275,0
17651,0
10931,0
13881,0
7564,0
127,1
24897,0
15866,1
16692,0
27449,0
18774,0
5043,0
13023,0
26814,0
3040,0
15965,0
14917,0
8848,0
23323,1
4103,1
25346,0
22204,0
1386,0
4585,0
17626,0
5238,0
23848,0
17708,0
8934,0
29210,1
26606,0
22470,0
13125,1
13695,0
17631,1
8956,0
18328,0
5300,0
12793,1
5108,0
19925,0
14521,1
14255,0
10184,0
26294,1
29802,0
11424,1
3725,0
2970,0
15276,0
937,0
20219,0
350,0
25351,1
13781,0
9100,1
24482,1
20168,0
1477,0
23659,0
29334,0
3466,0
15090,0
18664,0
10983,0
27759,0
28589,0
18200,1
16339,0
16665,0
13293,0
9962,0
27357,0
11769,0
21121,0
19423,0
194,0
6706,0
19778,0
5933,0
837,0
16145,1
10009,0
3155,1
13403,0
14973,0
7688,1
20923,0
1327,0
4392,0
9218,0
17672,1
24009,0
9150,0
12371,0
26504,1
20772,0
13040,0
10433,0
2894,1
15500,0
709,0
10142,0
24358,0
18796,0
9153,0
10379,0
9997,0
10382,1
16707,0
24340,0
25547,1
29615,0
18510,1
11805,0
28151,0
10744,1
7325,0
4875,0
15387,0
29674,0
28645,1
17102,0
26500,1
5143,0
16683,0
29698,1
25922,0
14253,1
4447,1
14018,0
863,0
29835,0
4387,0
19416,0
21829,1
5519,0
2760,0
23922,0
8370,0
22719,0
13351,0
14403,0
29951,0
10991,1
9458,0
4967,0
14542,0
1625,1
26293,0
14289,0
20884,1
29925,0
1682,0
6300,0
23775,0
11425,1
15675,0
7112,0
3405,0
6600,0
26142,0
29173,0
8018,0
4821,0
23969,0
14789,0
27675,1
25388,0
23554,0
2627,0
12724,1
6211,0
156,0
21377,0
9721,0
28786,0
20286,0
9369,1
20559,0
26232,0
10971,0
939,0
12523,0
21252,0
13256,0
14997,0
23548,0
22337,0
16016,1
2201,0
15658,0
4312,0
20030,0
6914,0
26379,0
19391,0
27631,0
7380,0
21453,0
25858,0
17947,0
13567,1
1152,1
11015,0
10709,0
8239,0
5611,0
13640,0
27205,1
15781,0
26883,0
14979,1
11593,0
22021,0
27632,0
6504,0
8040,0
14591,0
7547,0
1334,1
25834,0
12539,0
13743,0
14457,0
22605,0
5379,1
18383,1
28110,0
14661,0
26631,0
18531,0
2957,0
2207,0
3395,0
13089,0
10787,0
27363,1
3930,1
7500,1
5753,0
23280,0
26290,1
4335,1
21173,0
24294,0
2143,1
5976,0
17018,0
21781,0
8843,0
3654,0
22439,0
12953,0
9122,0
1928,0
14781,0
17476,0
26227,0
12032,1
15381,0
25148,0
23864,1
20791,1
1939,0
25415,0
29077,1
26144,1
20046,0
16918,0
4629,0
22702,0
28807,0
9722,0
17234,1
6087,0
6209,0
22607,1
383,1
7293,0
20740,1
12910,1
13424,1
22773,0
17241,1
7600,0
10413,0
5745,0
23728,0
10282,0
3036,0
18106,0
25052,0
15177,0
8448,1
18819,0
29641,0
15807,0
3471,0
19522,0
29785,0
7928,0
17033,1
22136,0
906,1
25020,0
3240,1
16546,1
15722,0
28011,0
24177,1
16648,0
22858,1
29817,0
13697,0
17802,0
16951,1
4247,0
20579,1
28975,0
5969,1
11802,0
22468,0
9401,0
10836,0
25390,0
15394,0
10668,1
6261,0
22142,0
19379,0
2045,0
3437,0
3451,0
11464,1
5666,1
1169,0
3745,0
15224,0
10205,1
29032,0
27651,0
15873,0
17491,0
8176,0
13161,0
14310,0
4724,1
14455,0
12218,0
3181,0
21466,0
11920,0
10738,0
18710,0
28149,0
28613,0
2195,0
29073,1
1979,1
13516,0
18434,1
9507,0
2653,0
19499,0
27455,1
5754,1
25757,0
19152,1
20540,0
14995,0
17078,0
1727,1
19615,0
3449,1
14575,0
22001,0
28768,0
28804,0
9704,0
11531,0
12094,0
15523,0
18240,0
28105,0
24151,0
3212,0
4220,1
453,0
26977,0
24913,0
20464,0
27817,0
16442,1
7117,0
16156,0
22431,0
14023,0
18037,0
18318,0
151,0
8241,1
913,0
2751,1
23963,0
26842,0
7119,0
26837,0
29663,0
22250,0
13158,0
29665,0
9800,0
3094,0
7633,0
16231,1
23841,0
9892,0
12555,1
27748,0
12421,0
16178,1
16594,0
7243,1
3377,0
9472,0
18513,0
8782,1
26751,0
15119,0
3408,0
5876,0
15485,0
15236,0
18792,0
11354,1
974,1
2361,0
1108,1
20207,0
18293,0
19612,0
18751,0
10959,0
28726,0
11109,0
11021,1
29425,0
28848,1
6388,0
6895,0
22949,0
22044,0
3898,0
28427,0
11364,0
19060,0
11453,0
9544,0
9361,0
3880,0
13324,0
9358,1
636,0
11327,1
2724,0
27018,1
1066,0
14517,0
15056,0
10528,0
15894,0
25481,0
11829,0
17938,0
13241,0
21300,0
18340,0
13585,0
12729,0
17423,0
132,0
3733,0
14472,0
27383,0
28733,1
19220,0
24987,0
1519,0
10220,0
3608,0
14574,1
18606,0
27937,0
14989,0
26220,1
3573,0
17660,0
7076,0
19211,0
28464,0
6934,0
7358,0
28477,0
11817,0
27503,0
14826,0
13844,0
25802,0
4425,0
28142,0
8227,0
11819,0
29599,0
8217,0
18202,0
17358,0
25338,0
27212,0
22157,1
17037,1
22575,0
28020,1
9195,0
20383,0
27689,0
19684,0
4321,0
29922,0
28754,0
29260,1
18494,1
8088,1
23407,0
29930,0
17742,0
17339,0
15565,1
23739,1
2210,0
10182,1
1196,0
9347,0
19869,0
1444,1
28580,0
450,1
1410,0
18388,0
6386,0
14516,0
9734,0
4727,0
12504,0
955,0
28834,0
23801,1
10838,0
6639,0
4122,0
9967,0
6413,1
3528,0
17925,0
23621,1
7662,0
5245,0
28044,1
10065,0
12704,0
25272,0
22611,0
11870,0
17710,0
19095,1
19033,0
22906,0
13740,0
22959,0
25948,0
25228,0
28451,1
393,0
15374,1
22222,0
21311,0
18886,1
25071,0
9156,0
26906,0
292,0
10538,0
9108,0
1014,0
10344,0
18565,0
26632,1
2577,0
7176,0
20213,0
1831,0
23855,0
21942,0
24910,0
22713,0
19259,0
23058,0
26798,0
7428,1
16551,0
13862,0
5078,1
27410,0
3236,0
15359,1
15274,0
2851,1
25771,0
3509,0
7639,0
12944,0
13074,1
25433,0
17354,0
16152,0
2946,1
1779,0
24029,0
19000,1
22900,0
850,0
2754,0
11456,0
25045,1
6845,0
12195,0
13337,0
25125,0
27494,1
47,1
944,0
23248,1
20264,1
5768,1
11046,0
1542,0
13837,0
19044,1
1372,0
19092,1
5570,0
381,1
2631,1
4573,1
1146,1
3970,1
17186,0
22169,0
11989,0
20797,0
26544,0
26236,1
12480,0
7223,1
10229,0
470,1
20425,0
3167,0
15146,1
21310,0
15771,0
13852,0
24407,1
3126,0
19130,0
12616,0
12188,0
3782,0
23860,0
24185,0
9182,0
28767,0
21767,0
19462,0
22557,0
1698,0
9956,0
15812,0
1119,0
23444,1
2551,1
27551,1
20453,0
8349,0
26879,0
23098,1
17383,0
25143,0
21962,1
19350,0
12853,0
15683,0
15028,0
13182,0
8030,0
9645,0
21870,0
6889,1
27943,0
1687,0
19024,0
25753,0
16089,0
12535,0
15335,0
18327,0
13340,1
9709,0
5516,0
1695,0
2168,0
19225,0
21088,0
6281,0
10046,0
4695,1
4918,0
1082,0
16110,0
10312,0
19040,1
14345,1
25124,1
6306,0
26048,1
20032,0
23553,0
18082,0
28126,0
7822,0
24207,1
5129,0
24345,0
26741,1
26946,0
10536,0
23912,0
3139,1
11698,0
8555,0
26627,1
26601,0
26714,1
16162,1
8470,0
1227,0
6470,0
13238,0
13564,0
27454,0
27995,0
26051,0
20737,1
15034,0
5522,0
22335,0
1182,1
20338,0
2046,0
18642,0
4360,0
13118,0
6837,0
4769,0
19534,1
29584,0
14234,0
4270,0
2259,0
1186,1
26525,0
8793,0
860,0
22143,1
15598,0
4137,0
11597,0
7735,0
25408,0
28362,0
6164,0
7426,0
10585,0
21199,1
2375,0
17755,0
21707,0
22828,1
19454,0
3219,0
19810,0
24114,0
17021,1
399,0
21765,0
20561,0
14171,1
21990,0
5895,0
19475,0
15499,0
5797,0
13847,0
13020,1
28390,0
14962,1
12587,0
4180,0
1806,0
6972,0
29195,0
7665,0
23104,1
12050,0
13712,1
4627,0
24530,0
23873,0
24496,0
11449,0
736,0
15362,0
17952,0
16499,1
16980,1
29781,0
20564,0
20782,1
11588,0
6269,0
1986,0
29235,1
27730,0
20962,0
8634,0
22814,0
3614,0
11271,0
22005,0
8992,1
344,0
27926,1
2642,0
1250,0
6526,1
867,0
7863,1
19533,1
20080,0
24760,0
22941,0
20780,1
7651,0
9693,1
25250,0
26278,0
10651,0
11564,0
15580,0
19272,0
9651,0
10679,0
22612,0
20857,0
29570,0
24243,0
6631,1
12974,0
23988,0
23722,0
29402,0
29101,0
23714,0
6442,1
6118,1
17169,0
7447,1
26325,0
27325,1
8336,0
18450,0
1162,0
1469,1
15196,0
10937,1
13205,0
8410,0
22301,0
19215,0
1471,1
28034,0
26463,0
4849,1
25719,1
28524,0
19639,0
12752,0
3623,0
29000,0
20339,0
5425,0
15209,0
3389,1
6151,1
408,0
13149,0
20344,1
4021,0
24080,0
1006,0
15110,1
8358,0
20773,0
5349,0
20713,0
300,0
8932,0
24262,0
28582,0
5564,0
12237,0
20702,0
22562,0
2109,0
16706,0
20181,0
22280,0
26121,0
16738,0
5053,0
16163,0
7851,1
13989,1
17637,1
10477,1
13722,1
3113,0
28286,0
20849,0
22328,0
8001,1
1476,0
10693,0
24636,0
25762,0
7903,0
25405,0
10019,1
8850,1
10639,0
13786,0
14676,0
27970,0
12349,0
9267,0
26825,0
26846,0
3216,0
16529,1
5523,0
4147,0
14014,0
25698,1
16894,0
28837,0
126,0
17287,0
15739,1
26306,0
7821,0
18145,1
27871,0
23583,0
25493,0
23944,0
10293,0
13598,0
27608,0
15810,1
22742,0
754,0
29033,0
27947,0
18809,0
7797,1
5091,1
21246,1
10985,0
17949,0
17301,0
658,0
2876,0
6215,0
20372,0
23815,0
3985,0
4599,0
5321,0
20909,0
1748,0
18054,0
29638,0
24232,1
29223,1
24192,0
29773,0
7313,0
483,0
9857,0
693,0
2461,1
9058,0
11957,1
27737,0
18306,0
25569,0
9788,0
22541,0
4531,0
14340,1
17968,0
3918,0
3928,0
9223,0
6794,0
9579,0
12470,0
25708,0
24166,1
20848,0
17671,0
29490,1
11650,0
11299,0
745,0
4831,0
703,1
20837,1
14897,0
18938,1
14053,0
8927,0
8184,1
26319,0
28287,0
24956,0
6170,0
8698,0
4075,0
27030,0
9585,0
8750,0
13631,1
17666,0
25538,0
29629,0
15252,0
15078,0
6325,0
15620,0
11244,0
14944,0
3098,0
10445,0
16963,0
19678,0
28316,0
7436,0
21838,0
15761,0
18655,1
19997,0
7378,0
15444,0
29386,0
19826,0
11517,0
3585,0
27589,1
14934,0
22211,0
8253,0
19221,0
914,0
19023,0
19194,0
12422,0
8993,0
29751,0
28843,0
23915,0
57,0
23120,0
18392,0
25612,0
3082,0
17344,0
8674,0
29837,0
20743,0
15945,1
23762,0
10873,0
17324,0
17898,1
17172,0
6393,0
26871,1
25863,1
25598,0
23416,0
25504,0
24276,0
5659,0
174,0
23876,0
24719,0
10534,1
282,0
12307,0
24357,0
10448,0
20545,0
590,0
20843,0
5189,1
17560,0
23942,1
23065,0
12839,0
24083,0
25520,0
14608,0
22843,0
24675,1
28595,0
10705,1
15414,0
2381,0
27211,1
13353,0
4928,0
24829,0
28029,0
10354,0
15813,0
6410,1
29184,0
24470,0
25510,0
13006,0
29864,0
2325,0
5667,1
27806,1
12696,1
29769,0
4155,0
1063,0
10948,0
2439,0
2098,1
18418,0
9891,1
3506,0
5401,0
7648,0
25735,0
6438,0
29522,0
13591,0
22,1
4547,0
2797,0
17931,1
29393,0
7988,0
12810,0
14594,0
13067,0
9353,0
4191,1
2455,0
1841,1
17429,0
12740,0
8242,0
28517,0
24728,1
16032,0
2274,0
3527,0
14158,0
21745,0
23917,1
16667,1
16309,0
